order_id,order_date,customer_id,product_id,quantity,price,region,revenue
O000001,2025-12-01,C0331,P014,2,1059.0,South,2118.0
O000002,2026-06-03,C0105,P014,3,1059.0,West,3177.0
O000003,2025-05-17,C0404,P013,1,797.0,West,797.0
O000004,2026-05-13,C0404,P004,1,680.0,West,680.0
O000005,2026-04-22,C0127,P013,3,797.0,West,2391.0
O000006,2025-08-11,C0265,P017,2,1000.0,West,2000.0
O000007,2026-01-07,C0200,P015,1,730.0,West,730.0
O000008,2026-02-06,C0252,P018,4,1129.0,South,4516.0
O000009,2026-03-19,C0015,P011,4,508.0,North,2032.0
O000010,2026-05-05,C0226,P004,1,680.0,North,680.0
O000011,2025-09-30,C0472,P020,2,410.0,West,820.0
O000012,2026-06-10,C0353,P011,4,508.0,East,2032.0
O000013,2025-06-08,C0105,P010,4,1132.0,West,4528.0
O000014,2025-06-01,C0233,P013,3,797.0,East,2391.0
O000015,2025-07-07,C0493,P008,2,729.0,South,1458.0
O000016,2025-04-08,C0319,P013,1,797.0,North,797.0
O000017,2025-05-11,C0488,P009,3,485.0,South,1455.0
O000018,2025-06-20,C0219,P001,3,31.0,East,93.0
O000019,2025-07-02,C0277,P001,3,31.0,West,93.0
O000020,2025-12-30,C0261,P015,2,730.0,East,1460.0
O000021,2025-02-08,C0381,P004,2,680.0,North,1360.0
O000022,2026-06-11,C0419,P020,2,410.0,East,820.0
O000023,2026-05-12,C0341,P001,1,31.0,South,31.0
O000024,2026-05-31,C0452,P012,2,66.0,East,132.0
O000025,2025-12-15,C0369,P011,3,508.0,North,1524.0
O000026,2026-02-01,C0432,P019,4,269.0,West,1076.0
O000027,2025-06-10,C0336,P015,1,730.0,North,730.0
O000028,2025-01-16,C0479,P010,1,1132.0,West,1132.0
O000029,2026-05-08,C0474,P001,1,31.0,West,31.0
O000030,2026-03-02,C0190,P003,3,358.0,North,1074.0
O000031,2025-04-18,C0372,P014,2,1059.0,North,2118.0
O000032,2026-03-26,C0419,P015,3,730.0,East,2190.0
O000033,2025-11-07,C0198,P001,4,31.0,West,124.0
O000034,2025-06-19,C0353,P010,2,1132.0,East,2264.0
O000035,2026-06-30,C0277,P001,2,31.0,West,62.0
O000036,2026-02-18,C0336,P015,1,730.0,North,730.0
O000037,2025-09-08,C0495,P003,1,358.0,South,358.0
O000038,2025-05-21,C0039,P020,3,410.0,East,1230.0
O000039,2025-10-01,C0162,P012,2,66.0,East,132.0
O000040,2026-02-20,C0490,P019,1,269.0,West,269.0
O000041,2025-02-08,C0121,P016,3,420.0,West,1260.0
O000042,2025-01-29,C0380,P008,4,729.0,South,2916.0
O000043,2026-04-22,C0399,P014,3,1059.0,West,3177.0
O000044,2025-11-14,C0262,P018,2,1129.0,West,2258.0
O000045,2025-09-02,C0450,P001,2,31.0,North,62.0
O000046,2025-09-29,C0216,P002,2,235.0,North,470.0
O000047,2026-03-16,C0312,P012,1,66.0,North,66.0
O000048,2025-08-27,C0049,P017,3,1000.0,East,3000.0
O000049,2026-01-12,C0092,P002,4,235.0,West,940.0
O000050,2025-09-23,C0129,P017,2,1000.0,North,2000.0
O000051,2025-12-25,C0321,P007,3,995.0,East,2985.0
O000052,2025-12-06,C0028,P006,1,393.0,East,393.0
O000053,2026-01-24,C0356,P006,4,393.0,East,1572.0
O000054,2025-01-03,C0148,P008,4,729.0,East,2916.0
O000055,2026-03-05,C0432,P005,4,1124.0,West,4496.0
O000056,2025-05-22,C0328,P015,1,730.0,East,730.0
O000057,2026-01-11,C0065,P007,2,995.0,South,1990.0
O000058,2025-11-20,C0218,P003,1,358.0,West,358.0
O000059,2025-05-26,C0051,P010,4,1132.0,West,4528.0
O000060,2025-10-20,C0427,P003,3,358.0,South,1074.0
O000061,2026-03-08,C0305,P014,4,1059.0,West,4236.0
O000062,2026-02-03,C0409,P003,3,358.0,West,1074.0
O000063,2025-12-10,C0074,P001,1,31.0,West,31.0
O000064,2025-05-20,C0460,P001,1,31.0,North,31.0
O000065,2025-07-06,C0425,P019,1,269.0,North,269.0
O000066,2025-03-02,C0199,P004,3,680.0,West,2040.0
O000067,2026-01-15,C0192,P002,1,235.0,West,235.0
O000068,2026-03-16,C0189,P011,2,508.0,East,1016.0
O000069,2025-11-15,C0012,P012,4,66.0,West,264.0
O000070,2025-10-29,C0239,P013,2,797.0,East,1594.0
O000071,2025-12-10,C0360,P016,3,420.0,East,1260.0
O000072,2025-01-11,C0081,P016,1,420.0,West,420.0
O000073,2025-03-03,C0453,P019,4,269.0,South,1076.0
O000074,2025-08-14,C0383,P020,1,410.0,East,410.0
O000075,2025-06-02,C0270,P020,1,410.0,South,410.0
O000076,2025-11-06,C0290,P009,4,485.0,East,1940.0
O000077,2025-08-31,C0048,P016,4,420.0,East,1680.0
O000078,2026-05-08,C0317,P007,2,995.0,South,1990.0
O000079,2026-01-01,C0209,P013,2,797.0,North,1594.0
O000080,2025-11-26,C0035,P004,2,680.0,West,1360.0
O000081,2025-04-17,C0119,P013,2,797.0,West,1594.0
O000082,2025-08-14,C0065,P008,2,729.0,South,1458.0
O000083,2025-08-06,C0315,P002,3,235.0,West,705.0
O000084,2026-05-21,C0242,P007,3,995.0,West,2985.0
O000085,2025-09-16,C0498,P011,1,508.0,North,508.0
O000086,2026-06-01,C0036,P017,1,1000.0,West,1000.0
O000087,2025-02-23,C0463,P014,2,1059.0,West,2118.0
O000088,2025-02-16,C0252,P013,1,797.0,South,797.0
O000089,2026-06-05,C0403,P015,3,730.0,East,2190.0
O000090,2025-04-09,C0243,P009,3,485.0,West,1455.0
O000091,2025-01-20,C0042,P003,1,358.0,South,358.0
O000092,2026-05-05,C0069,P013,2,797.0,North,1594.0
O000093,2026-02-23,C0403,P013,3,797.0,East,2391.0
O000094,2025-03-03,C0107,P009,4,485.0,South,1940.0
O000095,2025-05-25,C0039,P018,4,1129.0,East,4516.0
O000096,2025-08-04,C0069,P005,1,1124.0,North,1124.0
O000097,2025-01-03,C0180,P011,2,508.0,North,1016.0
O000098,2025-06-09,C0012,P002,1,235.0,West,235.0
O000099,2025-04-30,C0339,P017,2,1000.0,South,2000.0
O000100,2025-03-30,C0431,P020,2,410.0,North,820.0
O000101,2025-11-25,C0204,P004,4,680.0,West,2720.0
O000102,2025-12-23,C0036,P018,3,1129.0,West,3387.0
O000103,2025-09-24,C0126,P020,3,410.0,South,1230.0
O000104,2025-11-19,C0063,P008,1,729.0,West,729.0
O000105,2026-06-25,C0332,P019,1,269.0,West,269.0
O000106,2025-07-14,C0082,P012,2,66.0,East,132.0
O000107,2025-11-28,C0497,P011,3,508.0,East,1524.0
O000108,2025-06-19,C0307,P016,2,420.0,East,840.0
O000109,2026-06-05,C0496,P005,4,1124.0,South,4496.0
O000110,2026-04-08,C0299,P003,4,358.0,East,1432.0
O000111,2025-02-09,C0034,P012,2,66.0,West,132.0
O000112,2026-06-21,C0240,P015,2,730.0,North,1460.0
O000113,2025-09-18,C0097,P016,2,420.0,East,840.0
O000114,2026-01-30,C0049,P013,2,797.0,East,1594.0
O000115,2025-08-14,C0146,P007,2,995.0,North,1990.0
O000116,2025-05-04,C0125,P015,4,730.0,North,2920.0
O000117,2025-02-07,C0189,P003,4,358.0,East,1432.0
O000118,2025-11-24,C0057,P012,4,66.0,North,264.0
O000119,2025-09-08,C0349,P008,1,729.0,South,729.0
O000120,2025-06-25,C0109,P012,4,66.0,North,264.0
O000121,2026-03-30,C0005,P018,3,1129.0,North,3387.0
O000122,2025-02-06,C0473,P003,3,358.0,North,1074.0
O000123,2025-11-12,C0024,P012,2,66.0,South,132.0
O000124,2025-04-24,C0221,P002,4,235.0,East,940.0
O000125,2025-02-09,C0448,P014,2,1059.0,West,2118.0
O000126,2025-10-28,C0315,P014,2,1059.0,West,2118.0
O000127,2025-08-12,C0294,P004,3,680.0,South,2040.0
O000128,2025-11-14,C0417,P017,3,1000.0,South,3000.0
O000129,2025-12-15,C0010,P015,2,730.0,West,1460.0
O000130,2025-04-25,C0165,P016,3,420.0,North,1260.0
O000131,2025-11-19,C0481,P005,2,1124.0,East,2248.0
O000132,2025-02-09,C0215,P017,2,1000.0,West,2000.0
O000133,2025-02-09,C0126,P007,2,995.0,South,1990.0
O000134,2025-10-16,C0267,P015,1,730.0,East,730.0
O000135,2025-09-19,C0280,P017,3,1000.0,West,3000.0
O000136,2025-08-04,C0088,P012,3,66.0,East,198.0
O000137,2025-05-27,C0455,P011,4,508.0,North,2032.0
O000138,2025-12-02,C0114,P019,3,269.0,West,807.0
O000139,2025-06-17,C0021,P011,4,508.0,East,2032.0
O000140,2025-04-02,C0148,P002,2,235.0,East,470.0
O000141,2025-12-19,C0245,P015,1,730.0,North,730.0
O000142,2025-12-29,C0266,P005,2,1124.0,West,2248.0
O000143,2025-12-11,C0217,P018,2,1129.0,South,2258.0
O000144,2025-06-19,C0431,P016,2,420.0,North,840.0
O000145,2025-12-22,C0484,P004,4,680.0,East,2720.0
O000146,2025-07-10,C0240,P010,1,1132.0,North,1132.0
O000147,2026-02-26,C0431,P002,2,235.0,North,470.0
O000148,2025-01-07,C0399,P015,4,730.0,West,2920.0
O000149,2025-05-13,C0428,P004,2,680.0,West,1360.0
O000150,2025-01-31,C0232,P016,1,420.0,East,420.0
O000151,2026-06-19,C0232,P007,2,995.0,East,1990.0
O000152,2026-03-02,C0242,P012,2,66.0,West,132.0
O000153,2026-01-29,C0190,P003,3,358.0,North,1074.0
O000154,2025-12-29,C0390,P017,4,1000.0,West,4000.0
O000155,2026-03-13,C0229,P009,1,485.0,West,485.0
O000156,2025-03-23,C0066,P008,4,729.0,East,2916.0
O000157,2025-12-22,C0460,P006,3,393.0,North,1179.0
O000158,2025-09-15,C0378,P015,2,730.0,North,1460.0
O000159,2026-06-08,C0388,P010,1,1132.0,North,1132.0
O000160,2025-10-22,C0279,P006,1,393.0,West,393.0
O000161,2025-08-12,C0269,P015,4,730.0,South,2920.0
O000162,2026-06-09,C0209,P014,2,1059.0,North,2118.0
O000163,2025-02-15,C0415,P019,3,269.0,East,807.0
O000164,2025-04-23,C0016,P013,2,797.0,North,1594.0
O000165,2025-08-21,C0297,P014,4,1059.0,West,4236.0
O000166,2025-01-17,C0474,P003,1,358.0,West,358.0
O000167,2025-12-26,C0220,P004,1,680.0,West,680.0
O000168,2025-08-11,C0257,P014,2,1059.0,West,2118.0
O000169,2026-03-24,C0367,P014,2,1059.0,West,2118.0
O000170,2025-12-31,C0268,P008,2,729.0,West,1458.0
O000171,2025-11-22,C0229,P010,2,1132.0,West,2264.0
O000172,2026-04-12,C0119,P009,3,485.0,West,1455.0
O000173,2026-02-18,C0440,P014,3,1059.0,North,3177.0
O000174,2026-03-31,C0178,P008,3,729.0,South,2187.0
O000175,2025-08-21,C0020,P011,3,508.0,South,1524.0
O000176,2025-08-12,C0450,P010,4,1132.0,North,4528.0
O000177,2026-02-16,C0036,P018,1,1129.0,West,1129.0
O000178,2025-12-01,C0335,P004,1,680.0,North,680.0
O000179,2025-08-10,C0422,P004,4,680.0,West,2720.0
O000180,2025-02-06,C0406,P012,4,66.0,West,264.0
O000181,2025-10-05,C0108,P018,3,1129.0,West,3387.0
O000182,2025-07-15,C0189,P008,2,729.0,East,1458.0
O000183,2026-04-29,C0178,P003,1,358.0,South,358.0
O000184,2025-08-30,C0096,P018,4,1129.0,South,4516.0
O000185,2025-11-20,C0315,P007,2,995.0,West,1990.0
O000186,2025-07-11,C0020,P001,3,31.0,South,93.0
O000187,2025-01-17,C0164,P013,4,797.0,East,3188.0
O000188,2026-06-08,C0382,P003,1,358.0,East,358.0
O000189,2026-02-05,C0097,P003,1,358.0,East,358.0
O000190,2025-01-22,C0143,P015,1,730.0,South,730.0
O000191,2026-04-19,C0062,P019,4,269.0,South,1076.0
O000192,2025-04-30,C0242,P004,1,680.0,West,680.0
O000193,2025-07-29,C0238,P013,3,797.0,North,2391.0
O000194,2025-11-02,C0131,P013,1,797.0,South,797.0
O000195,2025-09-27,C0093,P015,3,730.0,West,2190.0
O000196,2025-10-12,C0495,P019,1,269.0,South,269.0
O000197,2025-08-15,C0091,P016,3,420.0,North,1260.0
O000198,2026-01-16,C0133,P007,4,995.0,North,3980.0
O000199,2026-04-05,C0123,P003,3,358.0,South,1074.0
O000200,2025-01-07,C0440,P020,4,410.0,North,1640.0
O000201,2025-01-29,C0415,P002,2,235.0,East,470.0
O000202,2025-02-02,C0342,P018,3,1129.0,South,3387.0
O000203,2025-03-20,C0419,P011,4,508.0,East,2032.0
O000204,2026-04-04,C0118,P001,2,31.0,North,62.0
O000205,2026-06-22,C0455,P016,1,420.0,North,420.0
O000206,2026-04-27,C0198,P017,2,1000.0,West,2000.0
O000207,2026-03-06,C0282,P016,3,420.0,South,1260.0
O000208,2025-10-12,C0374,P010,2,1132.0,East,2264.0
O000209,2026-05-31,C0001,P017,1,1000.0,South,1000.0
O000210,2025-04-09,C0211,P003,2,358.0,East,716.0
O000211,2026-02-01,C0263,P018,3,1129.0,North,3387.0
O000212,2026-05-04,C0420,P019,3,269.0,West,807.0
O000213,2025-02-08,C0332,P014,4,1059.0,West,4236.0
O000214,2025-09-28,C0212,P002,1,235.0,East,235.0
O000215,2025-06-06,C0087,P012,1,66.0,West,66.0
O000216,2025-03-16,C0153,P011,2,508.0,North,1016.0
O000217,2025-05-10,C0350,P017,1,1000.0,East,1000.0
O000218,2025-03-25,C0187,P006,3,393.0,West,1179.0
O000219,2025-01-22,C0061,P019,2,269.0,South,538.0
O000220,2026-04-04,C0285,P013,4,797.0,East,3188.0
O000221,2026-06-23,C0095,P007,2,995.0,West,1990.0
O000222,2026-01-17,C0274,P011,2,508.0,West,1016.0
O000223,2026-03-16,C0041,P007,4,995.0,North,3980.0
O000224,2025-01-21,C0147,P013,2,797.0,East,1594.0
O000225,2025-10-30,C0246,P013,1,797.0,West,797.0
O000226,2025-03-25,C0132,P001,2,31.0,North,62.0
O000227,2026-03-29,C0449,P019,2,269.0,South,538.0
O000228,2026-01-22,C0297,P019,2,269.0,West,538.0
O000229,2026-05-22,C0123,P015,3,730.0,South,2190.0
O000230,2025-09-14,C0143,P014,3,1059.0,South,3177.0
O000231,2026-06-11,C0182,P003,1,358.0,North,358.0
O000232,2025-06-11,C0192,P020,4,410.0,West,1640.0
O000233,2025-06-12,C0456,P004,3,680.0,South,2040.0
O000234,2026-06-08,C0399,P007,3,995.0,West,2985.0
O000235,2025-09-28,C0207,P001,1,31.0,North,31.0
O000236,2026-05-07,C0434,P019,1,269.0,North,269.0
O000237,2025-07-27,C0231,P003,4,358.0,West,1432.0
O000238,2026-06-23,C0022,P020,2,410.0,North,820.0
O000239,2025-03-01,C0402,P015,2,730.0,West,1460.0
O000240,2026-03-06,C0080,P013,4,797.0,North,3188.0
O000241,2025-11-05,C0130,P014,4,1059.0,East,4236.0
O000242,2026-06-04,C0292,P007,4,995.0,North,3980.0
O000243,2025-01-27,C0276,P001,1,31.0,East,31.0
O000244,2025-07-18,C0400,P013,2,797.0,West,1594.0
O000245,2026-01-22,C0323,P004,4,680.0,East,2720.0
O000246,2025-12-15,C0376,P012,4,66.0,South,264.0
O000247,2026-06-20,C0414,P007,2,995.0,East,1990.0
O000248,2026-01-13,C0055,P002,2,235.0,East,470.0
O000249,2026-06-11,C0066,P017,1,1000.0,East,1000.0
O000250,2025-06-02,C0227,P001,3,31.0,West,93.0
O000251,2025-07-25,C0026,P014,3,1059.0,West,3177.0
O000252,2026-03-31,C0441,P001,1,31.0,North,31.0
O000253,2025-09-30,C0253,P003,1,358.0,West,358.0
O000254,2025-08-24,C0197,P011,2,508.0,West,1016.0
O000255,2026-06-05,C0130,P007,1,995.0,East,995.0
O000256,2026-05-16,C0243,P009,1,485.0,West,485.0
O000257,2025-04-27,C0312,P003,4,358.0,North,1432.0
O000258,2026-01-21,C0212,P001,1,31.0,East,31.0
O000259,2025-12-10,C0190,P019,1,269.0,North,269.0
O000260,2026-01-30,C0290,P002,4,235.0,East,940.0
O000261,2025-03-05,C0226,P005,2,1124.0,North,2248.0
O000262,2025-03-13,C0246,P017,2,1000.0,West,2000.0
O000263,2025-10-01,C0056,P019,1,269.0,West,269.0
O000264,2025-11-16,C0055,P005,1,1124.0,East,1124.0
O000265,2025-12-04,C0276,P014,3,1059.0,East,3177.0
O000266,2026-01-01,C0306,P010,4,1132.0,West,4528.0
O000267,2026-05-10,C0409,P007,3,995.0,West,2985.0
O000268,2025-06-15,C0340,P008,1,729.0,North,729.0
O000269,2026-06-28,C0153,P008,3,729.0,North,2187.0
O000270,2025-01-11,C0053,P007,3,995.0,West,2985.0
O000271,2025-10-28,C0398,P013,2,797.0,South,1594.0
O000272,2025-04-12,C0444,P014,4,1059.0,South,4236.0
O000273,2026-03-01,C0111,P019,2,269.0,South,538.0
O000274,2026-01-27,C0492,P011,2,508.0,East,1016.0
O000275,2025-08-02,C0427,P002,3,235.0,South,705.0
O000276,2025-03-29,C0491,P017,4,1000.0,South,4000.0
O000277,2026-02-05,C0446,P006,1,393.0,West,393.0
O000278,2025-02-15,C0487,P009,4,485.0,North,1940.0
O000279,2026-04-08,C0204,P019,2,269.0,West,538.0
O000280,2025-11-06,C0112,P005,3,1124.0,North,3372.0
O000281,2025-03-27,C0325,P009,1,485.0,West,485.0
O000282,2025-04-02,C0447,P007,2,995.0,West,1990.0
O000283,2025-08-30,C0258,P004,3,680.0,East,2040.0
O000284,2025-01-02,C0438,P018,2,1129.0,West,2258.0
O000285,2025-08-13,C0016,P018,3,1129.0,North,3387.0
O000286,2025-04-26,C0439,P020,4,410.0,West,1640.0
O000287,2025-04-13,C0350,P017,2,1000.0,East,2000.0
O000288,2025-07-13,C0495,P004,4,680.0,South,2720.0
O000289,2025-06-15,C0427,P016,4,420.0,South,1680.0
O000290,2025-03-31,C0445,P005,3,1124.0,West,3372.0
O000291,2025-05-02,C0166,P009,1,485.0,West,485.0
O000292,2025-05-23,C0301,P002,4,235.0,North,940.0
O000293,2025-04-16,C0382,P002,2,235.0,East,470.0
O000294,2026-03-04,C0435,P004,2,680.0,North,1360.0
O000295,2025-11-01,C0426,P020,3,410.0,East,1230.0
O000296,2025-11-13,C0280,P020,4,410.0,West,1640.0
O000297,2025-01-09,C0371,P017,1,1000.0,North,1000.0
O000298,2025-03-14,C0158,P020,1,410.0,West,410.0
O000299,2025-12-25,C0421,P019,2,269.0,West,538.0
O000300,2025-08-11,C0249,P003,3,358.0,West,1074.0
O000301,2026-02-20,C0379,P005,4,1124.0,West,4496.0
O000302,2026-01-05,C0181,P010,2,1132.0,South,2264.0
O000303,2025-09-21,C0191,P006,3,393.0,North,1179.0
O000304,2025-11-14,C0487,P003,1,358.0,North,358.0
O000305,2025-03-25,C0139,P017,2,1000.0,South,2000.0
O000306,2025-11-14,C0078,P010,3,1132.0,North,3396.0
O000307,2025-04-21,C0407,P012,1,66.0,South,66.0
O000308,2025-09-08,C0373,P001,3,31.0,North,93.0
O000309,2026-01-18,C0336,P018,2,1129.0,North,2258.0
O000310,2025-01-07,C0050,P019,4,269.0,North,1076.0
O000311,2026-04-04,C0085,P020,3,410.0,South,1230.0
O000312,2025-03-25,C0183,P004,4,680.0,West,2720.0
O000313,2025-07-27,C0183,P015,2,730.0,West,1460.0
O000314,2026-01-25,C0004,P009,1,485.0,East,485.0
O000315,2025-11-10,C0481,P006,3,393.0,East,1179.0
O000316,2025-01-22,C0438,P012,1,66.0,West,66.0
O000317,2026-02-14,C0317,P018,4,1129.0,South,4516.0
O000318,2026-05-30,C0111,P015,4,730.0,South,2920.0
O000319,2025-05-07,C0334,P019,1,269.0,North,269.0
O000320,2025-01-14,C0339,P009,2,485.0,South,970.0
O000321,2025-01-12,C0251,P013,4,797.0,South,3188.0
O000322,2025-03-28,C0133,P016,2,420.0,North,840.0
O000323,2026-06-08,C0100,P013,1,797.0,North,797.0
O000324,2026-06-21,C0479,P001,1,31.0,West,31.0
O000325,2025-10-28,C0493,P018,4,1129.0,South,4516.0
O000326,2025-08-31,C0402,P003,1,358.0,West,358.0
O000327,2025-05-02,C0172,P017,2,1000.0,North,2000.0
O000328,2025-05-27,C0287,P005,2,1124.0,South,2248.0
O000329,2025-12-22,C0119,P006,3,393.0,West,1179.0
O000330,2025-11-05,C0350,P017,4,1000.0,East,4000.0
O000331,2025-10-15,C0405,P017,3,1000.0,South,3000.0
O000332,2025-11-03,C0175,P001,2,31.0,East,62.0
O000333,2025-12-18,C0030,P007,4,995.0,North,3980.0
O000334,2025-11-08,C0055,P016,1,420.0,East,420.0
O000335,2025-02-28,C0361,P005,1,1124.0,South,1124.0
O000336,2025-02-04,C0196,P016,1,420.0,South,420.0
O000337,2026-03-21,C0453,P004,2,680.0,South,1360.0
O000338,2025-04-03,C0041,P011,2,508.0,North,1016.0
O000339,2025-07-26,C0173,P014,1,1059.0,East,1059.0
O000340,2025-12-19,C0330,P013,3,797.0,North,2391.0
O000341,2025-11-28,C0219,P008,3,729.0,East,2187.0
O000342,2025-06-08,C0208,P020,4,410.0,East,1640.0
O000343,2025-01-24,C0158,P015,4,730.0,West,2920.0
O000344,2026-02-08,C0333,P018,1,1129.0,North,1129.0
O000345,2026-05-31,C0228,P007,2,995.0,South,1990.0
O000346,2025-12-30,C0085,P019,2,269.0,South,538.0
O000347,2026-01-17,C0173,P009,4,485.0,East,1940.0
O000348,2026-06-16,C0245,P011,1,508.0,North,508.0
O000349,2025-06-01,C0360,P010,4,1132.0,East,4528.0
O000350,2026-02-24,C0173,P014,3,1059.0,East,3177.0
O000351,2025-09-07,C0335,P016,1,420.0,North,420.0
O000352,2025-04-27,C0212,P008,1,729.0,East,729.0
O000353,2026-05-27,C0084,P001,1,31.0,North,31.0
O000354,2025-12-01,C0173,P012,3,66.0,East,198.0
O000355,2026-02-22,C0183,P003,1,358.0,West,358.0
O000356,2025-10-22,C0443,P002,4,235.0,South,940.0
O000357,2026-01-06,C0133,P016,3,420.0,North,1260.0
O000358,2025-07-05,C0380,P004,2,680.0,South,1360.0
O000359,2025-09-03,C0288,P002,4,235.0,East,940.0
O000360,2025-09-25,C0262,P012,4,66.0,West,264.0
O000361,2025-08-25,C0350,P017,4,1000.0,East,4000.0
O000362,2026-06-14,C0282,P020,3,410.0,South,1230.0
O000363,2025-01-21,C0293,P010,4,1132.0,West,4528.0
O000364,2026-06-04,C0269,P020,3,410.0,South,1230.0
O000365,2025-04-10,C0349,P008,1,729.0,South,729.0
O000366,2026-04-23,C0197,P018,2,1129.0,West,2258.0
O000367,2025-10-25,C0025,P018,1,1129.0,South,1129.0
O000368,2026-06-10,C0141,P018,4,1129.0,West,4516.0
O000369,2025-11-30,C0472,P002,3,235.0,West,705.0
O000370,2025-01-02,C0223,P012,3,66.0,North,198.0
O000371,2026-01-10,C0020,P010,1,1132.0,South,1132.0
O000372,2025-10-20,C0247,P008,4,729.0,South,2916.0
O000373,2025-11-14,C0328,P019,2,269.0,East,538.0
O000374,2026-05-17,C0444,P010,3,1132.0,South,3396.0
O000375,2026-01-16,C0201,P011,3,508.0,East,1524.0
O000376,2025-01-14,C0405,P014,4,1059.0,South,4236.0
O000377,2026-05-19,C0115,P015,3,730.0,East,2190.0
O000378,2025-08-19,C0383,P010,4,1132.0,East,4528.0
O000379,2025-03-25,C0189,P004,4,680.0,East,2720.0
O000380,2025-05-10,C0468,P007,2,995.0,West,1990.0
O000381,2025-05-25,C0463,P011,4,508.0,West,2032.0
O000382,2025-01-28,C0026,P003,1,358.0,West,358.0
O000383,2025-03-07,C0054,P005,2,1124.0,West,2248.0
O000384,2025-06-12,C0170,P002,4,235.0,East,940.0
O000385,2025-08-17,C0395,P012,4,66.0,South,264.0
O000386,2025-09-18,C0421,P005,2,1124.0,West,2248.0
O000387,2026-03-25,C0489,P007,3,995.0,West,2985.0
O000388,2026-02-28,C0381,P004,2,680.0,North,1360.0
O000389,2026-04-05,C0011,P011,3,508.0,North,1524.0
O000390,2025-10-28,C0027,P009,2,485.0,North,970.0
O000391,2025-10-30,C0350,P004,2,680.0,East,1360.0
O000392,2025-10-14,C0083,P009,1,485.0,South,485.0
O000393,2026-01-30,C0290,P012,2,66.0,East,132.0
O000394,2025-01-10,C0038,P016,1,420.0,North,420.0
O000395,2025-09-27,C0445,P001,4,31.0,West,124.0
O000396,2025-12-27,C0087,P008,3,729.0,West,2187.0
O000397,2025-09-14,C0437,P001,3,31.0,North,93.0
O000398,2025-05-13,C0321,P020,1,410.0,East,410.0
O000399,2025-10-03,C0387,P019,3,269.0,South,807.0
O000400,2026-05-28,C0451,P004,3,680.0,West,2040.0
O000401,2025-11-09,C0156,P014,2,1059.0,North,2118.0
O000402,2025-10-11,C0398,P014,1,1059.0,South,1059.0
O000403,2025-05-01,C0308,P009,3,485.0,South,1455.0
O000404,2025-04-17,C0286,P009,4,485.0,North,1940.0
O000405,2025-07-23,C0186,P017,1,1000.0,East,1000.0
O000406,2025-06-14,C0182,P015,2,730.0,North,1460.0
O000407,2025-11-01,C0453,P010,4,1132.0,South,4528.0
O000408,2026-05-12,C0369,P017,3,1000.0,North,3000.0
O000409,2025-06-05,C0143,P009,3,485.0,South,1455.0
O000410,2026-01-02,C0422,P004,1,680.0,West,680.0
O000411,2025-09-08,C0206,P014,3,1059.0,North,3177.0
O000412,2025-11-30,C0142,P003,1,358.0,South,358.0
O000413,2026-05-26,C0185,P012,3,66.0,South,198.0
O000414,2025-10-20,C0443,P001,4,31.0,South,124.0
O000415,2025-01-20,C0241,P001,2,31.0,West,62.0
O000416,2025-10-09,C0008,P013,4,797.0,West,3188.0
O000417,2025-01-01,C0072,P014,2,1059.0,North,2118.0
O000418,2025-04-29,C0403,P016,1,420.0,East,420.0
O000419,2025-02-04,C0288,P007,3,995.0,East,2985.0
O000420,2025-07-17,C0095,P010,4,1132.0,West,4528.0
O000421,2026-04-30,C0157,P015,3,730.0,East,2190.0
O000422,2025-02-28,C0041,P008,1,729.0,North,729.0
O000423,2025-06-10,C0331,P011,2,508.0,South,1016.0
O000424,2025-07-25,C0301,P014,4,1059.0,North,4236.0
O000425,2025-01-12,C0269,P013,2,797.0,South,1594.0
O000426,2026-05-05,C0155,P013,2,797.0,West,1594.0
O000427,2025-10-03,C0275,P009,1,485.0,East,485.0
O000428,2025-08-30,C0154,P017,2,1000.0,South,2000.0
O000429,2025-08-04,C0053,P018,1,1129.0,West,1129.0
O000430,2025-09-08,C0179,P019,2,269.0,West,538.0
O000431,2025-05-06,C0421,P013,2,797.0,West,1594.0
O000432,2025-08-05,C0240,P012,4,66.0,North,264.0
O000433,2025-11-02,C0137,P020,1,410.0,East,410.0
O000434,2025-07-04,C0255,P020,3,410.0,North,1230.0
O000435,2025-02-08,C0476,P008,3,729.0,West,2187.0
O000436,2025-08-11,C0224,P011,3,508.0,South,1524.0
O000437,2025-07-03,C0180,P007,4,995.0,North,3980.0
O000438,2026-05-10,C0182,P001,4,31.0,North,124.0
O000439,2026-03-03,C0259,P010,2,1132.0,East,2264.0
O000440,2025-06-27,C0243,P015,2,730.0,West,1460.0
O000441,2026-03-04,C0096,P004,3,680.0,South,2040.0
O000442,2025-10-21,C0197,P001,2,31.0,West,62.0
O000443,2025-05-31,C0392,P011,2,508.0,South,1016.0
O000444,2026-01-19,C0014,P005,4,1124.0,North,4496.0
O000445,2025-11-04,C0120,P019,3,269.0,East,807.0
O000446,2025-12-02,C0387,P019,1,269.0,South,269.0
O000447,2026-01-10,C0408,P004,3,680.0,North,2040.0
O000448,2025-01-08,C0269,P002,4,235.0,South,940.0
O000449,2025-12-07,C0171,P007,3,995.0,East,2985.0
O000450,2025-05-09,C0413,P013,1,797.0,West,797.0
O000451,2025-12-18,C0072,P020,2,410.0,North,820.0
O000452,2025-12-24,C0179,P012,3,66.0,West,198.0
O000453,2026-06-01,C0170,P002,4,235.0,East,940.0
O000454,2026-05-10,C0159,P009,4,485.0,North,1940.0
O000455,2025-03-27,C0447,P016,3,420.0,West,1260.0
O000456,2025-06-24,C0154,P008,2,729.0,South,1458.0
O000457,2025-07-12,C0402,P018,2,1129.0,West,2258.0
O000458,2025-11-07,C0082,P004,4,680.0,East,2720.0
O000459,2025-04-29,C0057,P011,4,508.0,North,2032.0
O000460,2025-08-06,C0007,P017,1,1000.0,North,1000.0
O000461,2026-03-03,C0112,P008,2,729.0,North,1458.0
O000462,2026-02-18,C0486,P019,3,269.0,West,807.0
O000463,2025-04-24,C0048,P008,4,729.0,East,2916.0
O000464,2025-05-25,C0080,P006,4,393.0,North,1572.0
O000465,2026-06-22,C0375,P002,4,235.0,North,940.0
O000466,2025-10-30,C0376,P015,4,730.0,South,2920.0
O000467,2025-12-11,C0316,P001,2,31.0,East,62.0
O000468,2025-01-01,C0033,P006,4,393.0,North,1572.0
O000469,2025-05-27,C0115,P019,2,269.0,East,538.0
O000470,2025-10-14,C0384,P004,1,680.0,West,680.0
O000471,2025-02-22,C0003,P013,1,797.0,West,797.0
O000472,2025-10-31,C0486,P015,3,730.0,West,2190.0
O000473,2025-03-10,C0004,P009,4,485.0,East,1940.0
O000474,2025-12-27,C0356,P003,3,358.0,East,1074.0
O000475,2025-08-08,C0260,P002,2,235.0,North,470.0
O000476,2025-06-10,C0042,P016,3,420.0,South,1260.0
O000477,2025-03-30,C0009,P018,3,1129.0,East,3387.0
O000478,2025-06-08,C0488,P018,4,1129.0,South,4516.0
O000479,2026-05-04,C0307,P006,2,393.0,East,786.0
O000480,2025-11-20,C0145,P018,2,1129.0,South,2258.0
O000481,2026-01-16,C0401,P011,4,508.0,North,2032.0
O000482,2025-04-12,C0097,P007,2,995.0,East,1990.0
O000483,2026-05-09,C0276,P014,1,1059.0,East,1059.0
O000484,2025-01-19,C0142,P018,4,1129.0,South,4516.0
O000485,2026-03-30,C0278,P007,4,995.0,East,3980.0
O000486,2026-04-27,C0436,P010,4,1132.0,West,4528.0
O000487,2026-02-01,C0027,P008,1,729.0,North,729.0
O000488,2025-10-06,C0043,P014,2,1059.0,North,2118.0
O000489,2025-12-31,C0131,P018,1,1129.0,South,1129.0
O000490,2025-11-27,C0216,P005,1,1124.0,North,1124.0
O000491,2025-12-10,C0094,P014,1,1059.0,East,1059.0
O000492,2026-03-31,C0008,P010,3,1132.0,West,3396.0
O000493,2025-03-06,C0086,P015,2,730.0,South,1460.0
O000494,2025-03-17,C0345,P006,2,393.0,South,786.0
O000495,2025-05-23,C0138,P009,4,485.0,West,1940.0
O000496,2026-04-18,C0369,P010,4,1132.0,North,4528.0
O000497,2026-02-21,C0413,P017,3,1000.0,West,3000.0
O000498,2025-11-01,C0424,P001,1,31.0,South,31.0
O000499,2026-05-12,C0246,P014,4,1059.0,West,4236.0
O000500,2025-10-18,C0449,P004,2,680.0,South,1360.0
O000501,2025-04-12,C0500,P002,4,235.0,West,940.0
O000502,2025-09-24,C0021,P003,1,358.0,East,358.0
O000503,2025-01-03,C0487,P007,3,995.0,North,2985.0
O000504,2025-03-26,C0408,P014,1,1059.0,North,1059.0
O000505,2025-11-24,C0457,P012,4,66.0,North,264.0
O000506,2026-03-26,C0444,P019,3,269.0,South,807.0
O000507,2026-03-30,C0492,P018,3,1129.0,East,3387.0
O000508,2025-08-09,C0410,P015,1,730.0,North,730.0
O000509,2025-06-03,C0265,P001,4,31.0,West,124.0
O000510,2025-01-12,C0148,P003,1,358.0,East,358.0
O000511,2025-05-13,C0184,P015,4,730.0,West,2920.0
O000512,2025-10-31,C0227,P004,4,680.0,West,2720.0
O000513,2025-10-20,C0292,P015,2,730.0,North,1460.0
O000514,2025-10-27,C0490,P010,3,1132.0,West,3396.0
O000515,2025-02-12,C0036,P006,4,393.0,West,1572.0
O000516,2025-12-09,C0246,P013,1,797.0,West,797.0
O000517,2025-11-22,C0073,P007,1,995.0,North,995.0
O000518,2026-05-13,C0150,P001,2,31.0,South,62.0
O000519,2025-12-30,C0001,P011,2,508.0,South,1016.0
O000520,2026-03-03,C0069,P014,2,1059.0,North,2118.0
O000521,2025-01-21,C0457,P006,3,393.0,North,1179.0
O000522,2026-02-11,C0293,P005,2,1124.0,West,2248.0
O000523,2025-12-02,C0230,P019,3,269.0,East,807.0
O000524,2025-04-27,C0211,P019,2,269.0,East,538.0
O000525,2025-05-04,C0072,P013,3,797.0,North,2391.0
O000526,2026-02-03,C0490,P007,4,995.0,West,3980.0
O000527,2025-02-20,C0363,P008,2,729.0,South,1458.0
O000528,2025-11-20,C0096,P014,3,1059.0,South,3177.0
O000529,2025-05-21,C0397,P019,4,269.0,West,1076.0
O000530,2026-04-15,C0084,P019,2,269.0,North,538.0
O000531,2025-11-30,C0228,P012,4,66.0,South,264.0
O000532,2026-01-08,C0299,P009,2,485.0,East,970.0
O000533,2026-05-09,C0236,P014,1,1059.0,West,1059.0
O000534,2026-06-23,C0293,P006,3,393.0,West,1179.0
O000535,2025-06-05,C0222,P015,1,730.0,East,730.0
O000536,2025-10-18,C0458,P013,3,797.0,South,2391.0
O000537,2025-05-24,C0223,P007,1,995.0,North,995.0
O000538,2025-04-16,C0281,P011,2,508.0,West,1016.0
O000539,2026-02-24,C0221,P010,1,1132.0,East,1132.0
O000540,2025-01-02,C0216,P001,2,31.0,North,62.0
O000541,2025-03-31,C0231,P007,3,995.0,West,2985.0
O000542,2025-12-11,C0405,P018,2,1129.0,South,2258.0
O000543,2025-12-16,C0169,P003,1,358.0,North,358.0
O000544,2026-04-04,C0329,P009,4,485.0,South,1940.0
O000545,2025-09-20,C0426,P005,3,1124.0,East,3372.0
O000546,2025-12-17,C0042,P013,4,797.0,South,3188.0
O000547,2025-04-18,C0258,P016,4,420.0,East,1680.0
O000548,2025-02-08,C0196,P016,4,420.0,South,1680.0
O000549,2025-06-08,C0392,P012,4,66.0,South,264.0
O000550,2025-11-08,C0096,P018,4,1129.0,South,4516.0
O000551,2025-08-29,C0317,P011,1,508.0,South,508.0
O000552,2026-03-21,C0014,P017,2,1000.0,North,2000.0
O000553,2025-10-25,C0113,P007,2,995.0,West,1990.0
O000554,2025-02-05,C0077,P015,4,730.0,West,2920.0
O000555,2025-03-25,C0277,P006,1,393.0,West,393.0
O000556,2026-03-28,C0408,P006,4,393.0,North,1572.0
O000557,2026-01-20,C0434,P018,4,1129.0,North,4516.0
O000558,2025-06-21,C0466,P019,3,269.0,South,807.0
O000559,2026-01-11,C0429,P020,1,410.0,South,410.0
O000560,2025-12-28,C0448,P019,4,269.0,West,1076.0
O000561,2025-05-21,C0320,P002,2,235.0,South,470.0
O000562,2025-04-28,C0488,P003,3,358.0,South,1074.0
O000563,2025-10-04,C0410,P014,4,1059.0,North,4236.0
O000564,2025-08-08,C0160,P004,4,680.0,West,2720.0
O000565,2025-01-26,C0492,P017,4,1000.0,East,4000.0
O000566,2026-06-05,C0313,P006,1,393.0,North,393.0
O000567,2025-01-10,C0119,P019,4,269.0,West,1076.0
O000568,2026-01-13,C0437,P009,2,485.0,North,970.0
O000569,2025-06-01,C0161,P004,3,680.0,South,2040.0
O000570,2025-02-18,C0308,P007,1,995.0,South,995.0
O000571,2025-06-03,C0351,P004,3,680.0,East,2040.0
O000572,2025-10-20,C0146,P011,2,508.0,North,1016.0
O000573,2025-02-19,C0163,P002,4,235.0,East,940.0
O000574,2026-06-15,C0396,P010,1,1132.0,West,1132.0
O000575,2025-03-01,C0179,P006,4,393.0,West,1572.0
O000576,2025-06-16,C0089,P008,1,729.0,West,729.0
O000577,2025-07-21,C0493,P015,4,730.0,South,2920.0
O000578,2025-05-26,C0223,P013,2,797.0,North,1594.0
O000579,2026-03-15,C0266,P002,1,235.0,West,235.0
O000580,2025-08-30,C0239,P020,4,410.0,East,1640.0
O000581,2026-04-28,C0308,P001,2,31.0,South,62.0
O000582,2025-04-18,C0034,P015,4,730.0,West,2920.0
O000583,2025-08-14,C0371,P007,1,995.0,North,995.0
O000584,2026-03-08,C0451,P018,2,1129.0,West,2258.0
O000585,2026-02-23,C0494,P010,1,1132.0,North,1132.0
O000586,2026-03-31,C0167,P015,4,730.0,South,2920.0
O000587,2025-06-09,C0392,P005,1,1124.0,South,1124.0
O000588,2026-06-07,C0125,P011,3,508.0,North,1524.0
O000589,2025-03-18,C0224,P008,4,729.0,South,2916.0
O000590,2026-05-24,C0491,P008,2,729.0,South,1458.0
O000591,2026-03-17,C0413,P006,2,393.0,West,786.0
O000592,2025-09-11,C0150,P015,3,730.0,South,2190.0
O000593,2025-11-16,C0468,P015,4,730.0,West,2920.0
O000594,2025-09-20,C0454,P005,4,1124.0,West,4496.0
O000595,2026-01-09,C0189,P013,4,797.0,East,3188.0
O000596,2025-06-16,C0043,P014,4,1059.0,North,4236.0
O000597,2026-04-04,C0433,P011,1,508.0,East,508.0
O000598,2025-10-07,C0029,P020,4,410.0,East,1640.0
O000599,2025-10-29,C0362,P012,1,66.0,East,66.0
O000600,2026-06-15,C0120,P020,1,410.0,East,410.0
O000601,2025-08-06,C0337,P001,2,31.0,West,62.0
O000602,2025-04-12,C0031,P003,4,358.0,East,1432.0
O000603,2025-10-15,C0181,P008,1,729.0,South,729.0
O000604,2025-06-16,C0162,P012,4,66.0,East,264.0
O000605,2025-02-05,C0128,P015,3,730.0,West,2190.0
O000606,2025-12-19,C0255,P003,1,358.0,North,358.0
O000607,2025-03-14,C0294,P008,2,729.0,South,1458.0
O000608,2025-12-19,C0441,P019,4,269.0,North,1076.0
O000609,2025-03-11,C0357,P020,2,410.0,North,820.0
O000610,2026-03-01,C0388,P006,1,393.0,North,393.0
O000611,2026-06-01,C0254,P018,1,1129.0,South,1129.0
O000612,2026-03-04,C0130,P011,2,508.0,East,1016.0
O000613,2026-06-23,C0012,P012,4,66.0,West,264.0
O000614,2025-06-09,C0035,P002,1,235.0,West,235.0
O000615,2025-05-29,C0198,P005,3,1124.0,West,3372.0
O000616,2025-08-18,C0248,P004,2,680.0,West,1360.0
O000617,2025-03-08,C0110,P009,1,485.0,North,485.0
O000618,2026-01-16,C0328,P013,4,797.0,East,3188.0
O000619,2025-02-27,C0405,P013,1,797.0,South,797.0
O000620,2025-09-16,C0245,P015,4,730.0,North,2920.0
O000621,2025-12-08,C0250,P002,4,235.0,West,940.0
O000622,2025-05-10,C0366,P013,1,797.0,South,797.0
O000623,2025-06-21,C0317,P007,3,995.0,South,2985.0
O000624,2025-07-28,C0163,P017,4,1000.0,East,4000.0
O000625,2025-12-20,C0048,P008,2,729.0,East,1458.0
O000626,2026-04-16,C0399,P018,4,1129.0,West,4516.0
O000627,2025-04-26,C0071,P015,4,730.0,West,2920.0
O000628,2025-09-21,C0399,P015,3,730.0,West,2190.0
O000629,2026-03-18,C0493,P005,4,1124.0,South,4496.0
O000630,2026-03-29,C0134,P002,1,235.0,South,235.0
O000631,2026-04-22,C0239,P016,3,420.0,East,1260.0
O000632,2025-10-14,C0465,P005,4,1124.0,West,4496.0
O000633,2025-10-30,C0068,P006,1,393.0,West,393.0
O000634,2025-11-07,C0278,P012,1,66.0,East,66.0
O000635,2025-07-27,C0032,P005,4,1124.0,North,4496.0
O000636,2026-03-22,C0123,P020,2,410.0,South,820.0
O000637,2025-02-24,C0022,P008,2,729.0,North,1458.0
O000638,2025-01-12,C0155,P011,4,508.0,West,2032.0
O000639,2026-02-04,C0110,P014,4,1059.0,North,4236.0
O000640,2026-05-30,C0271,P017,1,1000.0,West,1000.0
O000641,2026-06-26,C0380,P010,4,1132.0,South,4528.0
O000642,2025-08-25,C0300,P002,4,235.0,North,940.0
O000643,2025-10-06,C0115,P003,1,358.0,East,358.0
O000644,2025-12-14,C0470,P013,4,797.0,West,3188.0
O000645,2025-04-14,C0220,P017,4,1000.0,West,4000.0
O000646,2026-06-01,C0490,P003,2,358.0,West,716.0
O000647,2025-09-05,C0230,P010,1,1132.0,East,1132.0
O000648,2025-12-30,C0252,P008,4,729.0,South,2916.0
O000649,2025-11-17,C0249,P004,2,680.0,West,1360.0
O000650,2025-10-13,C0009,P013,4,797.0,East,3188.0
O000651,2025-05-29,C0034,P007,2,995.0,West,1990.0
O000652,2025-03-25,C0228,P007,4,995.0,South,3980.0
O000653,2026-02-10,C0073,P016,1,420.0,North,420.0
O000654,2026-04-01,C0399,P005,2,1124.0,West,2248.0
O000655,2025-06-10,C0446,P017,4,1000.0,West,4000.0
O000656,2026-04-05,C0301,P010,4,1132.0,North,4528.0
O000657,2026-05-15,C0212,P004,4,680.0,East,2720.0
O000658,2026-05-24,C0072,P014,4,1059.0,North,4236.0
O000659,2026-04-26,C0058,P005,1,1124.0,North,1124.0
O000660,2025-04-24,C0220,P002,3,235.0,West,705.0
O000661,2025-12-27,C0371,P014,2,1059.0,North,2118.0
O000662,2025-12-07,C0275,P018,4,1129.0,East,4516.0
O000663,2026-03-25,C0249,P011,1,508.0,West,508.0
O000664,2025-06-29,C0016,P016,3,420.0,North,1260.0
O000665,2026-02-11,C0075,P018,1,1129.0,West,1129.0
O000666,2025-07-15,C0106,P016,4,420.0,North,1680.0
O000667,2026-04-11,C0136,P004,3,680.0,South,2040.0
O000668,2025-11-07,C0417,P001,2,31.0,South,62.0
O000669,2025-09-19,C0074,P014,2,1059.0,West,2118.0
O000670,2026-02-23,C0254,P012,1,66.0,South,66.0
O000671,2026-02-10,C0018,P010,2,1132.0,East,2264.0
O000672,2025-05-23,C0419,P019,2,269.0,East,538.0
O000673,2025-12-08,C0043,P004,3,680.0,North,2040.0
O000674,2025-11-12,C0050,P020,2,410.0,North,820.0
O000675,2025-04-11,C0003,P003,3,358.0,West,1074.0
O000676,2025-09-01,C0232,P004,3,680.0,East,2040.0
O000677,2026-05-05,C0219,P015,3,730.0,East,2190.0
O000678,2025-01-12,C0059,P011,2,508.0,North,1016.0
O000679,2025-08-27,C0284,P016,1,420.0,North,420.0
O000680,2025-02-11,C0302,P004,1,680.0,East,680.0
O000681,2026-03-05,C0064,P006,2,393.0,South,786.0
O000682,2025-06-07,C0070,P008,3,729.0,West,2187.0
O000683,2025-08-04,C0303,P013,2,797.0,East,1594.0
O000684,2026-04-07,C0142,P020,4,410.0,South,1640.0
O000685,2025-05-14,C0391,P004,1,680.0,West,680.0
O000686,2025-03-08,C0202,P005,3,1124.0,North,3372.0
O000687,2025-01-07,C0207,P010,2,1132.0,North,2264.0
O000688,2026-06-10,C0415,P005,3,1124.0,East,3372.0
O000689,2025-03-14,C0221,P012,4,66.0,East,264.0
O000690,2026-02-03,C0362,P001,3,31.0,East,93.0
O000691,2026-02-09,C0246,P010,4,1132.0,West,4528.0
O000692,2025-05-10,C0081,P005,1,1124.0,West,1124.0
O000693,2026-04-11,C0251,P019,3,269.0,South,807.0
O000694,2025-07-25,C0051,P019,2,269.0,West,538.0
O000695,2025-09-23,C0285,P020,3,410.0,East,1230.0
O000696,2026-06-21,C0369,P012,3,66.0,North,198.0
O000697,2025-09-10,C0492,P016,4,420.0,East,1680.0
O000698,2025-10-16,C0399,P005,4,1124.0,West,4496.0
O000699,2025-06-13,C0384,P017,2,1000.0,West,2000.0
O000700,2025-04-05,C0346,P014,1,1059.0,East,1059.0
O000701,2025-04-20,C0204,P012,1,66.0,West,66.0
O000702,2025-12-02,C0025,P013,4,797.0,South,3188.0
O000703,2025-08-26,C0445,P014,2,1059.0,West,2118.0
O000704,2026-01-16,C0041,P005,3,1124.0,North,3372.0
O000705,2026-03-12,C0069,P005,2,1124.0,North,2248.0
O000706,2026-04-28,C0004,P018,2,1129.0,East,2258.0
O000707,2025-01-25,C0492,P014,2,1059.0,East,2118.0
O000708,2025-04-27,C0240,P018,1,1129.0,North,1129.0
O000709,2026-04-27,C0361,P020,3,410.0,South,1230.0
O000710,2026-01-27,C0441,P001,2,31.0,North,62.0
O000711,2026-06-21,C0031,P007,1,995.0,East,995.0
O000712,2025-03-20,C0387,P017,1,1000.0,South,1000.0
O000713,2025-06-22,C0117,P003,4,358.0,West,1432.0
O000714,2025-01-12,C0195,P010,3,1132.0,South,3396.0
O000715,2025-05-08,C0090,P007,2,995.0,South,1990.0
O000716,2025-04-02,C0178,P012,3,66.0,South,198.0
O000717,2026-06-27,C0145,P015,4,730.0,South,2920.0
O000718,2026-06-16,C0444,P016,4,420.0,South,1680.0
O000719,2026-03-23,C0202,P008,2,729.0,North,1458.0
O000720,2026-01-25,C0322,P006,1,393.0,West,393.0
O000721,2025-02-12,C0344,P004,4,680.0,South,2720.0
O000722,2025-09-11,C0203,P011,1,508.0,North,508.0
O000723,2025-05-10,C0024,P017,4,1000.0,South,4000.0
O000724,2025-03-01,C0355,P002,3,235.0,North,705.0
O000725,2026-04-12,C0471,P006,2,393.0,North,786.0
O000726,2025-10-14,C0416,P004,4,680.0,South,2720.0
O000727,2026-06-01,C0471,P003,3,358.0,North,1074.0
O000728,2026-04-12,C0482,P007,4,995.0,East,3980.0
O000729,2025-12-11,C0105,P007,2,995.0,West,1990.0
O000730,2026-01-17,C0275,P016,3,420.0,East,1260.0
O000731,2025-09-10,C0322,P002,1,235.0,West,235.0
O000732,2025-02-25,C0060,P008,4,729.0,South,2916.0
O000733,2026-04-08,C0371,P015,4,730.0,North,2920.0
O000734,2026-04-02,C0450,P016,3,420.0,North,1260.0
O000735,2025-03-24,C0015,P001,2,31.0,North,62.0
O000736,2025-04-09,C0085,P010,4,1132.0,South,4528.0
O000737,2025-05-29,C0419,P007,3,995.0,East,2985.0
O000738,2025-11-25,C0197,P016,2,420.0,West,840.0
O000739,2025-06-05,C0235,P010,4,1132.0,North,4528.0
O000740,2025-07-09,C0411,P012,3,66.0,South,198.0
O000741,2026-05-09,C0344,P017,2,1000.0,South,2000.0
O000742,2025-09-20,C0263,P013,4,797.0,North,3188.0
O000743,2025-03-21,C0006,P012,4,66.0,North,264.0
O000744,2026-02-04,C0494,P015,2,730.0,North,1460.0
O000745,2025-09-17,C0381,P014,2,1059.0,North,2118.0
O000746,2025-04-11,C0289,P019,3,269.0,South,807.0
O000747,2025-12-25,C0058,P019,4,269.0,North,1076.0
O000748,2026-01-15,C0433,P014,4,1059.0,East,4236.0
O000749,2025-08-09,C0145,P018,3,1129.0,South,3387.0
O000750,2026-02-24,C0366,P005,4,1124.0,South,4496.0
O000751,2025-05-04,C0042,P020,4,410.0,South,1640.0
O000752,2026-02-26,C0350,P006,4,393.0,East,1572.0
O000753,2025-08-19,C0200,P018,1,1129.0,West,1129.0
O000754,2025-03-04,C0424,P014,2,1059.0,South,2118.0
O000755,2026-04-30,C0174,P004,1,680.0,North,680.0
O000756,2026-04-28,C0455,P001,1,31.0,North,31.0
O000757,2026-06-03,C0454,P013,2,797.0,West,1594.0
O000758,2025-06-04,C0452,P011,1,508.0,East,508.0
O000759,2025-04-02,C0385,P003,3,358.0,West,1074.0
O000760,2026-06-10,C0335,P017,1,1000.0,North,1000.0
O000761,2026-03-31,C0095,P018,3,1129.0,West,3387.0
O000762,2026-05-25,C0217,P010,2,1132.0,South,2264.0
O000763,2025-07-02,C0111,P016,4,420.0,South,1680.0
O000764,2026-01-21,C0353,P013,2,797.0,East,1594.0
O000765,2026-02-09,C0180,P020,2,410.0,North,820.0
O000766,2025-09-03,C0163,P012,1,66.0,East,66.0
O000767,2026-04-16,C0119,P004,2,680.0,West,1360.0
O000768,2026-02-27,C0325,P008,2,729.0,West,1458.0
O000769,2025-03-06,C0389,P012,3,66.0,West,198.0
O000770,2025-01-13,C0228,P019,4,269.0,South,1076.0
O000771,2025-08-01,C0145,P015,1,730.0,South,730.0
O000772,2025-08-30,C0437,P016,4,420.0,North,1680.0
O000773,2026-05-08,C0308,P012,4,66.0,South,264.0
O000774,2025-08-01,C0142,P020,4,410.0,South,1640.0
O000775,2025-12-04,C0122,P018,1,1129.0,West,1129.0
O000776,2025-06-22,C0285,P012,2,66.0,East,132.0
O000777,2025-06-13,C0392,P016,4,420.0,South,1680.0
O000778,2026-04-10,C0226,P020,1,410.0,North,410.0
O000779,2026-05-12,C0360,P011,2,508.0,East,1016.0
O000780,2026-01-30,C0257,P020,4,410.0,West,1640.0
O000781,2025-11-04,C0285,P014,3,1059.0,East,3177.0
O000782,2025-07-02,C0420,P002,1,235.0,West,235.0
O000783,2026-05-25,C0435,P013,4,797.0,North,3188.0
O000784,2026-06-30,C0165,P014,1,1059.0,North,1059.0
O000785,2025-08-15,C0221,P006,3,393.0,East,1179.0
O000786,2026-03-12,C0069,P012,1,66.0,North,66.0
O000787,2026-02-26,C0309,P007,2,995.0,West,1990.0
O000788,2025-01-21,C0224,P004,4,680.0,South,2720.0
O000789,2026-02-01,C0124,P007,1,995.0,North,995.0
O000790,2025-04-15,C0436,P013,1,797.0,West,797.0
O000791,2025-07-11,C0344,P011,4,508.0,South,2032.0
O000792,2025-01-17,C0339,P008,3,729.0,South,2187.0
O000793,2025-04-30,C0012,P019,3,269.0,West,807.0
O000794,2026-01-28,C0052,P002,4,235.0,West,940.0
O000795,2026-03-01,C0129,P018,4,1129.0,North,4516.0
O000796,2025-05-09,C0135,P010,2,1132.0,West,2264.0
O000797,2025-05-10,C0145,P006,1,393.0,South,393.0
O000798,2025-01-29,C0127,P004,1,680.0,West,680.0
O000799,2025-04-07,C0226,P019,3,269.0,North,807.0
O000800,2025-01-10,C0427,P014,2,1059.0,South,2118.0
O000801,2025-08-30,C0071,P014,1,1059.0,West,1059.0
O000802,2025-08-20,C0273,P018,2,1129.0,West,2258.0
O000803,2025-10-11,C0187,P017,4,1000.0,West,4000.0
O000804,2025-07-19,C0003,P018,1,1129.0,West,1129.0
O000805,2025-03-20,C0285,P018,4,1129.0,East,4516.0
O000806,2025-06-22,C0022,P005,3,1124.0,North,3372.0
O000807,2026-04-12,C0166,P009,3,485.0,West,1455.0
O000808,2026-02-20,C0310,P001,4,31.0,South,124.0
O000809,2026-03-25,C0363,P004,3,680.0,South,2040.0
O000810,2025-03-28,C0477,P007,4,995.0,North,3980.0
O000811,2025-04-11,C0498,P011,4,508.0,North,2032.0
O000812,2025-01-08,C0434,P014,4,1059.0,North,4236.0
O000813,2025-07-19,C0246,P010,3,1132.0,West,3396.0
O000814,2026-05-20,C0234,P019,3,269.0,South,807.0
O000815,2025-03-28,C0325,P008,3,729.0,West,2187.0
O000816,2025-02-12,C0158,P003,4,358.0,West,1432.0
O000817,2026-01-20,C0151,P008,2,729.0,West,1458.0
O000818,2026-03-11,C0213,P018,3,1129.0,East,3387.0
O000819,2026-02-12,C0376,P005,2,1124.0,South,2248.0
O000820,2026-04-28,C0218,P020,3,410.0,West,1230.0
O000821,2025-01-17,C0246,P011,1,508.0,West,508.0
O000822,2025-05-28,C0303,P009,1,485.0,East,485.0
O000823,2025-10-04,C0405,P019,1,269.0,South,269.0
O000824,2025-08-20,C0276,P012,2,66.0,East,132.0
O000825,2026-01-01,C0151,P005,3,1124.0,West,3372.0
O000826,2025-08-16,C0196,P016,4,420.0,South,1680.0
O000827,2026-03-12,C0405,P013,2,797.0,South,1594.0
O000828,2026-02-03,C0021,P006,3,393.0,East,1179.0
O000829,2025-07-30,C0257,P016,1,420.0,West,420.0
O000830,2026-01-26,C0399,P018,2,1129.0,West,2258.0
O000831,2026-05-14,C0017,P017,3,1000.0,South,3000.0
O000832,2026-06-24,C0051,P012,4,66.0,West,264.0
O000833,2026-05-06,C0447,P001,1,31.0,West,31.0
O000834,2026-03-18,C0270,P007,4,995.0,South,3980.0
O000835,2025-09-18,C0315,P014,2,1059.0,West,2118.0
O000836,2025-12-16,C0083,P018,1,1129.0,South,1129.0
O000837,2025-12-18,C0306,P001,1,31.0,West,31.0
O000838,2026-06-04,C0124,P020,1,410.0,North,410.0
O000839,2025-11-16,C0290,P010,4,1132.0,East,4528.0
O000840,2025-05-18,C0262,P015,1,730.0,West,730.0
O000841,2026-01-03,C0365,P011,4,508.0,West,2032.0
O000842,2025-08-08,C0049,P004,4,680.0,East,2720.0
O000843,2025-12-03,C0006,P015,4,730.0,North,2920.0
O000844,2025-08-11,C0117,P016,1,420.0,West,420.0
O000845,2025-12-26,C0118,P015,3,730.0,North,2190.0
O000846,2025-11-25,C0453,P017,4,1000.0,South,4000.0
O000847,2026-04-08,C0263,P011,3,508.0,North,1524.0
O000848,2026-01-17,C0353,P018,4,1129.0,East,4516.0
O000849,2025-06-18,C0461,P016,1,420.0,North,420.0
O000850,2025-08-05,C0435,P015,1,730.0,North,730.0
O000851,2026-01-13,C0374,P011,1,508.0,East,508.0
O000852,2025-04-29,C0129,P013,2,797.0,North,1594.0
O000853,2025-07-09,C0397,P018,1,1129.0,West,1129.0
O000854,2026-01-05,C0171,P008,3,729.0,East,2187.0
O000855,2025-05-29,C0027,P009,4,485.0,North,1940.0
O000856,2026-05-03,C0199,P011,3,508.0,West,1524.0
O000857,2026-01-09,C0372,P017,2,1000.0,North,2000.0
O000858,2025-06-09,C0387,P001,3,31.0,South,93.0
O000859,2025-12-17,C0314,P011,4,508.0,West,2032.0
O000860,2025-10-15,C0345,P007,4,995.0,South,3980.0
O000861,2025-10-15,C0097,P008,1,729.0,East,729.0
O000862,2025-08-14,C0488,P019,2,269.0,South,538.0
O000863,2026-06-07,C0017,P004,2,680.0,South,1360.0
O000864,2026-06-06,C0173,P004,3,680.0,East,2040.0
O000865,2025-09-30,C0462,P019,1,269.0,East,269.0
O000866,2026-02-06,C0101,P009,1,485.0,North,485.0
O000867,2025-07-02,C0186,P017,1,1000.0,East,1000.0
O000868,2026-05-03,C0184,P018,4,1129.0,West,4516.0
O000869,2025-05-04,C0438,P001,2,31.0,West,62.0
O000870,2026-02-18,C0215,P014,3,1059.0,West,3177.0
O000871,2025-06-21,C0251,P004,3,680.0,South,2040.0
O000872,2025-10-15,C0216,P010,3,1132.0,North,3396.0
O000873,2026-03-11,C0029,P014,1,1059.0,East,1059.0
O000874,2025-04-23,C0102,P007,2,995.0,East,1990.0
O000875,2025-05-02,C0123,P012,2,66.0,South,132.0
O000876,2026-06-28,C0054,P016,4,420.0,West,1680.0
O000877,2025-08-10,C0283,P005,4,1124.0,South,4496.0
O000878,2025-02-08,C0102,P011,4,508.0,East,2032.0
O000879,2026-05-12,C0117,P004,3,680.0,West,2040.0
O000880,2025-08-21,C0104,P013,3,797.0,East,2391.0
O000881,2026-06-14,C0045,P008,2,729.0,South,1458.0
O000882,2025-05-29,C0114,P007,4,995.0,West,3980.0
O000883,2026-02-01,C0343,P011,3,508.0,North,1524.0
O000884,2025-10-29,C0031,P011,4,508.0,East,2032.0
O000885,2025-12-26,C0164,P017,4,1000.0,East,4000.0
O000886,2025-08-26,C0465,P014,2,1059.0,West,2118.0
O000887,2025-08-24,C0189,P002,2,235.0,East,470.0
O000888,2025-07-22,C0293,P020,3,410.0,West,1230.0
O000889,2025-09-13,C0195,P008,2,729.0,South,1458.0
O000890,2025-08-23,C0292,P002,4,235.0,North,940.0
O000891,2025-12-11,C0375,P015,2,730.0,North,1460.0
O000892,2026-06-18,C0261,P005,4,1124.0,East,4496.0
O000893,2026-04-11,C0430,P006,4,393.0,North,1572.0
O000894,2026-06-25,C0207,P017,3,1000.0,North,3000.0
O000895,2025-08-01,C0052,P008,3,729.0,West,2187.0
O000896,2026-04-08,C0049,P019,3,269.0,East,807.0
O000897,2026-03-12,C0006,P005,4,1124.0,North,4496.0
O000898,2025-10-10,C0379,P019,2,269.0,West,538.0
O000899,2026-04-08,C0394,P014,3,1059.0,West,3177.0
O000900,2026-02-11,C0374,P010,3,1132.0,East,3396.0
O000901,2025-03-29,C0224,P013,2,797.0,South,1594.0
O000902,2025-02-13,C0023,P005,2,1124.0,South,2248.0
O000903,2026-04-06,C0496,P007,3,995.0,South,2985.0
O000904,2025-10-05,C0145,P010,4,1132.0,South,4528.0
O000905,2026-02-25,C0110,P011,4,508.0,North,2032.0
O000906,2025-12-19,C0212,P003,3,358.0,East,1074.0
O000907,2026-05-30,C0300,P013,2,797.0,North,1594.0
O000908,2025-01-19,C0041,P002,4,235.0,North,940.0
O000909,2025-01-23,C0399,P004,2,680.0,West,1360.0
O000910,2026-02-17,C0172,P003,1,358.0,North,358.0
O000911,2025-01-30,C0494,P015,2,730.0,North,1460.0
O000912,2025-04-18,C0186,P004,2,680.0,East,1360.0
O000913,2026-01-02,C0214,P004,1,680.0,North,680.0
O000914,2025-10-08,C0306,P015,4,730.0,West,2920.0
O000915,2025-05-08,C0052,P006,4,393.0,West,1572.0
O000916,2025-08-17,C0070,P005,4,1124.0,West,4496.0
O000917,2025-04-21,C0196,P012,3,66.0,South,198.0
O000918,2025-05-16,C0447,P007,1,995.0,West,995.0
O000919,2025-12-28,C0442,P003,2,358.0,West,716.0
O000920,2025-07-05,C0151,P007,1,995.0,West,995.0
O000921,2025-05-09,C0428,P012,1,66.0,West,66.0
O000922,2025-09-18,C0109,P015,1,730.0,North,730.0
O000923,2026-05-30,C0467,P019,1,269.0,South,269.0
O000924,2026-03-25,C0118,P006,1,393.0,North,393.0
O000925,2025-04-14,C0365,P008,1,729.0,West,729.0
O000926,2026-04-28,C0095,P006,3,393.0,West,1179.0
O000927,2025-08-12,C0256,P003,1,358.0,East,358.0
O000928,2026-05-06,C0044,P005,1,1124.0,West,1124.0
O000929,2026-04-18,C0436,P009,4,485.0,West,1940.0
O000930,2025-01-10,C0067,P016,1,420.0,North,420.0
O000931,2026-02-09,C0156,P016,1,420.0,North,420.0
O000932,2025-10-29,C0323,P009,4,485.0,East,1940.0
O000933,2025-08-19,C0206,P018,4,1129.0,North,4516.0
O000934,2025-03-07,C0274,P013,4,797.0,West,3188.0
O000935,2025-04-22,C0155,P011,2,508.0,West,1016.0
O000936,2025-01-13,C0179,P010,1,1132.0,West,1132.0
O000937,2026-01-28,C0060,P010,1,1132.0,South,1132.0
O000938,2026-05-15,C0074,P006,1,393.0,West,393.0
O000939,2025-08-22,C0049,P016,4,420.0,East,1680.0
O000940,2025-11-10,C0271,P012,3,66.0,West,198.0
O000941,2025-01-12,C0467,P004,1,680.0,South,680.0
O000942,2025-07-28,C0073,P005,4,1124.0,North,4496.0
O000943,2025-01-14,C0196,P002,4,235.0,South,940.0
O000944,2026-02-22,C0399,P019,4,269.0,West,1076.0
O000945,2026-03-13,C0179,P001,1,31.0,West,31.0
O000946,2026-01-12,C0048,P004,4,680.0,East,2720.0
O000947,2025-01-20,C0072,P012,3,66.0,North,198.0
O000948,2025-03-11,C0113,P002,2,235.0,West,470.0
O000949,2025-07-30,C0245,P012,4,66.0,North,264.0
O000950,2025-04-11,C0385,P016,3,420.0,West,1260.0
O000951,2025-05-12,C0391,P002,3,235.0,West,705.0
O000952,2026-01-16,C0309,P017,1,1000.0,West,1000.0
O000953,2025-05-12,C0159,P002,4,235.0,North,940.0
O000954,2025-01-20,C0274,P004,4,680.0,West,2720.0
O000955,2026-06-20,C0268,P006,1,393.0,West,393.0
O000956,2025-08-15,C0304,P007,3,995.0,East,2985.0
O000957,2025-06-03,C0030,P015,4,730.0,North,2920.0
O000958,2026-04-14,C0097,P020,1,410.0,East,410.0
O000959,2026-02-09,C0251,P012,1,66.0,South,66.0
O000960,2025-07-21,C0495,P005,3,1124.0,South,3372.0
O000961,2025-02-07,C0007,P014,3,1059.0,North,3177.0
O000962,2025-07-07,C0092,P016,4,420.0,West,1680.0
O000963,2025-02-26,C0113,P011,4,508.0,West,2032.0
O000964,2025-01-20,C0259,P012,2,66.0,East,132.0
O000965,2025-09-30,C0107,P019,3,269.0,South,807.0
O000966,2025-04-29,C0063,P017,2,1000.0,West,2000.0
O000967,2026-05-31,C0390,P007,2,995.0,West,1990.0
O000968,2025-08-09,C0479,P009,1,485.0,West,485.0
O000969,2026-06-10,C0358,P014,1,1059.0,East,1059.0
O000970,2026-05-30,C0271,P020,4,410.0,West,1640.0
O000971,2025-12-02,C0199,P012,3,66.0,West,198.0
O000972,2025-02-24,C0427,P015,3,730.0,South,2190.0
O000973,2026-05-15,C0478,P012,2,66.0,East,132.0
O000974,2026-06-20,C0347,P013,2,797.0,East,1594.0
O000975,2025-06-11,C0337,P009,4,485.0,West,1940.0
O000976,2025-06-08,C0146,P007,1,995.0,North,995.0
O000977,2025-07-07,C0406,P001,3,31.0,West,93.0
O000978,2025-03-01,C0061,P010,3,1132.0,South,3396.0
O000979,2025-11-15,C0120,P006,3,393.0,East,1179.0
O000980,2025-07-30,C0061,P015,3,730.0,South,2190.0
O000981,2026-02-10,C0309,P015,1,730.0,West,730.0
O000982,2025-04-19,C0026,P009,4,485.0,West,1940.0
O000983,2025-03-17,C0115,P013,4,797.0,East,3188.0
O000984,2026-06-26,C0475,P001,1,31.0,East,31.0
O000985,2025-11-10,C0040,P009,4,485.0,South,1940.0
O000986,2025-04-27,C0344,P003,4,358.0,South,1432.0
O000987,2025-01-19,C0116,P009,2,485.0,West,970.0
O000988,2026-03-08,C0136,P020,1,410.0,South,410.0
O000989,2025-12-16,C0277,P015,4,730.0,West,2920.0
O000990,2025-07-02,C0477,P007,2,995.0,North,1990.0
O000991,2025-04-23,C0299,P004,1,680.0,East,680.0
O000992,2025-07-02,C0021,P020,1,410.0,East,410.0
O000993,2026-04-26,C0387,P017,3,1000.0,South,3000.0
O000994,2025-05-26,C0031,P004,2,680.0,East,1360.0
O000995,2025-04-23,C0247,P019,2,269.0,South,538.0
O000996,2026-04-21,C0411,P005,2,1124.0,South,2248.0
O000997,2025-10-30,C0494,P016,1,420.0,North,420.0
O000998,2025-04-28,C0027,P003,3,358.0,North,1074.0
O000999,2025-06-10,C0073,P011,1,508.0,North,508.0
O001000,2026-02-05,C0441,P015,4,730.0,North,2920.0
O001001,2025-07-17,C0097,P019,4,269.0,East,1076.0
O001002,2025-09-17,C0161,P014,4,1059.0,South,4236.0
O001003,2025-02-16,C0346,P016,3,420.0,East,1260.0
O001004,2026-02-03,C0476,P006,1,393.0,West,393.0
O001005,2025-03-19,C0300,P005,2,1124.0,North,2248.0
O001006,2025-05-04,C0299,P017,4,1000.0,East,4000.0
O001007,2025-03-16,C0287,P016,4,420.0,South,1680.0
O001008,2025-05-17,C0373,P002,1,235.0,North,235.0
O001009,2026-02-04,C0449,P011,2,508.0,South,1016.0
O001010,2026-05-20,C0212,P004,3,680.0,East,2040.0
O001011,2026-05-15,C0076,P006,4,393.0,West,1572.0
O001012,2025-05-18,C0401,P007,4,995.0,North,3980.0
O001013,2025-02-19,C0143,P017,4,1000.0,South,4000.0
O001014,2025-09-11,C0034,P008,2,729.0,West,1458.0
O001015,2026-03-02,C0498,P001,4,31.0,North,124.0
O001016,2025-10-29,C0336,P015,2,730.0,North,1460.0
O001017,2025-12-15,C0004,P020,4,410.0,East,1640.0
O001018,2025-02-18,C0328,P012,4,66.0,East,264.0
O001019,2025-03-15,C0098,P015,2,730.0,South,1460.0
O001020,2025-09-18,C0366,P015,2,730.0,South,1460.0
O001021,2025-12-22,C0217,P009,3,485.0,South,1455.0
O001022,2025-09-17,C0463,P016,1,420.0,West,420.0
O001023,2025-10-22,C0028,P002,4,235.0,East,940.0
O001024,2025-11-09,C0201,P015,4,730.0,East,2920.0
O001025,2025-07-01,C0386,P015,1,730.0,West,730.0
O001026,2025-12-30,C0273,P007,1,995.0,West,995.0
O001027,2025-07-07,C0314,P013,1,797.0,West,797.0
O001028,2026-06-27,C0127,P017,4,1000.0,West,4000.0
O001029,2026-02-12,C0202,P011,4,508.0,North,2032.0
O001030,2026-02-18,C0009,P010,4,1132.0,East,4528.0
O001031,2025-12-08,C0287,P001,2,31.0,South,62.0
O001032,2025-08-08,C0450,P014,3,1059.0,North,3177.0
O001033,2025-06-12,C0088,P005,3,1124.0,East,3372.0
O001034,2025-08-08,C0318,P008,1,729.0,North,729.0
O001035,2025-09-27,C0019,P001,1,31.0,South,31.0
O001036,2026-02-04,C0081,P007,4,995.0,West,3980.0
O001037,2025-07-01,C0107,P002,3,235.0,South,705.0
O001038,2025-07-24,C0497,P007,3,995.0,East,2985.0
O001039,2025-08-16,C0458,P007,2,995.0,South,1990.0
O001040,2025-09-07,C0498,P009,4,485.0,North,1940.0
O001041,2026-03-17,C0311,P004,4,680.0,South,2720.0
O001042,2026-06-17,C0412,P007,3,995.0,West,2985.0
O001043,2025-07-15,C0230,P020,3,410.0,East,1230.0
O001044,2026-06-03,C0112,P018,2,1129.0,North,2258.0
O001045,2025-03-11,C0220,P013,2,797.0,West,1594.0
O001046,2026-02-03,C0123,P011,4,508.0,South,2032.0
O001047,2025-07-22,C0498,P009,2,485.0,North,970.0
O001048,2025-05-28,C0244,P014,3,1059.0,South,3177.0
O001049,2026-04-17,C0178,P008,4,729.0,South,2916.0
O001050,2025-07-18,C0065,P014,3,1059.0,South,3177.0
O001051,2026-03-02,C0380,P017,4,1000.0,South,4000.0
O001052,2026-05-07,C0003,P014,4,1059.0,West,4236.0
O001053,2025-05-22,C0207,P005,3,1124.0,North,3372.0
O001054,2025-11-09,C0436,P010,4,1132.0,West,4528.0
O001055,2025-06-14,C0394,P006,4,393.0,West,1572.0
O001056,2025-11-10,C0021,P010,2,1132.0,East,2264.0
O001057,2025-01-21,C0293,P011,3,508.0,West,1524.0
O001058,2025-03-23,C0015,P006,3,393.0,North,1179.0
O001059,2025-05-11,C0343,P010,2,1132.0,North,2264.0
O001060,2025-11-01,C0206,P014,4,1059.0,North,4236.0
O001061,2026-01-06,C0463,P020,1,410.0,West,410.0
O001062,2026-01-19,C0202,P003,1,358.0,North,358.0
O001063,2026-03-21,C0120,P007,3,995.0,East,2985.0
O001064,2026-03-01,C0137,P002,2,235.0,East,470.0
O001065,2025-06-10,C0300,P007,4,995.0,North,3980.0
O001066,2025-06-27,C0295,P017,2,1000.0,North,2000.0
O001067,2026-05-05,C0389,P013,4,797.0,West,3188.0
O001068,2025-11-23,C0025,P009,3,485.0,South,1455.0
O001069,2025-10-16,C0312,P013,3,797.0,North,2391.0
O001070,2025-12-20,C0234,P015,1,730.0,South,730.0
O001071,2025-01-28,C0121,P013,2,797.0,West,1594.0
O001072,2025-02-12,C0090,P017,3,1000.0,South,3000.0
O001073,2026-02-27,C0320,P008,2,729.0,South,1458.0
O001074,2025-06-26,C0200,P009,3,485.0,West,1455.0
O001075,2026-06-13,C0470,P009,4,485.0,West,1940.0
O001076,2026-05-09,C0180,P008,4,729.0,North,2916.0
O001077,2025-07-17,C0345,P016,1,420.0,South,420.0
O001078,2026-06-01,C0368,P020,3,410.0,West,1230.0
O001079,2026-05-29,C0076,P007,1,995.0,West,995.0
O001080,2025-01-22,C0137,P017,1,1000.0,East,1000.0
O001081,2025-04-22,C0138,P007,3,995.0,West,2985.0
O001082,2025-02-26,C0496,P006,3,393.0,South,1179.0
O001083,2025-03-07,C0010,P005,4,1124.0,West,4496.0
O001084,2025-04-08,C0201,P017,1,1000.0,East,1000.0
O001085,2025-05-24,C0318,P008,4,729.0,North,2916.0
O001086,2026-03-11,C0346,P001,2,31.0,East,62.0
O001087,2025-03-27,C0483,P016,2,420.0,South,840.0
O001088,2025-12-10,C0219,P017,1,1000.0,East,1000.0
O001089,2025-10-21,C0060,P003,1,358.0,South,358.0
O001090,2025-08-31,C0479,P013,3,797.0,West,2391.0
O001091,2025-02-01,C0147,P008,3,729.0,East,2187.0
O001092,2026-01-26,C0107,P016,1,420.0,South,420.0
O001093,2025-10-04,C0038,P007,1,995.0,North,995.0
O001094,2026-06-16,C0134,P015,2,730.0,South,1460.0
O001095,2025-06-03,C0399,P002,4,235.0,West,940.0
O001096,2026-01-18,C0221,P002,2,235.0,East,470.0
O001097,2025-03-09,C0303,P010,2,1132.0,East,2264.0
O001098,2025-08-02,C0429,P005,4,1124.0,South,4496.0
O001099,2026-01-11,C0133,P004,1,680.0,North,680.0
O001100,2025-08-01,C0334,P015,1,730.0,North,730.0
O001101,2025-03-20,C0053,P013,2,797.0,West,1594.0
O001102,2026-01-16,C0450,P017,2,1000.0,North,2000.0
O001103,2025-02-27,C0062,P001,4,31.0,South,124.0
O001104,2025-01-26,C0023,P018,3,1129.0,South,3387.0
O001105,2026-03-23,C0044,P015,3,730.0,West,2190.0
O001106,2025-03-07,C0308,P014,1,1059.0,South,1059.0
O001107,2025-09-11,C0046,P009,3,485.0,East,1455.0
O001108,2025-02-13,C0147,P012,1,66.0,East,66.0
O001109,2025-04-07,C0216,P005,1,1124.0,North,1124.0
O001110,2025-08-15,C0340,P002,1,235.0,North,235.0
O001111,2026-03-12,C0047,P007,4,995.0,South,3980.0
O001112,2026-01-14,C0347,P009,2,485.0,East,970.0
O001113,2025-06-27,C0308,P018,3,1129.0,South,3387.0
O001114,2026-03-03,C0024,P004,4,680.0,South,2720.0
O001115,2025-11-03,C0145,P002,3,235.0,South,705.0
O001116,2026-05-19,C0089,P001,2,31.0,West,62.0
O001117,2025-09-25,C0174,P012,3,66.0,North,198.0
O001118,2025-01-08,C0064,P013,3,797.0,South,2391.0
O001119,2026-05-23,C0119,P014,2,1059.0,West,2118.0
O001120,2026-04-21,C0223,P005,3,1124.0,North,3372.0
O001121,2025-10-24,C0156,P003,4,358.0,North,1432.0
O001122,2025-06-13,C0178,P004,3,680.0,South,2040.0
O001123,2026-04-30,C0320,P017,2,1000.0,South,2000.0
O001124,2025-03-13,C0412,P019,3,269.0,West,807.0
O001125,2025-08-26,C0342,P011,4,508.0,South,2032.0
O001126,2025-04-14,C0056,P008,3,729.0,West,2187.0
O001127,2025-07-29,C0059,P012,2,66.0,North,132.0
O001128,2026-04-13,C0389,P018,2,1129.0,West,2258.0
O001129,2026-03-30,C0438,P018,2,1129.0,West,2258.0
O001130,2025-09-25,C0428,P009,2,485.0,West,970.0
O001131,2026-01-21,C0426,P005,1,1124.0,East,1124.0
O001132,2026-01-22,C0456,P017,2,1000.0,South,2000.0
O001133,2025-09-16,C0381,P013,3,797.0,North,2391.0
O001134,2025-10-10,C0486,P006,3,393.0,West,1179.0
O001135,2025-02-09,C0220,P014,3,1059.0,West,3177.0
O001136,2026-05-01,C0185,P015,3,730.0,South,2190.0
O001137,2025-08-08,C0047,P014,1,1059.0,South,1059.0
O001138,2025-05-09,C0460,P004,1,680.0,North,680.0
O001139,2026-06-04,C0377,P018,1,1129.0,West,1129.0
O001140,2025-09-17,C0409,P001,3,31.0,West,93.0
O001141,2026-01-01,C0102,P012,4,66.0,East,264.0
O001142,2026-06-28,C0044,P009,4,485.0,West,1940.0
O001143,2026-06-08,C0015,P010,3,1132.0,North,3396.0
O001144,2025-01-16,C0236,P018,2,1129.0,West,2258.0
O001145,2025-05-09,C0361,P017,2,1000.0,South,2000.0
O001146,2025-04-19,C0051,P019,3,269.0,West,807.0
O001147,2026-06-17,C0309,P004,2,680.0,West,1360.0
O001148,2025-09-26,C0034,P016,2,420.0,West,840.0
O001149,2025-06-11,C0124,P007,4,995.0,North,3980.0
O001150,2025-09-17,C0493,P009,3,485.0,South,1455.0
O001151,2025-04-12,C0077,P008,1,729.0,West,729.0
O001152,2026-05-21,C0392,P007,4,995.0,South,3980.0
O001153,2025-09-04,C0123,P010,3,1132.0,South,3396.0
O001154,2026-06-21,C0205,P008,3,729.0,East,2187.0
O001155,2025-05-11,C0228,P017,4,1000.0,South,4000.0
O001156,2025-12-19,C0070,P012,2,66.0,West,132.0
O001157,2025-07-15,C0230,P014,2,1059.0,East,2118.0
O001158,2026-01-17,C0480,P012,4,66.0,East,264.0
O001159,2025-08-15,C0021,P002,3,235.0,East,705.0
O001160,2026-04-21,C0108,P012,1,66.0,West,66.0
O001161,2026-04-22,C0364,P014,3,1059.0,East,3177.0
O001162,2025-09-22,C0241,P007,1,995.0,West,995.0
O001163,2026-01-07,C0251,P013,1,797.0,South,797.0
O001164,2026-05-01,C0135,P004,3,680.0,West,2040.0
O001165,2026-03-10,C0090,P001,3,31.0,South,93.0
O001166,2025-07-30,C0079,P017,3,1000.0,South,3000.0
O001167,2026-01-12,C0440,P003,1,358.0,North,358.0
O001168,2026-01-30,C0177,P017,2,1000.0,East,2000.0
O001169,2026-03-26,C0298,P008,1,729.0,North,729.0
O001170,2025-12-30,C0407,P003,1,358.0,South,358.0
O001171,2026-04-02,C0308,P010,1,1132.0,South,1132.0
O001172,2025-08-14,C0102,P002,4,235.0,East,940.0
O001173,2025-05-11,C0361,P004,2,680.0,South,1360.0
O001174,2026-04-21,C0335,P014,1,1059.0,North,1059.0
O001175,2025-10-04,C0112,P011,1,508.0,North,508.0
O001176,2025-06-05,C0181,P014,4,1059.0,South,4236.0
O001177,2025-08-06,C0104,P013,1,797.0,East,797.0
O001178,2025-07-09,C0016,P004,2,680.0,North,1360.0
O001179,2026-02-21,C0096,P002,1,235.0,South,235.0
O001180,2026-06-30,C0293,P002,1,235.0,West,235.0
O001181,2025-02-10,C0146,P011,2,508.0,North,1016.0
O001182,2025-11-03,C0404,P005,3,1124.0,West,3372.0
O001183,2025-12-04,C0302,P009,4,485.0,East,1940.0
O001184,2025-11-10,C0002,P020,4,410.0,West,1640.0
O001185,2025-03-16,C0119,P017,4,1000.0,West,4000.0
O001186,2025-10-06,C0343,P012,3,66.0,North,198.0
O001187,2025-06-25,C0094,P018,3,1129.0,East,3387.0
O001188,2025-09-30,C0191,P003,2,358.0,North,716.0
O001189,2025-10-16,C0003,P005,4,1124.0,West,4496.0
O001190,2025-09-29,C0430,P020,3,410.0,North,1230.0
O001191,2025-03-07,C0487,P014,3,1059.0,North,3177.0
O001192,2026-04-28,C0111,P016,3,420.0,South,1260.0
O001193,2025-09-05,C0177,P019,2,269.0,East,538.0
O001194,2025-06-05,C0257,P009,1,485.0,West,485.0
O001195,2025-02-16,C0361,P017,3,1000.0,South,3000.0
O001196,2026-03-30,C0022,P007,3,995.0,North,2985.0
O001197,2025-07-20,C0477,P010,3,1132.0,North,3396.0
O001198,2025-05-04,C0398,P004,4,680.0,South,2720.0
O001199,2025-01-01,C0496,P010,4,1132.0,South,4528.0
O001200,2025-07-10,C0220,P003,3,358.0,West,1074.0
O001201,2026-05-31,C0469,P009,2,485.0,North,970.0
O001202,2026-03-18,C0173,P013,1,797.0,East,797.0
O001203,2025-05-23,C0224,P001,4,31.0,South,124.0
O001204,2025-07-10,C0390,P015,1,730.0,West,730.0
O001205,2026-06-17,C0065,P015,3,730.0,South,2190.0
O001206,2025-08-15,C0277,P011,4,508.0,West,2032.0
O001207,2025-11-09,C0249,P010,1,1132.0,West,1132.0
O001208,2025-10-29,C0260,P007,3,995.0,North,2985.0
O001209,2026-04-05,C0131,P001,4,31.0,South,124.0
O001210,2026-02-05,C0113,P007,3,995.0,West,2985.0
O001211,2026-01-28,C0286,P005,4,1124.0,North,4496.0
O001212,2025-07-26,C0287,P016,1,420.0,South,420.0
O001213,2025-07-29,C0418,P008,1,729.0,South,729.0
O001214,2025-04-25,C0211,P002,4,235.0,East,940.0
O001215,2025-09-08,C0020,P008,2,729.0,South,1458.0
O001216,2025-08-07,C0215,P014,3,1059.0,West,3177.0
O001217,2026-02-11,C0310,P004,1,680.0,South,680.0
O001218,2026-03-19,C0251,P015,2,730.0,South,1460.0
O001219,2025-12-20,C0488,P007,4,995.0,South,3980.0
O001220,2025-05-22,C0382,P020,1,410.0,East,410.0
O001221,2026-05-16,C0409,P008,1,729.0,West,729.0
O001222,2026-06-26,C0271,P011,3,508.0,West,1524.0
O001223,2026-05-22,C0422,P002,1,235.0,West,235.0
O001224,2025-10-08,C0407,P009,3,485.0,South,1455.0
O001225,2026-02-28,C0180,P006,4,393.0,North,1572.0
O001226,2025-09-27,C0194,P001,1,31.0,East,31.0
O001227,2025-06-03,C0441,P003,2,358.0,North,716.0
O001228,2025-03-24,C0313,P010,3,1132.0,North,3396.0
O001229,2026-03-02,C0079,P005,2,1124.0,South,2248.0
O001230,2025-10-02,C0180,P012,4,66.0,North,264.0
O001231,2025-10-11,C0492,P001,1,31.0,East,31.0
O001232,2025-06-22,C0163,P009,2,485.0,East,970.0
O001233,2025-11-23,C0202,P013,4,797.0,North,3188.0
O001234,2025-03-04,C0014,P019,4,269.0,North,1076.0
O001235,2025-03-14,C0347,P007,1,995.0,East,995.0
O001236,2026-01-10,C0246,P016,3,420.0,West,1260.0
O001237,2026-05-23,C0014,P008,1,729.0,North,729.0
O001238,2026-02-02,C0099,P019,1,269.0,North,269.0
O001239,2025-04-30,C0033,P007,2,995.0,North,1990.0
O001240,2026-03-13,C0436,P004,2,680.0,West,1360.0
O001241,2026-04-10,C0257,P010,3,1132.0,West,3396.0
O001242,2025-10-13,C0034,P001,4,31.0,West,124.0
O001243,2025-09-22,C0019,P017,2,1000.0,South,2000.0
O001244,2025-11-16,C0152,P013,3,797.0,North,2391.0
O001245,2026-01-11,C0490,P019,1,269.0,West,269.0
O001246,2025-03-30,C0260,P013,4,797.0,North,3188.0
O001247,2025-07-22,C0164,P009,1,485.0,East,485.0
O001248,2025-11-30,C0077,P005,4,1124.0,West,4496.0
O001249,2025-08-10,C0314,P001,2,31.0,West,62.0
O001250,2025-02-10,C0416,P002,1,235.0,South,235.0
O001251,2025-03-09,C0137,P011,1,508.0,East,508.0
O001252,2026-05-29,C0359,P004,4,680.0,West,2720.0
O001253,2025-05-07,C0208,P009,3,485.0,East,1455.0
O001254,2025-09-12,C0242,P005,4,1124.0,West,4496.0
O001255,2025-01-16,C0067,P005,2,1124.0,North,2248.0
O001256,2026-04-22,C0116,P008,3,729.0,West,2187.0
O001257,2025-03-03,C0404,P002,1,235.0,West,235.0
O001258,2026-03-08,C0202,P007,1,995.0,North,995.0
O001259,2025-09-25,C0376,P017,1,1000.0,South,1000.0
O001260,2025-02-04,C0250,P011,2,508.0,West,1016.0
O001261,2026-05-09,C0446,P015,1,730.0,West,730.0
O001262,2026-04-14,C0442,P003,1,358.0,West,358.0
O001263,2025-11-21,C0278,P013,3,797.0,East,2391.0
O001264,2025-10-31,C0112,P018,2,1129.0,North,2258.0
O001265,2025-10-03,C0451,P020,1,410.0,West,410.0
O001266,2025-07-20,C0331,P020,3,410.0,South,1230.0
O001267,2026-03-21,C0473,P003,1,358.0,North,358.0
O001268,2025-11-20,C0234,P002,3,235.0,South,705.0
O001269,2025-02-04,C0176,P005,1,1124.0,North,1124.0
O001270,2026-04-27,C0392,P020,2,410.0,South,820.0
O001271,2026-04-25,C0457,P005,4,1124.0,North,4496.0
O001272,2025-03-06,C0143,P013,2,797.0,South,1594.0
O001273,2025-01-08,C0032,P008,3,729.0,North,2187.0
O001274,2025-10-28,C0181,P016,1,420.0,South,420.0
O001275,2025-12-09,C0067,P018,2,1129.0,North,2258.0
O001276,2026-03-07,C0004,P016,1,420.0,East,420.0
O001277,2026-02-28,C0286,P001,2,31.0,North,62.0
O001278,2025-11-28,C0269,P008,3,729.0,South,2187.0
O001279,2026-03-14,C0236,P002,2,235.0,West,470.0
O001280,2025-06-23,C0277,P005,2,1124.0,West,2248.0
O001281,2026-06-11,C0041,P015,1,730.0,North,730.0
O001282,2025-01-26,C0121,P014,1,1059.0,West,1059.0
O001283,2026-02-10,C0494,P003,1,358.0,North,358.0
O001284,2025-08-20,C0275,P007,3,995.0,East,2985.0
O001285,2026-06-17,C0231,P004,3,680.0,West,2040.0
O001286,2026-05-20,C0304,P011,4,508.0,East,2032.0
O001287,2025-06-28,C0086,P012,1,66.0,South,66.0
O001288,2025-05-12,C0063,P015,4,730.0,West,2920.0
O001289,2026-03-31,C0404,P006,1,393.0,West,393.0
O001290,2025-12-14,C0192,P001,2,31.0,West,62.0
O001291,2026-06-24,C0293,P018,2,1129.0,West,2258.0
O001292,2026-02-10,C0031,P014,2,1059.0,East,2118.0
O001293,2025-03-17,C0330,P007,1,995.0,North,995.0
O001294,2026-05-07,C0146,P010,2,1132.0,North,2264.0
O001295,2025-07-13,C0107,P009,1,485.0,South,485.0
O001296,2025-06-11,C0359,P002,4,235.0,West,940.0
O001297,2025-12-13,C0110,P008,3,729.0,North,2187.0
O001298,2025-12-27,C0276,P001,2,31.0,East,62.0
O001299,2025-03-28,C0210,P020,1,410.0,North,410.0
O001300,2025-09-19,C0139,P002,1,235.0,South,235.0
O001301,2025-08-02,C0086,P007,4,995.0,South,3980.0
O001302,2025-09-19,C0044,P016,4,420.0,West,1680.0
O001303,2025-10-10,C0082,P004,3,680.0,East,2040.0
O001304,2026-04-12,C0064,P017,4,1000.0,South,4000.0
O001305,2026-01-15,C0378,P004,3,680.0,North,2040.0
O001306,2025-12-28,C0418,P003,3,358.0,South,1074.0
O001307,2026-03-25,C0343,P009,4,485.0,North,1940.0
O001308,2026-03-17,C0321,P015,3,730.0,East,2190.0
O001309,2025-04-03,C0055,P020,2,410.0,East,820.0
O001310,2026-02-28,C0074,P003,3,358.0,West,1074.0
O001311,2025-05-22,C0373,P012,1,66.0,North,66.0
O001312,2025-10-18,C0129,P015,1,730.0,North,730.0
O001313,2026-03-08,C0256,P020,1,410.0,East,410.0
O001314,2025-02-18,C0422,P008,4,729.0,West,2916.0
O001315,2025-10-29,C0231,P012,1,66.0,West,66.0
O001316,2025-07-09,C0497,P013,4,797.0,East,3188.0
O001317,2025-05-16,C0137,P015,1,730.0,East,730.0
O001318,2026-02-08,C0351,P011,3,508.0,East,1524.0
O001319,2025-12-07,C0455,P017,4,1000.0,North,4000.0
O001320,2025-11-14,C0401,P012,1,66.0,North,66.0
O001321,2025-12-29,C0355,P020,3,410.0,North,1230.0
O001322,2026-01-17,C0112,P018,4,1129.0,North,4516.0
O001323,2025-08-21,C0485,P016,3,420.0,East,1260.0
O001324,2025-12-10,C0308,P003,3,358.0,South,1074.0
O001325,2026-06-13,C0146,P009,3,485.0,North,1455.0
O001326,2025-07-02,C0447,P007,4,995.0,West,3980.0
O001327,2025-02-10,C0033,P019,4,269.0,North,1076.0
O001328,2026-02-01,C0260,P005,2,1124.0,North,2248.0
O001329,2026-05-09,C0087,P019,2,269.0,West,538.0
O001330,2025-11-29,C0331,P010,2,1132.0,South,2264.0
O001331,2025-05-07,C0436,P020,2,410.0,West,820.0
O001332,2025-01-01,C0265,P012,4,66.0,West,264.0
O001333,2025-06-17,C0320,P008,2,729.0,South,1458.0
O001334,2025-01-19,C0030,P003,1,358.0,North,358.0
O001335,2025-11-28,C0392,P019,2,269.0,South,538.0
O001336,2026-04-01,C0232,P011,1,508.0,East,508.0
O001337,2025-04-19,C0389,P008,1,729.0,West,729.0
O001338,2025-09-25,C0076,P013,3,797.0,West,2391.0
O001339,2026-03-21,C0447,P010,3,1132.0,West,3396.0
O001340,2025-08-28,C0129,P018,3,1129.0,North,3387.0
O001341,2025-10-28,C0271,P012,2,66.0,West,132.0
O001342,2025-04-13,C0089,P007,4,995.0,West,3980.0
O001343,2025-09-07,C0466,P011,1,508.0,South,508.0
O001344,2026-03-29,C0422,P010,4,1132.0,West,4528.0
O001345,2026-06-04,C0170,P003,4,358.0,East,1432.0
O001346,2025-06-02,C0128,P007,2,995.0,West,1990.0
O001347,2025-06-23,C0174,P004,4,680.0,North,2720.0
O001348,2025-12-09,C0437,P008,4,729.0,North,2916.0
O001349,2026-03-07,C0026,P008,3,729.0,West,2187.0
O001350,2025-11-20,C0061,P006,3,393.0,South,1179.0
O001351,2026-02-24,C0488,P013,1,797.0,South,797.0
O001352,2026-04-30,C0379,P012,1,66.0,West,66.0
O001353,2026-02-16,C0067,P003,3,358.0,North,1074.0
O001354,2025-03-25,C0438,P006,2,393.0,West,786.0
O001355,2025-04-23,C0406,P019,2,269.0,West,538.0
O001356,2025-11-28,C0026,P011,1,508.0,West,508.0
O001357,2026-01-13,C0083,P004,3,680.0,South,2040.0
O001358,2025-02-10,C0492,P015,2,730.0,East,1460.0
O001359,2025-04-15,C0364,P002,4,235.0,East,940.0
O001360,2025-07-21,C0367,P015,1,730.0,West,730.0
O001361,2026-03-26,C0060,P017,1,1000.0,South,1000.0
O001362,2025-09-23,C0039,P002,4,235.0,East,940.0
O001363,2025-07-29,C0123,P007,4,995.0,South,3980.0
O001364,2025-04-28,C0292,P016,1,420.0,North,420.0
O001365,2026-01-12,C0277,P005,4,1124.0,West,4496.0
O001366,2026-06-24,C0425,P016,2,420.0,North,840.0
O001367,2025-03-25,C0374,P019,1,269.0,East,269.0
O001368,2026-03-30,C0304,P002,2,235.0,East,470.0
O001369,2026-05-29,C0282,P015,1,730.0,South,730.0
O001370,2026-01-22,C0191,P004,2,680.0,North,1360.0
O001371,2025-12-16,C0461,P002,3,235.0,North,705.0
O001372,2025-10-23,C0292,P010,2,1132.0,North,2264.0
O001373,2025-09-15,C0152,P005,4,1124.0,North,4496.0
O001374,2025-03-22,C0384,P018,3,1129.0,West,3387.0
O001375,2025-09-25,C0233,P004,1,680.0,East,680.0
O001376,2026-02-23,C0474,P001,2,31.0,West,62.0
O001377,2025-08-23,C0405,P018,1,1129.0,South,1129.0
O001378,2025-11-07,C0146,P020,3,410.0,North,1230.0
O001379,2025-12-23,C0271,P006,4,393.0,West,1572.0
O001380,2025-08-01,C0335,P020,4,410.0,North,1640.0
O001381,2025-02-18,C0134,P020,4,410.0,South,1640.0
O001382,2025-05-07,C0171,P014,1,1059.0,East,1059.0
O001383,2025-08-11,C0415,P010,4,1132.0,East,4528.0
O001384,2025-10-06,C0028,P018,4,1129.0,East,4516.0
O001385,2026-02-12,C0136,P009,1,485.0,South,485.0
O001386,2026-05-20,C0413,P012,1,66.0,West,66.0
O001387,2025-10-21,C0405,P010,3,1132.0,South,3396.0
O001388,2025-10-04,C0465,P019,4,269.0,West,1076.0
O001389,2026-03-14,C0376,P006,3,393.0,South,1179.0
O001390,2025-04-17,C0241,P014,2,1059.0,West,2118.0
O001391,2026-02-24,C0344,P008,2,729.0,South,1458.0
O001392,2026-03-05,C0442,P014,2,1059.0,West,2118.0
O001393,2026-01-10,C0444,P011,2,508.0,South,1016.0
O001394,2025-03-14,C0434,P016,1,420.0,North,420.0
O001395,2025-01-30,C0228,P020,3,410.0,South,1230.0
O001396,2025-07-07,C0287,P006,3,393.0,South,1179.0
O001397,2025-12-30,C0303,P015,1,730.0,East,730.0
O001398,2026-03-27,C0034,P015,2,730.0,West,1460.0
O001399,2025-07-14,C0002,P014,3,1059.0,West,3177.0
O001400,2025-06-05,C0362,P012,4,66.0,East,264.0
O001401,2025-06-21,C0195,P002,1,235.0,South,235.0
O001402,2025-02-10,C0094,P008,1,729.0,East,729.0
O001403,2025-03-04,C0328,P019,4,269.0,East,1076.0
O001404,2025-01-23,C0308,P014,2,1059.0,South,2118.0
O001405,2025-12-26,C0135,P005,2,1124.0,West,2248.0
O001406,2025-03-16,C0204,P009,3,485.0,West,1455.0
O001407,2025-04-28,C0250,P013,4,797.0,West,3188.0
O001408,2026-01-15,C0147,P009,3,485.0,East,1455.0
O001409,2025-10-17,C0346,P014,2,1059.0,East,2118.0
O001410,2026-03-16,C0348,P005,3,1124.0,North,3372.0
O001411,2025-01-07,C0254,P002,4,235.0,South,940.0
O001412,2025-07-15,C0399,P007,4,995.0,West,3980.0
O001413,2026-02-25,C0334,P016,4,420.0,North,1680.0
O001414,2025-07-12,C0176,P011,2,508.0,North,1016.0
O001415,2025-05-28,C0125,P011,1,508.0,North,508.0
O001416,2025-07-21,C0251,P012,1,66.0,South,66.0
O001417,2026-03-20,C0398,P013,1,797.0,South,797.0
O001418,2026-02-23,C0131,P008,3,729.0,South,2187.0
O001419,2026-03-03,C0050,P016,4,420.0,North,1680.0
O001420,2026-04-24,C0093,P001,1,31.0,West,31.0
O001421,2026-04-20,C0380,P013,1,797.0,South,797.0
O001422,2025-05-06,C0310,P011,1,508.0,South,508.0
O001423,2026-01-30,C0390,P004,3,680.0,West,2040.0
O001424,2025-11-21,C0433,P004,3,680.0,East,2040.0
O001425,2026-01-27,C0407,P015,1,730.0,South,730.0
O001426,2026-03-16,C0220,P003,2,358.0,West,716.0
O001427,2025-07-23,C0334,P019,4,269.0,North,1076.0
O001428,2026-05-01,C0334,P002,3,235.0,North,705.0
O001429,2025-01-31,C0020,P006,3,393.0,South,1179.0
O001430,2026-01-23,C0205,P008,4,729.0,East,2916.0
O001431,2026-03-10,C0091,P017,3,1000.0,North,3000.0
O001432,2026-01-11,C0444,P005,3,1124.0,South,3372.0
O001433,2025-12-10,C0355,P002,4,235.0,North,940.0
O001434,2026-03-19,C0173,P012,4,66.0,East,264.0
O001435,2025-03-16,C0189,P005,2,1124.0,East,2248.0
O001436,2025-06-04,C0312,P010,3,1132.0,North,3396.0
O001437,2026-03-06,C0002,P009,3,485.0,West,1455.0
O001438,2025-12-29,C0361,P020,2,410.0,South,820.0
O001439,2026-03-24,C0429,P008,3,729.0,South,2187.0
O001440,2025-08-22,C0168,P001,3,31.0,North,93.0
O001441,2025-09-19,C0368,P006,1,393.0,West,393.0
O001442,2025-05-05,C0024,P011,1,508.0,South,508.0
O001443,2025-09-02,C0413,P003,1,358.0,West,358.0
O001444,2026-06-26,C0451,P015,2,730.0,West,1460.0
O001445,2026-04-30,C0365,P011,3,508.0,West,1524.0
O001446,2025-05-02,C0068,P005,2,1124.0,West,2248.0
O001447,2025-05-05,C0370,P016,2,420.0,North,840.0
O001448,2025-06-19,C0194,P007,3,995.0,East,2985.0
O001449,2025-05-04,C0084,P006,4,393.0,North,1572.0
O001450,2025-02-04,C0438,P009,4,485.0,West,1940.0
O001451,2025-03-28,C0437,P007,3,995.0,North,2985.0
O001452,2025-07-20,C0207,P003,4,358.0,North,1432.0
O001453,2026-01-04,C0049,P011,1,508.0,East,508.0
O001454,2025-03-18,C0032,P012,3,66.0,North,198.0
O001455,2025-02-28,C0317,P011,2,508.0,South,1016.0
O001456,2026-03-07,C0170,P002,1,235.0,East,235.0
O001457,2026-05-15,C0129,P001,2,31.0,North,62.0
O001458,2025-04-19,C0447,P002,4,235.0,West,940.0
O001459,2025-10-05,C0102,P014,3,1059.0,East,3177.0
O001460,2025-03-09,C0035,P013,1,797.0,West,797.0
O001461,2025-03-10,C0307,P005,3,1124.0,East,3372.0
O001462,2025-06-14,C0199,P002,1,235.0,West,235.0
O001463,2026-05-04,C0301,P019,1,269.0,North,269.0
O001464,2025-11-01,C0077,P017,1,1000.0,West,1000.0
O001465,2025-12-31,C0369,P011,3,508.0,North,1524.0
O001466,2026-01-14,C0321,P016,1,420.0,East,420.0
O001467,2025-12-09,C0014,P020,1,410.0,North,410.0
O001468,2025-12-20,C0349,P018,3,1129.0,South,3387.0
O001469,2026-02-20,C0131,P020,2,410.0,South,820.0
O001470,2025-04-19,C0238,P008,4,729.0,North,2916.0
O001471,2026-05-12,C0280,P002,1,235.0,West,235.0
O001472,2025-12-07,C0065,P017,3,1000.0,South,3000.0
O001473,2026-01-18,C0432,P011,1,508.0,West,508.0
O001474,2026-06-17,C0138,P014,3,1059.0,West,3177.0
O001475,2025-10-27,C0269,P016,3,420.0,South,1260.0
O001476,2025-05-19,C0228,P015,4,730.0,South,2920.0
O001477,2025-12-25,C0201,P015,3,730.0,East,2190.0
O001478,2026-05-14,C0142,P003,1,358.0,South,358.0
O001479,2026-01-20,C0100,P007,4,995.0,North,3980.0
O001480,2025-10-07,C0138,P012,3,66.0,West,198.0
O001481,2026-04-28,C0168,P003,1,358.0,North,358.0
O001482,2025-04-21,C0407,P019,4,269.0,South,1076.0
O001483,2025-05-19,C0099,P010,3,1132.0,North,3396.0
O001484,2026-03-11,C0311,P008,1,729.0,South,729.0
O001485,2026-05-24,C0319,P016,4,420.0,North,1680.0
O001486,2025-09-30,C0327,P016,1,420.0,East,420.0
O001487,2025-04-09,C0426,P012,4,66.0,East,264.0
O001488,2025-04-14,C0355,P005,3,1124.0,North,3372.0
O001489,2025-08-02,C0066,P020,2,410.0,East,820.0
O001490,2025-06-14,C0335,P006,4,393.0,North,1572.0
O001491,2026-06-04,C0329,P006,3,393.0,South,1179.0
O001492,2025-10-11,C0047,P008,4,729.0,South,2916.0
O001493,2026-06-01,C0337,P017,2,1000.0,West,2000.0
O001494,2025-06-13,C0382,P012,1,66.0,East,66.0
O001495,2025-03-05,C0231,P014,2,1059.0,West,2118.0
O001496,2025-04-01,C0308,P002,2,235.0,South,470.0
O001497,2025-04-27,C0146,P019,1,269.0,North,269.0
O001498,2025-09-24,C0207,P006,2,393.0,North,786.0
O001499,2025-05-20,C0146,P018,3,1129.0,North,3387.0
O001500,2025-09-03,C0152,P004,4,680.0,North,2720.0
O001501,2026-01-30,C0279,P005,2,1124.0,West,2248.0
O001502,2026-05-02,C0140,P006,4,393.0,West,1572.0
O001503,2026-04-21,C0151,P015,4,730.0,West,2920.0
O001504,2026-06-01,C0021,P006,1,393.0,East,393.0
O001505,2025-07-03,C0254,P008,2,729.0,South,1458.0
O001506,2025-01-20,C0064,P009,1,485.0,South,485.0
O001507,2026-06-08,C0218,P006,1,393.0,West,393.0
O001508,2026-06-13,C0072,P002,4,235.0,North,940.0
O001509,2025-05-27,C0478,P016,3,420.0,East,1260.0
O001510,2025-10-31,C0162,P020,4,410.0,East,1640.0
O001511,2025-08-16,C0130,P001,1,31.0,East,31.0
O001512,2025-04-12,C0069,P016,2,420.0,North,840.0
O001513,2026-02-21,C0415,P001,3,31.0,East,93.0
O001514,2025-08-04,C0225,P001,3,31.0,South,93.0
O001515,2026-02-11,C0246,P007,2,995.0,West,1990.0
O001516,2026-02-03,C0068,P016,2,420.0,West,840.0
O001517,2026-05-14,C0454,P017,3,1000.0,West,3000.0
O001518,2026-04-10,C0471,P016,1,420.0,North,420.0
O001519,2025-03-23,C0493,P016,3,420.0,South,1260.0
O001520,2025-12-31,C0403,P006,3,393.0,East,1179.0
O001521,2025-06-12,C0384,P018,3,1129.0,West,3387.0
O001522,2025-02-17,C0107,P003,1,358.0,South,358.0
O001523,2026-05-26,C0109,P008,2,729.0,North,1458.0
O001524,2025-11-25,C0328,P004,2,680.0,East,1360.0
O001525,2025-04-26,C0103,P004,2,680.0,South,1360.0
O001526,2025-12-03,C0141,P017,1,1000.0,West,1000.0
O001527,2025-05-27,C0065,P005,1,1124.0,South,1124.0
O001528,2025-11-19,C0134,P014,2,1059.0,South,2118.0
O001529,2026-03-19,C0199,P015,4,730.0,West,2920.0
O001530,2025-01-13,C0368,P012,4,66.0,West,264.0
O001531,2026-05-09,C0155,P013,2,797.0,West,1594.0
O001532,2025-10-14,C0079,P018,4,1129.0,South,4516.0
O001533,2025-04-24,C0436,P014,4,1059.0,West,4236.0
O001534,2026-04-25,C0382,P019,2,269.0,East,538.0
O001535,2025-01-22,C0482,P007,2,995.0,East,1990.0
O001536,2025-12-15,C0250,P006,1,393.0,West,393.0
O001537,2025-11-16,C0377,P005,4,1124.0,West,4496.0
O001538,2025-05-06,C0087,P004,4,680.0,West,2720.0
O001539,2025-10-04,C0304,P018,2,1129.0,East,2258.0
O001540,2025-07-23,C0241,P014,3,1059.0,West,3177.0
O001541,2025-07-13,C0088,P016,2,420.0,East,840.0
O001542,2025-10-13,C0463,P020,1,410.0,West,410.0
O001543,2025-02-26,C0483,P014,3,1059.0,South,3177.0
O001544,2025-10-30,C0324,P005,3,1124.0,South,3372.0
O001545,2025-06-12,C0172,P011,3,508.0,North,1524.0
O001546,2025-01-19,C0357,P012,1,66.0,North,66.0
O001547,2026-01-05,C0017,P018,4,1129.0,South,4516.0
O001548,2025-09-21,C0223,P004,2,680.0,North,1360.0
O001549,2025-04-23,C0294,P013,1,797.0,South,797.0
O001550,2026-05-03,C0394,P020,1,410.0,West,410.0
O001551,2025-11-23,C0310,P013,3,797.0,South,2391.0
O001552,2026-06-26,C0498,P004,3,680.0,North,2040.0
O001553,2025-03-06,C0219,P007,1,995.0,East,995.0
O001554,2025-10-19,C0234,P002,4,235.0,South,940.0
O001555,2025-01-25,C0390,P018,3,1129.0,West,3387.0
O001556,2025-01-01,C0248,P006,1,393.0,West,393.0
O001557,2025-05-21,C0390,P016,3,420.0,West,1260.0
O001558,2025-07-07,C0052,P003,2,358.0,West,716.0
O001559,2025-05-08,C0015,P015,2,730.0,North,1460.0
O001560,2025-07-20,C0324,P020,2,410.0,South,820.0
O001561,2025-05-07,C0441,P010,3,1132.0,North,3396.0
O001562,2025-09-14,C0112,P009,3,485.0,North,1455.0
O001563,2025-07-13,C0184,P011,4,508.0,West,2032.0
O001564,2025-04-14,C0360,P014,2,1059.0,East,2118.0
O001565,2026-06-19,C0007,P012,4,66.0,North,264.0
O001566,2025-09-22,C0051,P007,1,995.0,West,995.0
O001567,2026-01-19,C0314,P011,1,508.0,West,508.0
O001568,2025-09-17,C0241,P017,2,1000.0,West,2000.0
O001569,2026-02-18,C0245,P009,4,485.0,North,1940.0
O001570,2025-12-24,C0448,P013,3,797.0,West,2391.0
O001571,2025-03-16,C0365,P016,4,420.0,West,1680.0
O001572,2025-12-21,C0367,P003,1,358.0,West,358.0
O001573,2025-07-07,C0410,P005,4,1124.0,North,4496.0
O001574,2025-10-17,C0186,P017,1,1000.0,East,1000.0
O001575,2025-02-14,C0287,P001,1,31.0,South,31.0
O001576,2025-03-24,C0450,P009,4,485.0,North,1940.0
O001577,2025-05-03,C0092,P017,3,1000.0,West,3000.0
O001578,2025-12-24,C0106,P013,1,797.0,North,797.0
O001579,2026-06-12,C0013,P015,4,730.0,West,2920.0
O001580,2025-03-07,C0146,P008,1,729.0,North,729.0
O001581,2026-01-10,C0478,P008,2,729.0,East,1458.0
O001582,2025-06-11,C0119,P002,3,235.0,West,705.0
O001583,2026-01-15,C0203,P010,2,1132.0,North,2264.0
O001584,2025-12-24,C0141,P005,1,1124.0,West,1124.0
O001585,2025-07-07,C0115,P016,3,420.0,East,1260.0
O001586,2025-11-18,C0152,P019,4,269.0,North,1076.0
O001587,2026-03-26,C0057,P001,4,31.0,North,124.0
O001588,2026-04-19,C0382,P013,3,797.0,East,2391.0
O001589,2025-01-13,C0157,P004,2,680.0,East,1360.0
O001590,2025-07-03,C0440,P007,2,995.0,North,1990.0
O001591,2025-04-21,C0310,P001,3,31.0,South,93.0
O001592,2026-05-23,C0133,P002,4,235.0,North,940.0
O001593,2025-10-17,C0163,P016,3,420.0,East,1260.0
O001594,2025-10-22,C0275,P014,2,1059.0,East,2118.0
O001595,2026-03-27,C0183,P005,1,1124.0,West,1124.0
O001596,2025-08-03,C0077,P014,4,1059.0,West,4236.0
O001597,2025-01-27,C0325,P017,3,1000.0,West,3000.0
O001598,2025-08-19,C0044,P012,1,66.0,West,66.0
O001599,2025-11-17,C0206,P020,2,410.0,North,820.0
O001600,2025-08-21,C0038,P012,4,66.0,North,264.0
O001601,2026-03-13,C0318,P003,3,358.0,North,1074.0
O001602,2026-06-17,C0022,P002,2,235.0,North,470.0
O001603,2026-02-07,C0073,P015,3,730.0,North,2190.0
O001604,2025-02-22,C0241,P011,3,508.0,West,1524.0
O001605,2025-11-09,C0424,P010,4,1132.0,South,4528.0
O001606,2025-10-08,C0154,P018,2,1129.0,South,2258.0
O001607,2025-01-31,C0237,P002,2,235.0,South,470.0
O001608,2025-12-03,C0381,P007,1,995.0,North,995.0
O001609,2025-07-02,C0005,P007,2,995.0,North,1990.0
O001610,2025-01-23,C0221,P007,2,995.0,East,1990.0
O001611,2026-06-28,C0310,P014,4,1059.0,South,4236.0
O001612,2026-03-22,C0086,P002,1,235.0,South,235.0
O001613,2025-03-15,C0177,P002,4,235.0,East,940.0
O001614,2025-01-10,C0259,P015,2,730.0,East,1460.0
O001615,2026-04-29,C0220,P011,1,508.0,West,508.0
O001616,2026-04-01,C0038,P010,4,1132.0,North,4528.0
O001617,2025-06-09,C0142,P003,1,358.0,South,358.0
O001618,2025-01-14,C0431,P017,2,1000.0,North,2000.0
O001619,2025-06-27,C0398,P009,1,485.0,South,485.0
O001620,2026-02-16,C0235,P015,1,730.0,North,730.0
O001621,2025-02-22,C0203,P014,1,1059.0,North,1059.0
O001622,2026-02-12,C0329,P019,2,269.0,South,538.0
O001623,2025-01-22,C0294,P017,2,1000.0,South,2000.0
O001624,2025-01-30,C0448,P020,1,410.0,West,410.0
O001625,2025-09-17,C0495,P017,4,1000.0,South,4000.0
O001626,2025-07-24,C0172,P016,4,420.0,North,1680.0
O001627,2025-02-28,C0125,P020,2,410.0,North,820.0
O001628,2026-04-16,C0326,P008,3,729.0,West,2187.0
O001629,2026-04-11,C0065,P007,4,995.0,South,3980.0
O001630,2025-01-12,C0281,P012,1,66.0,West,66.0
O001631,2025-10-17,C0272,P001,3,31.0,West,93.0
O001632,2025-12-20,C0244,P012,2,66.0,South,132.0
O001633,2025-03-16,C0015,P006,4,393.0,North,1572.0
O001634,2026-03-17,C0226,P016,3,420.0,North,1260.0
O001635,2025-08-29,C0465,P018,2,1129.0,West,2258.0
O001636,2025-06-03,C0131,P019,2,269.0,South,538.0
O001637,2025-04-06,C0195,P003,1,358.0,South,358.0
O001638,2025-10-21,C0293,P003,4,358.0,West,1432.0
O001639,2025-07-28,C0209,P005,3,1124.0,North,3372.0
O001640,2025-12-09,C0439,P003,1,358.0,West,358.0
O001641,2025-03-29,C0381,P019,4,269.0,North,1076.0
O001642,2026-01-25,C0113,P005,3,1124.0,West,3372.0
O001643,2025-11-21,C0244,P014,2,1059.0,South,2118.0
O001644,2025-06-06,C0166,P016,2,420.0,West,840.0
O001645,2025-05-17,C0191,P001,4,31.0,North,124.0
O001646,2026-03-04,C0257,P017,1,1000.0,West,1000.0
O001647,2026-03-28,C0327,P011,3,508.0,East,1524.0
O001648,2025-05-21,C0218,P009,3,485.0,West,1455.0
O001649,2025-03-24,C0495,P004,2,680.0,South,1360.0
O001650,2025-06-26,C0359,P002,4,235.0,West,940.0
O001651,2025-07-17,C0275,P009,1,485.0,East,485.0
O001652,2026-02-25,C0052,P005,2,1124.0,West,2248.0
O001653,2026-02-05,C0374,P004,2,680.0,East,1360.0
O001654,2026-04-16,C0158,P005,1,1124.0,West,1124.0
O001655,2025-08-06,C0363,P018,3,1129.0,South,3387.0
O001656,2025-06-24,C0055,P013,3,797.0,East,2391.0
O001657,2025-01-23,C0014,P005,4,1124.0,North,4496.0
O001658,2025-08-23,C0269,P019,2,269.0,South,538.0
O001659,2025-01-13,C0340,P003,4,358.0,North,1432.0
O001660,2025-04-11,C0090,P018,3,1129.0,South,3387.0
O001661,2026-06-20,C0027,P006,1,393.0,North,393.0
O001662,2026-06-07,C0089,P006,3,393.0,West,1179.0
O001663,2026-03-28,C0393,P005,3,1124.0,South,3372.0
O001664,2026-03-07,C0041,P001,2,31.0,North,62.0
O001665,2026-06-17,C0304,P008,3,729.0,East,2187.0
O001666,2025-10-20,C0268,P001,4,31.0,West,124.0
O001667,2025-04-11,C0138,P006,1,393.0,West,393.0
O001668,2026-05-17,C0006,P020,2,410.0,North,820.0
O001669,2025-10-31,C0242,P014,1,1059.0,West,1059.0
O001670,2026-06-24,C0162,P011,4,508.0,East,2032.0
O001671,2025-12-21,C0180,P002,4,235.0,North,940.0
O001672,2025-10-30,C0297,P004,3,680.0,West,2040.0
O001673,2026-05-11,C0467,P013,4,797.0,South,3188.0
O001674,2025-08-15,C0006,P007,3,995.0,North,2985.0
O001675,2025-08-24,C0386,P006,2,393.0,West,786.0
O001676,2026-03-31,C0271,P003,1,358.0,West,358.0
O001677,2025-01-13,C0401,P009,3,485.0,North,1455.0
O001678,2025-07-29,C0272,P014,3,1059.0,West,3177.0
O001679,2026-02-01,C0156,P020,2,410.0,North,820.0
O001680,2025-04-10,C0085,P011,4,508.0,South,2032.0
O001681,2025-01-31,C0200,P005,3,1124.0,West,3372.0
O001682,2026-06-12,C0010,P014,4,1059.0,West,4236.0
O001683,2025-11-25,C0138,P019,3,269.0,West,807.0
O001684,2025-06-15,C0242,P008,4,729.0,West,2916.0
O001685,2026-04-04,C0394,P007,3,995.0,West,2985.0
O001686,2025-04-10,C0201,P007,1,995.0,East,995.0
O001687,2025-06-22,C0156,P003,1,358.0,North,358.0
O001688,2025-06-11,C0408,P003,1,358.0,North,358.0
O001689,2025-09-20,C0275,P018,3,1129.0,East,3387.0
O001690,2025-10-01,C0225,P013,4,797.0,South,3188.0
O001691,2025-01-03,C0068,P001,2,31.0,West,62.0
O001692,2025-01-28,C0184,P005,2,1124.0,West,2248.0
O001693,2025-11-22,C0195,P004,2,680.0,South,1360.0
O001694,2025-05-29,C0042,P016,1,420.0,South,420.0
O001695,2026-06-24,C0396,P015,1,730.0,West,730.0
O001696,2026-05-03,C0402,P018,1,1129.0,West,1129.0
O001697,2026-03-14,C0151,P017,4,1000.0,West,4000.0
O001698,2025-03-06,C0084,P014,1,1059.0,North,1059.0
O001699,2025-12-22,C0134,P014,4,1059.0,South,4236.0
O001700,2026-06-17,C0309,P019,4,269.0,West,1076.0
O001701,2025-09-09,C0354,P006,4,393.0,North,1572.0
O001702,2025-08-23,C0298,P013,3,797.0,North,2391.0
O001703,2025-08-15,C0450,P018,2,1129.0,North,2258.0
O001704,2026-06-09,C0030,P015,4,730.0,North,2920.0
O001705,2025-11-09,C0009,P007,2,995.0,East,1990.0
O001706,2025-02-18,C0475,P019,4,269.0,East,1076.0
O001707,2025-04-28,C0170,P017,4,1000.0,East,4000.0
O001708,2025-02-23,C0290,P009,1,485.0,East,485.0
O001709,2025-02-13,C0168,P011,2,508.0,North,1016.0
O001710,2025-02-22,C0344,P005,4,1124.0,South,4496.0
O001711,2026-06-09,C0497,P002,2,235.0,East,470.0
O001712,2025-04-12,C0145,P015,1,730.0,South,730.0
O001713,2026-02-02,C0413,P012,4,66.0,West,264.0
O001714,2025-05-18,C0228,P010,1,1132.0,South,1132.0
O001715,2026-01-22,C0306,P010,4,1132.0,West,4528.0
O001716,2025-04-21,C0076,P020,1,410.0,West,410.0
O001717,2025-01-17,C0223,P011,1,508.0,North,508.0
O001718,2025-07-01,C0177,P010,3,1132.0,East,3396.0
O001719,2026-06-20,C0457,P007,4,995.0,North,3980.0
O001720,2026-06-25,C0189,P014,4,1059.0,East,4236.0
O001721,2025-06-20,C0467,P013,4,797.0,South,3188.0
O001722,2026-02-13,C0302,P005,2,1124.0,East,2248.0
O001723,2026-01-13,C0046,P019,3,269.0,East,807.0
O001724,2025-07-07,C0382,P010,2,1132.0,East,2264.0
O001725,2025-08-18,C0017,P008,4,729.0,South,2916.0
O001726,2025-04-29,C0066,P018,3,1129.0,East,3387.0
O001727,2025-06-05,C0360,P001,1,31.0,East,31.0
O001728,2026-04-10,C0261,P005,3,1124.0,East,3372.0
O001729,2025-04-14,C0123,P011,1,508.0,South,508.0
O001730,2026-05-17,C0231,P020,4,410.0,West,1640.0
O001731,2025-06-24,C0438,P011,4,508.0,West,2032.0
O001732,2026-02-25,C0125,P016,1,420.0,North,420.0
O001733,2025-05-14,C0112,P010,3,1132.0,North,3396.0
O001734,2026-01-26,C0272,P015,2,730.0,West,1460.0
O001735,2026-05-16,C0081,P007,3,995.0,West,2985.0
O001736,2025-02-02,C0246,P015,1,730.0,West,730.0
O001737,2025-02-24,C0347,P016,1,420.0,East,420.0
O001738,2026-06-03,C0391,P006,2,393.0,West,786.0
O001739,2025-01-12,C0500,P011,2,508.0,West,1016.0
O001740,2026-06-12,C0392,P017,2,1000.0,South,2000.0
O001741,2026-01-08,C0328,P015,1,730.0,East,730.0
O001742,2026-04-29,C0215,P016,4,420.0,West,1680.0
O001743,2025-08-16,C0352,P002,3,235.0,West,705.0
O001744,2025-11-03,C0235,P004,2,680.0,North,1360.0
O001745,2026-04-02,C0367,P019,1,269.0,West,269.0
O001746,2025-06-09,C0082,P006,3,393.0,East,1179.0
O001747,2025-11-27,C0294,P018,2,1129.0,South,2258.0
O001748,2025-08-13,C0310,P011,4,508.0,South,2032.0
O001749,2026-05-19,C0076,P009,3,485.0,West,1455.0
O001750,2026-04-01,C0015,P003,3,358.0,North,1074.0
O001751,2025-02-14,C0220,P002,1,235.0,West,235.0
O001752,2025-08-02,C0230,P018,1,1129.0,East,1129.0
O001753,2025-02-28,C0434,P015,1,730.0,North,730.0
O001754,2025-07-14,C0440,P018,4,1129.0,North,4516.0
O001755,2026-05-04,C0479,P019,3,269.0,West,807.0
O001756,2025-06-06,C0372,P015,2,730.0,North,1460.0
O001757,2025-08-14,C0265,P017,4,1000.0,West,4000.0
O001758,2026-02-16,C0264,P018,2,1129.0,East,2258.0
O001759,2025-07-24,C0110,P018,2,1129.0,North,2258.0
O001760,2025-03-20,C0403,P011,1,508.0,East,508.0
O001761,2025-05-04,C0307,P018,2,1129.0,East,2258.0
O001762,2026-04-16,C0200,P003,1,358.0,West,358.0
O001763,2025-08-06,C0226,P013,4,797.0,North,3188.0
O001764,2026-05-31,C0185,P014,1,1059.0,South,1059.0
O001765,2025-04-14,C0452,P004,2,680.0,East,1360.0
O001766,2026-01-28,C0031,P018,2,1129.0,East,2258.0
O001767,2026-03-10,C0102,P005,2,1124.0,East,2248.0
O001768,2025-11-27,C0259,P014,3,1059.0,East,3177.0
O001769,2025-05-23,C0099,P012,3,66.0,North,198.0
O001770,2026-06-24,C0339,P007,1,995.0,South,995.0
O001771,2025-10-05,C0299,P012,4,66.0,East,264.0
O001772,2025-08-21,C0285,P008,1,729.0,East,729.0
O001773,2026-06-13,C0266,P003,1,358.0,West,358.0
O001774,2025-03-31,C0140,P001,1,31.0,West,31.0
O001775,2026-05-07,C0302,P003,4,358.0,East,1432.0
O001776,2025-07-18,C0286,P011,1,508.0,North,508.0
O001777,2025-12-28,C0350,P018,2,1129.0,East,2258.0
O001778,2026-03-17,C0466,P007,4,995.0,South,3980.0
O001779,2025-01-26,C0216,P009,4,485.0,North,1940.0
O001780,2025-01-25,C0032,P004,4,680.0,North,2720.0
O001781,2026-01-29,C0457,P010,1,1132.0,North,1132.0
O001782,2026-05-22,C0303,P018,1,1129.0,East,1129.0
O001783,2025-10-28,C0088,P016,2,420.0,East,840.0
O001784,2025-12-05,C0063,P012,4,66.0,West,264.0
O001785,2025-09-24,C0410,P019,2,269.0,North,538.0
O001786,2026-04-06,C0387,P003,4,358.0,South,1432.0
O001787,2026-04-01,C0279,P008,3,729.0,West,2187.0
O001788,2025-12-26,C0459,P019,1,269.0,North,269.0
O001789,2025-03-09,C0074,P009,2,485.0,West,970.0
O001790,2026-02-16,C0306,P019,1,269.0,West,269.0
O001791,2026-05-06,C0420,P017,1,1000.0,West,1000.0
O001792,2025-02-18,C0124,P013,3,797.0,North,2391.0
O001793,2025-04-12,C0269,P002,3,235.0,South,705.0
O001794,2025-08-04,C0382,P004,4,680.0,East,2720.0
O001795,2026-03-14,C0285,P011,3,508.0,East,1524.0
O001796,2025-06-08,C0422,P002,4,235.0,West,940.0
O001797,2026-05-04,C0461,P004,3,680.0,North,2040.0
O001798,2025-08-30,C0121,P004,3,680.0,West,2040.0
O001799,2025-01-05,C0346,P020,2,410.0,East,820.0
O001800,2025-12-27,C0212,P001,3,31.0,East,93.0
O001801,2026-04-04,C0389,P011,2,508.0,West,1016.0
O001802,2025-09-05,C0148,P002,3,235.0,East,705.0
O001803,2026-02-26,C0078,P019,2,269.0,North,538.0
O001804,2025-01-15,C0365,P008,1,729.0,West,729.0
O001805,2025-05-02,C0014,P020,4,410.0,North,1640.0
O001806,2025-10-04,C0136,P004,3,680.0,South,2040.0
O001807,2026-03-29,C0304,P016,2,420.0,East,840.0
O001808,2026-01-25,C0397,P015,3,730.0,West,2190.0
O001809,2025-10-21,C0280,P005,2,1124.0,West,2248.0
O001810,2026-03-22,C0079,P005,2,1124.0,South,2248.0
O001811,2025-07-29,C0243,P015,3,730.0,West,2190.0
O001812,2025-10-29,C0193,P017,4,1000.0,West,4000.0
O001813,2025-08-11,C0470,P003,2,358.0,West,716.0
O001814,2025-01-03,C0418,P018,1,1129.0,South,1129.0
O001815,2026-06-02,C0242,P011,3,508.0,West,1524.0
O001816,2025-04-03,C0051,P006,1,393.0,West,393.0
O001817,2026-06-04,C0232,P012,2,66.0,East,132.0
O001818,2026-03-04,C0259,P017,2,1000.0,East,2000.0
O001819,2026-05-08,C0384,P014,3,1059.0,West,3177.0
O001820,2025-08-23,C0375,P006,4,393.0,North,1572.0
O001821,2025-06-10,C0218,P010,1,1132.0,West,1132.0
O001822,2025-11-27,C0206,P016,4,420.0,North,1680.0
O001823,2025-11-29,C0314,P018,1,1129.0,West,1129.0
O001824,2025-02-19,C0489,P020,4,410.0,West,1640.0
O001825,2026-06-07,C0381,P006,3,393.0,North,1179.0
O001826,2026-05-07,C0456,P019,1,269.0,South,269.0
O001827,2025-09-29,C0369,P003,3,358.0,North,1074.0
O001828,2025-09-09,C0311,P012,4,66.0,South,264.0
O001829,2025-03-31,C0375,P016,4,420.0,North,1680.0
O001830,2026-03-22,C0120,P003,4,358.0,East,1432.0
O001831,2025-11-28,C0080,P016,3,420.0,North,1260.0
O001832,2025-05-19,C0042,P004,2,680.0,South,1360.0
O001833,2025-12-23,C0021,P020,2,410.0,East,820.0
O001834,2025-10-01,C0010,P013,1,797.0,West,797.0
O001835,2025-01-19,C0313,P004,3,680.0,North,2040.0
O001836,2025-11-07,C0153,P004,3,680.0,North,2040.0
O001837,2025-06-03,C0312,P007,3,995.0,North,2985.0
O001838,2026-01-25,C0294,P012,4,66.0,South,264.0
O001839,2025-09-17,C0086,P002,3,235.0,South,705.0
O001840,2025-05-05,C0113,P016,2,420.0,West,840.0
O001841,2025-12-20,C0189,P007,1,995.0,East,995.0
O001842,2025-09-30,C0112,P019,2,269.0,North,538.0
O001843,2025-09-02,C0175,P011,3,508.0,East,1524.0
O001844,2026-03-26,C0310,P001,1,31.0,South,31.0
O001845,2025-09-04,C0302,P009,1,485.0,East,485.0
O001846,2026-06-04,C0452,P005,3,1124.0,East,3372.0
O001847,2025-05-21,C0004,P017,3,1000.0,East,3000.0
O001848,2025-12-28,C0222,P001,2,31.0,East,62.0
O001849,2025-01-08,C0450,P017,2,1000.0,North,2000.0
O001850,2026-04-23,C0221,P012,4,66.0,East,264.0
O001851,2025-12-18,C0171,P013,4,797.0,East,3188.0
O001852,2026-05-10,C0318,P011,4,508.0,North,2032.0
O001853,2026-03-03,C0484,P013,3,797.0,East,2391.0
O001854,2025-02-08,C0213,P013,3,797.0,East,2391.0
O001855,2025-07-06,C0253,P006,4,393.0,West,1572.0
O001856,2025-04-03,C0124,P006,4,393.0,North,1572.0
O001857,2025-03-27,C0128,P020,2,410.0,West,820.0
O001858,2025-02-13,C0213,P010,4,1132.0,East,4528.0
O001859,2025-05-17,C0112,P019,4,269.0,North,1076.0
O001860,2026-02-25,C0085,P003,1,358.0,South,358.0
O001861,2025-03-15,C0004,P007,4,995.0,East,3980.0
O001862,2026-05-27,C0065,P005,1,1124.0,South,1124.0
O001863,2025-06-05,C0318,P008,4,729.0,North,2916.0
O001864,2025-09-12,C0346,P005,1,1124.0,East,1124.0
O001865,2025-06-20,C0120,P012,4,66.0,East,264.0
O001866,2025-06-19,C0243,P004,2,680.0,West,1360.0
O001867,2025-11-18,C0386,P019,3,269.0,West,807.0
O001868,2026-04-01,C0137,P018,1,1129.0,East,1129.0
O001869,2025-06-04,C0247,P003,3,358.0,South,1074.0
O001870,2025-12-15,C0441,P007,2,995.0,North,1990.0
O001871,2026-03-27,C0045,P008,4,729.0,South,2916.0
O001872,2025-06-22,C0146,P015,4,730.0,North,2920.0
O001873,2025-01-10,C0368,P017,2,1000.0,West,2000.0
O001874,2025-09-22,C0176,P019,3,269.0,North,807.0
O001875,2026-03-14,C0042,P004,3,680.0,South,2040.0
O001876,2025-09-04,C0297,P016,3,420.0,West,1260.0
O001877,2026-06-30,C0459,P013,3,797.0,North,2391.0
O001878,2026-05-14,C0089,P012,1,66.0,West,66.0
O001879,2025-05-09,C0218,P004,3,680.0,West,2040.0
O001880,2025-11-23,C0442,P012,1,66.0,West,66.0
O001881,2026-02-08,C0228,P017,2,1000.0,South,2000.0
O001882,2025-12-25,C0298,P009,4,485.0,North,1940.0
O001883,2025-01-17,C0291,P012,1,66.0,North,66.0
O001884,2025-10-01,C0422,P015,3,730.0,West,2190.0
O001885,2025-04-26,C0067,P020,4,410.0,North,1640.0
O001886,2025-04-01,C0251,P002,1,235.0,South,235.0
O001887,2025-03-23,C0041,P009,4,485.0,North,1940.0
O001888,2025-11-20,C0099,P014,2,1059.0,North,2118.0
O001889,2025-04-24,C0306,P004,3,680.0,West,2040.0
O001890,2025-02-27,C0360,P004,2,680.0,East,1360.0
O001891,2025-06-03,C0342,P006,4,393.0,South,1572.0
O001892,2026-02-08,C0456,P005,2,1124.0,South,2248.0
O001893,2025-09-23,C0079,P017,3,1000.0,South,3000.0
O001894,2025-11-11,C0301,P013,1,797.0,North,797.0
O001895,2025-02-10,C0199,P020,2,410.0,West,820.0
O001896,2025-04-15,C0147,P017,3,1000.0,East,3000.0
O001897,2025-07-12,C0488,P019,4,269.0,South,1076.0
O001898,2026-02-05,C0106,P001,2,31.0,North,62.0
O001899,2025-10-05,C0401,P017,1,1000.0,North,1000.0
O001900,2025-12-20,C0193,P003,2,358.0,West,716.0
O001901,2025-09-13,C0493,P014,4,1059.0,South,4236.0
O001902,2025-04-09,C0477,P012,4,66.0,North,264.0
O001903,2025-10-09,C0122,P015,4,730.0,West,2920.0
O001904,2026-02-07,C0077,P006,2,393.0,West,786.0
O001905,2025-04-19,C0312,P020,2,410.0,North,820.0
O001906,2025-07-18,C0112,P002,2,235.0,North,470.0
O001907,2025-10-30,C0349,P004,1,680.0,South,680.0
O001908,2025-11-23,C0297,P013,3,797.0,West,2391.0
O001909,2025-06-03,C0170,P013,2,797.0,East,1594.0
O001910,2026-02-09,C0006,P017,1,1000.0,North,1000.0
O001911,2026-04-07,C0197,P006,4,393.0,West,1572.0
O001912,2025-05-12,C0098,P011,2,508.0,South,1016.0
O001913,2025-03-25,C0459,P019,2,269.0,North,538.0
O001914,2026-02-03,C0329,P016,2,420.0,South,840.0
O001915,2025-04-19,C0230,P008,1,729.0,East,729.0
O001916,2025-08-09,C0168,P001,2,31.0,North,62.0
O001917,2026-01-03,C0297,P010,2,1132.0,West,2264.0
O001918,2025-05-27,C0265,P002,3,235.0,West,705.0
O001919,2025-04-22,C0008,P019,1,269.0,West,269.0
O001920,2026-05-09,C0172,P014,3,1059.0,North,3177.0
O001921,2026-05-20,C0442,P003,1,358.0,West,358.0
O001922,2026-04-20,C0360,P009,3,485.0,East,1455.0
O001923,2025-09-28,C0195,P008,3,729.0,South,2187.0
O001924,2026-02-25,C0269,P011,4,508.0,South,2032.0
O001925,2026-01-02,C0019,P015,2,730.0,South,1460.0
O001926,2025-10-07,C0354,P006,3,393.0,North,1179.0
O001927,2025-10-10,C0352,P002,1,235.0,West,235.0
O001928,2025-02-09,C0049,P001,2,31.0,East,62.0
O001929,2025-07-08,C0464,P003,3,358.0,East,1074.0
O001930,2025-06-13,C0356,P018,3,1129.0,East,3387.0
O001931,2026-06-20,C0338,P014,1,1059.0,West,1059.0
O001932,2026-06-20,C0462,P017,4,1000.0,East,4000.0
O001933,2025-01-04,C0158,P002,1,235.0,West,235.0
O001934,2025-10-17,C0066,P019,4,269.0,East,1076.0
O001935,2026-03-09,C0461,P009,4,485.0,North,1940.0
O001936,2026-04-16,C0347,P008,4,729.0,East,2916.0
O001937,2025-06-30,C0059,P010,3,1132.0,North,3396.0
O001938,2025-09-05,C0309,P009,3,485.0,West,1455.0
O001939,2025-10-06,C0308,P008,4,729.0,South,2916.0
O001940,2025-09-11,C0337,P007,4,995.0,West,3980.0
O001941,2025-06-30,C0159,P006,3,393.0,North,1179.0
O001942,2026-05-24,C0271,P002,2,235.0,West,470.0
O001943,2025-11-22,C0121,P009,3,485.0,West,1455.0
O001944,2025-12-23,C0254,P009,4,485.0,South,1940.0
O001945,2026-01-26,C0404,P019,3,269.0,West,807.0
O001946,2025-03-26,C0261,P009,1,485.0,East,485.0
O001947,2025-11-13,C0135,P002,4,235.0,West,940.0
O001948,2025-07-31,C0274,P019,4,269.0,West,1076.0
O001949,2026-05-30,C0056,P016,1,420.0,West,420.0
O001950,2026-01-19,C0331,P014,2,1059.0,South,2118.0
O001951,2025-12-08,C0096,P020,4,410.0,South,1640.0
O001952,2025-02-07,C0114,P001,2,31.0,West,62.0
O001953,2026-05-26,C0475,P013,1,797.0,East,797.0
O001954,2026-02-24,C0474,P002,4,235.0,West,940.0
O001955,2025-06-18,C0357,P014,2,1059.0,North,2118.0
O001956,2025-12-09,C0429,P001,4,31.0,South,124.0
O001957,2025-11-02,C0028,P015,4,730.0,East,2920.0
O001958,2026-06-26,C0306,P018,3,1129.0,West,3387.0
O001959,2026-06-21,C0002,P009,2,485.0,West,970.0
O001960,2025-04-22,C0212,P008,3,729.0,East,2187.0
O001961,2026-02-15,C0068,P007,3,995.0,West,2985.0
O001962,2025-07-25,C0128,P009,2,485.0,West,970.0
O001963,2025-07-04,C0333,P009,2,485.0,North,970.0
O001964,2026-01-17,C0024,P011,3,508.0,South,1524.0
O001965,2026-05-11,C0253,P004,4,680.0,West,2720.0
O001966,2026-01-14,C0368,P007,4,995.0,West,3980.0
O001967,2025-02-16,C0230,P007,1,995.0,East,995.0
O001968,2026-06-12,C0488,P004,4,680.0,South,2720.0
O001969,2026-05-19,C0176,P012,2,66.0,North,132.0
O001970,2025-01-22,C0429,P017,2,1000.0,South,2000.0
O001971,2025-08-01,C0375,P020,1,410.0,North,410.0
O001972,2025-11-06,C0221,P003,2,358.0,East,716.0
O001973,2025-09-29,C0442,P009,3,485.0,West,1455.0
O001974,2025-07-21,C0036,P005,1,1124.0,West,1124.0
O001975,2025-02-01,C0002,P020,1,410.0,West,410.0
O001976,2026-03-19,C0383,P016,4,420.0,East,1680.0
O001977,2025-06-11,C0361,P008,4,729.0,South,2916.0
O001978,2025-09-11,C0274,P016,3,420.0,West,1260.0
O001979,2026-06-05,C0177,P019,3,269.0,East,807.0
O001980,2026-04-25,C0264,P016,4,420.0,East,1680.0
O001981,2025-01-10,C0186,P018,4,1129.0,East,4516.0
O001982,2026-05-20,C0015,P015,3,730.0,North,2190.0
O001983,2026-03-12,C0489,P018,4,1129.0,West,4516.0
O001984,2025-04-21,C0401,P014,1,1059.0,North,1059.0
O001985,2025-06-02,C0279,P016,3,420.0,West,1260.0
O001986,2025-04-12,C0194,P005,4,1124.0,East,4496.0
O001987,2025-07-10,C0198,P008,2,729.0,West,1458.0
O001988,2025-03-22,C0349,P016,2,420.0,South,840.0
O001989,2026-05-04,C0411,P001,3,31.0,South,93.0
O001990,2025-03-29,C0421,P011,2,508.0,West,1016.0
O001991,2025-07-13,C0305,P011,2,508.0,West,1016.0
O001992,2025-04-14,C0064,P002,1,235.0,South,235.0
O001993,2025-04-06,C0290,P019,3,269.0,East,807.0
O001994,2026-02-27,C0018,P005,2,1124.0,East,2248.0
O001995,2025-07-17,C0064,P003,4,358.0,South,1432.0
O001996,2025-01-01,C0362,P008,3,729.0,East,2187.0
O001997,2026-02-11,C0330,P004,3,680.0,North,2040.0
O001998,2026-01-13,C0358,P013,2,797.0,East,1594.0
O001999,2025-06-16,C0251,P014,2,1059.0,South,2118.0
O002000,2026-05-24,C0428,P001,1,31.0,West,31.0
O002001,2025-11-09,C0017,P005,4,1124.0,South,4496.0
O002002,2026-02-22,C0443,P007,1,995.0,South,995.0
O002003,2026-04-22,C0141,P006,1,393.0,West,393.0
O002004,2025-03-14,C0308,P015,4,730.0,South,2920.0
O002005,2025-05-21,C0444,P015,2,730.0,South,1460.0
O002006,2025-09-19,C0496,P008,1,729.0,South,729.0
O002007,2025-12-06,C0426,P002,3,235.0,East,705.0
O002008,2025-11-04,C0475,P014,1,1059.0,East,1059.0
O002009,2025-09-02,C0320,P016,4,420.0,South,1680.0
O002010,2026-05-30,C0245,P010,1,1132.0,North,1132.0
O002011,2025-12-03,C0450,P015,1,730.0,North,730.0
O002012,2025-03-17,C0290,P004,3,680.0,East,2040.0
O002013,2025-06-24,C0351,P012,4,66.0,East,264.0
O002014,2025-04-19,C0087,P010,3,1132.0,West,3396.0
O002015,2025-07-02,C0199,P002,2,235.0,West,470.0
O002016,2025-07-11,C0358,P004,4,680.0,East,2720.0
O002017,2025-03-06,C0448,P020,1,410.0,West,410.0
O002018,2026-04-19,C0161,P006,3,393.0,South,1179.0
O002019,2025-04-10,C0140,P014,3,1059.0,West,3177.0
O002020,2026-06-28,C0493,P003,4,358.0,South,1432.0
O002021,2025-05-08,C0076,P015,3,730.0,West,2190.0
O002022,2026-03-28,C0019,P001,4,31.0,South,124.0
O002023,2026-01-04,C0393,P019,2,269.0,South,538.0
O002024,2025-02-12,C0330,P001,4,31.0,North,124.0
O002025,2026-02-23,C0401,P013,4,797.0,North,3188.0
O002026,2026-05-03,C0050,P008,2,729.0,North,1458.0
O002027,2025-03-19,C0232,P018,2,1129.0,East,2258.0
O002028,2025-09-27,C0295,P003,1,358.0,North,358.0
O002029,2025-11-11,C0425,P018,3,1129.0,North,3387.0
O002030,2025-06-17,C0394,P020,2,410.0,West,820.0
O002031,2025-12-05,C0012,P009,2,485.0,West,970.0
O002032,2025-07-12,C0335,P006,3,393.0,North,1179.0
O002033,2026-03-29,C0479,P020,3,410.0,West,1230.0
O002034,2025-10-10,C0015,P002,1,235.0,North,235.0
O002035,2025-12-02,C0028,P004,1,680.0,East,680.0
O002036,2026-01-25,C0388,P018,4,1129.0,North,4516.0
O002037,2026-06-09,C0292,P007,1,995.0,North,995.0
O002038,2025-08-28,C0375,P011,2,508.0,North,1016.0
O002039,2026-04-28,C0321,P005,2,1124.0,East,2248.0
O002040,2026-04-03,C0250,P008,3,729.0,West,2187.0
O002041,2025-03-30,C0492,P011,1,508.0,East,508.0
O002042,2025-04-05,C0098,P020,4,410.0,South,1640.0
O002043,2026-03-28,C0303,P020,4,410.0,East,1640.0
O002044,2026-03-04,C0337,P015,4,730.0,West,2920.0
O002045,2025-05-31,C0039,P003,4,358.0,East,1432.0
O002046,2026-05-29,C0038,P007,3,995.0,North,2985.0
O002047,2026-01-11,C0300,P008,1,729.0,North,729.0
O002048,2025-01-22,C0179,P011,1,508.0,West,508.0
O002049,2025-11-09,C0097,P010,1,1132.0,East,1132.0
O002050,2026-06-03,C0380,P020,1,410.0,South,410.0
O002051,2025-07-25,C0469,P009,4,485.0,North,1940.0
O002052,2026-01-10,C0282,P015,4,730.0,South,2920.0
O002053,2026-03-27,C0238,P020,3,410.0,North,1230.0
O002054,2025-06-28,C0164,P005,3,1124.0,East,3372.0
O002055,2025-07-29,C0453,P015,4,730.0,South,2920.0
O002056,2026-05-15,C0097,P004,2,680.0,East,1360.0
O002057,2026-04-09,C0257,P005,1,1124.0,West,1124.0
O002058,2025-05-04,C0309,P015,3,730.0,West,2190.0
O002059,2025-04-23,C0262,P017,4,1000.0,West,4000.0
O002060,2025-01-12,C0293,P008,1,729.0,West,729.0
O002061,2025-05-06,C0258,P019,1,269.0,East,269.0
O002062,2025-11-27,C0249,P009,4,485.0,West,1940.0
O002063,2025-10-10,C0245,P010,2,1132.0,North,2264.0
O002064,2025-05-20,C0251,P005,2,1124.0,South,2248.0
O002065,2026-02-05,C0123,P010,3,1132.0,South,3396.0
O002066,2025-04-07,C0325,P001,4,31.0,West,124.0
O002067,2026-06-01,C0474,P004,3,680.0,West,2040.0
O002068,2025-03-10,C0169,P005,2,1124.0,North,2248.0
O002069,2025-04-28,C0435,P007,3,995.0,North,2985.0
O002070,2025-02-28,C0175,P005,3,1124.0,East,3372.0
O002071,2025-02-02,C0269,P020,2,410.0,South,820.0
O002072,2025-11-14,C0204,P008,1,729.0,West,729.0
O002073,2025-02-19,C0325,P017,1,1000.0,West,1000.0
O002074,2026-05-04,C0066,P001,2,31.0,East,62.0
O002075,2025-01-19,C0315,P018,1,1129.0,West,1129.0
O002076,2025-07-16,C0324,P012,4,66.0,South,264.0
O002077,2026-03-26,C0059,P003,1,358.0,North,358.0
O002078,2026-03-28,C0219,P020,2,410.0,East,820.0
O002079,2025-10-16,C0498,P014,4,1059.0,North,4236.0
O002080,2025-05-21,C0373,P016,3,420.0,North,1260.0
O002081,2025-03-25,C0266,P018,2,1129.0,West,2258.0
O002082,2026-01-26,C0141,P010,2,1132.0,West,2264.0
O002083,2025-08-03,C0236,P015,1,730.0,West,730.0
O002084,2026-06-10,C0386,P010,4,1132.0,West,4528.0
O002085,2025-08-03,C0218,P001,2,31.0,West,62.0
O002086,2026-02-07,C0015,P019,4,269.0,North,1076.0
O002087,2025-05-08,C0302,P002,4,235.0,East,940.0
O002088,2026-04-22,C0441,P013,1,797.0,North,797.0
O002089,2026-02-08,C0138,P016,2,420.0,West,840.0
O002090,2025-01-29,C0406,P008,4,729.0,West,2916.0
O002091,2025-12-04,C0232,P003,4,358.0,East,1432.0
O002092,2025-12-27,C0089,P019,3,269.0,West,807.0
O002093,2026-01-27,C0463,P014,1,1059.0,West,1059.0
O002094,2025-08-06,C0077,P011,2,508.0,West,1016.0
O002095,2025-07-21,C0136,P012,4,66.0,South,264.0
O002096,2025-01-17,C0405,P011,1,508.0,South,508.0
O002097,2025-11-18,C0469,P011,2,508.0,North,1016.0
O002098,2026-06-02,C0406,P018,4,1129.0,West,4516.0
O002099,2025-11-21,C0110,P010,2,1132.0,North,2264.0
O002100,2026-02-16,C0353,P016,2,420.0,East,840.0
O002101,2025-11-14,C0301,P008,1,729.0,North,729.0
O002102,2025-03-23,C0091,P006,1,393.0,North,393.0
O002103,2026-04-19,C0424,P019,3,269.0,South,807.0
O002104,2026-04-13,C0370,P013,3,797.0,North,2391.0
O002105,2026-03-01,C0406,P015,3,730.0,West,2190.0
O002106,2025-07-23,C0414,P013,4,797.0,East,3188.0
O002107,2026-01-22,C0190,P001,3,31.0,North,93.0
O002108,2025-04-08,C0073,P002,2,235.0,North,470.0
O002109,2025-12-11,C0173,P013,1,797.0,East,797.0
O002110,2025-07-27,C0035,P002,2,235.0,West,470.0
O002111,2026-05-29,C0210,P011,1,508.0,North,508.0
O002112,2025-06-15,C0298,P013,1,797.0,North,797.0
O002113,2025-01-22,C0133,P010,2,1132.0,North,2264.0
O002114,2025-06-03,C0283,P015,2,730.0,South,1460.0
O002115,2026-03-15,C0198,P001,2,31.0,West,62.0
O002116,2025-10-22,C0446,P014,1,1059.0,West,1059.0
O002117,2025-08-07,C0032,P010,3,1132.0,North,3396.0
O002118,2026-05-10,C0136,P018,4,1129.0,South,4516.0
O002119,2025-08-18,C0248,P011,3,508.0,West,1524.0
O002120,2025-01-20,C0359,P007,4,995.0,West,3980.0
O002121,2025-05-28,C0341,P015,1,730.0,South,730.0
O002122,2025-04-18,C0146,P003,2,358.0,North,716.0
O002123,2026-02-07,C0334,P002,2,235.0,North,470.0
O002124,2026-04-28,C0143,P008,1,729.0,South,729.0
O002125,2026-01-02,C0234,P008,2,729.0,South,1458.0
O002126,2026-02-18,C0410,P011,1,508.0,North,508.0
O002127,2025-11-05,C0437,P016,1,420.0,North,420.0
O002128,2025-05-14,C0044,P002,1,235.0,West,235.0
O002129,2025-10-10,C0032,P005,4,1124.0,North,4496.0
O002130,2025-03-14,C0231,P007,2,995.0,West,1990.0
O002131,2026-04-26,C0028,P020,4,410.0,East,1640.0
O002132,2025-12-18,C0423,P013,3,797.0,North,2391.0
O002133,2025-11-22,C0491,P002,1,235.0,South,235.0
O002134,2026-03-19,C0160,P003,1,358.0,West,358.0
O002135,2025-04-10,C0333,P009,3,485.0,North,1455.0
O002136,2025-02-28,C0207,P010,1,1132.0,North,1132.0
O002137,2026-05-23,C0018,P013,3,797.0,East,2391.0
O002138,2025-09-15,C0103,P013,4,797.0,South,3188.0
O002139,2026-02-17,C0070,P005,4,1124.0,West,4496.0
O002140,2026-03-28,C0119,P007,2,995.0,West,1990.0
O002141,2025-03-06,C0139,P017,3,1000.0,South,3000.0
O002142,2025-06-03,C0160,P015,3,730.0,West,2190.0
O002143,2025-09-23,C0232,P005,4,1124.0,East,4496.0
O002144,2025-03-20,C0148,P007,4,995.0,East,3980.0
O002145,2025-11-11,C0353,P002,2,235.0,East,470.0
O002146,2025-09-05,C0424,P018,1,1129.0,South,1129.0
O002147,2026-02-18,C0392,P010,2,1132.0,South,2264.0
O002148,2025-01-25,C0243,P001,4,31.0,West,124.0
O002149,2025-10-11,C0035,P014,2,1059.0,West,2118.0
O002150,2026-03-25,C0325,P019,1,269.0,West,269.0
O002151,2025-10-28,C0382,P016,4,420.0,East,1680.0
O002152,2025-03-09,C0355,P019,1,269.0,North,269.0
O002153,2025-01-07,C0239,P006,2,393.0,East,786.0
O002154,2025-05-17,C0334,P012,1,66.0,North,66.0
O002155,2025-06-13,C0149,P003,4,358.0,North,1432.0
O002156,2025-03-24,C0111,P007,4,995.0,South,3980.0
O002157,2026-02-24,C0408,P003,1,358.0,North,358.0
O002158,2025-03-14,C0017,P017,2,1000.0,South,2000.0
O002159,2025-08-25,C0402,P015,2,730.0,West,1460.0
O002160,2025-02-15,C0226,P019,2,269.0,North,538.0
O002161,2025-09-19,C0140,P019,2,269.0,West,538.0
O002162,2025-06-25,C0144,P011,3,508.0,South,1524.0
O002163,2025-06-15,C0260,P020,3,410.0,North,1230.0
O002164,2026-01-05,C0217,P002,1,235.0,South,235.0
O002165,2025-02-23,C0162,P007,3,995.0,East,2985.0
O002166,2026-02-23,C0092,P019,3,269.0,West,807.0
O002167,2026-05-22,C0174,P007,3,995.0,North,2985.0
O002168,2025-12-07,C0331,P010,1,1132.0,South,1132.0
O002169,2025-05-07,C0205,P012,3,66.0,East,198.0
O002170,2026-02-13,C0415,P018,2,1129.0,East,2258.0
O002171,2026-01-02,C0153,P006,2,393.0,North,786.0
O002172,2025-09-28,C0103,P020,1,410.0,South,410.0
O002173,2026-01-14,C0202,P008,1,729.0,North,729.0
O002174,2025-03-14,C0280,P005,1,1124.0,West,1124.0
O002175,2025-09-05,C0065,P003,4,358.0,South,1432.0
O002176,2025-02-12,C0117,P002,3,235.0,West,705.0
O002177,2026-01-12,C0153,P006,1,393.0,North,393.0
O002178,2025-02-10,C0156,P007,1,995.0,North,995.0
O002179,2025-06-19,C0164,P008,1,729.0,East,729.0
O002180,2025-07-31,C0082,P004,2,680.0,East,1360.0
O002181,2026-05-08,C0006,P012,1,66.0,North,66.0
O002182,2025-02-08,C0322,P012,2,66.0,West,132.0
O002183,2026-01-04,C0067,P017,2,1000.0,North,2000.0
O002184,2025-05-31,C0238,P019,4,269.0,North,1076.0
O002185,2025-04-21,C0072,P009,1,485.0,North,485.0
O002186,2026-04-25,C0095,P012,4,66.0,West,264.0
O002187,2026-03-12,C0304,P017,1,1000.0,East,1000.0
O002188,2025-02-16,C0467,P010,3,1132.0,South,3396.0
O002189,2026-01-01,C0498,P019,1,269.0,North,269.0
O002190,2025-03-10,C0326,P011,1,508.0,West,508.0
O002191,2025-10-26,C0078,P020,1,410.0,North,410.0
O002192,2025-10-23,C0067,P013,1,797.0,North,797.0
O002193,2025-07-22,C0176,P004,1,680.0,North,680.0
O002194,2025-03-02,C0321,P015,1,730.0,East,730.0
O002195,2025-11-10,C0172,P012,4,66.0,North,264.0
O002196,2025-06-10,C0478,P010,3,1132.0,East,3396.0
O002197,2025-11-27,C0255,P007,4,995.0,North,3980.0
O002198,2026-06-12,C0063,P002,1,235.0,West,235.0
O002199,2025-12-04,C0302,P007,4,995.0,East,3980.0
O002200,2025-10-31,C0403,P008,4,729.0,East,2916.0
O002201,2026-05-18,C0246,P019,1,269.0,West,269.0
O002202,2025-12-04,C0192,P006,4,393.0,West,1572.0
O002203,2025-10-02,C0467,P008,3,729.0,South,2187.0
O002204,2025-06-13,C0329,P020,2,410.0,South,820.0
O002205,2026-03-19,C0071,P004,3,680.0,West,2040.0
O002206,2025-11-15,C0366,P020,4,410.0,South,1640.0
O002207,2026-05-19,C0229,P009,2,485.0,West,970.0
O002208,2026-01-22,C0434,P005,1,1124.0,North,1124.0
O002209,2026-05-09,C0063,P006,2,393.0,West,786.0
O002210,2026-05-05,C0297,P019,1,269.0,West,269.0
O002211,2025-03-14,C0245,P012,3,66.0,North,198.0
O002212,2026-05-24,C0007,P005,2,1124.0,North,2248.0
O002213,2026-01-25,C0393,P005,2,1124.0,South,2248.0
O002214,2025-10-22,C0260,P018,2,1129.0,North,2258.0
O002215,2026-01-04,C0089,P006,1,393.0,West,393.0
O002216,2025-07-06,C0177,P009,1,485.0,East,485.0
O002217,2026-03-21,C0204,P011,3,508.0,West,1524.0
O002218,2025-12-29,C0134,P014,3,1059.0,South,3177.0
O002219,2025-05-03,C0082,P002,4,235.0,East,940.0
O002220,2025-07-07,C0488,P014,1,1059.0,South,1059.0
O002221,2026-02-24,C0021,P019,3,269.0,East,807.0
O002222,2025-09-09,C0399,P010,2,1132.0,West,2264.0
O002223,2025-12-01,C0128,P005,2,1124.0,West,2248.0
O002224,2025-04-02,C0195,P004,2,680.0,South,1360.0
O002225,2026-06-14,C0194,P007,3,995.0,East,2985.0
O002226,2025-03-04,C0184,P013,2,797.0,West,1594.0
O002227,2026-05-27,C0247,P010,2,1132.0,South,2264.0
O002228,2025-05-19,C0361,P010,1,1132.0,South,1132.0
O002229,2025-07-04,C0360,P004,1,680.0,East,680.0
O002230,2025-07-24,C0324,P016,3,420.0,South,1260.0
O002231,2025-08-02,C0160,P015,1,730.0,West,730.0
O002232,2025-09-13,C0194,P011,4,508.0,East,2032.0
O002233,2025-05-15,C0110,P019,3,269.0,North,807.0
O002234,2025-03-29,C0413,P003,4,358.0,West,1432.0
O002235,2025-07-26,C0066,P015,4,730.0,East,2920.0
O002236,2025-05-09,C0418,P016,3,420.0,South,1260.0
O002237,2025-01-03,C0254,P014,1,1059.0,South,1059.0
O002238,2025-05-01,C0283,P005,1,1124.0,South,1124.0
O002239,2026-01-20,C0060,P017,3,1000.0,South,3000.0
O002240,2025-02-07,C0118,P018,4,1129.0,North,4516.0
O002241,2025-12-07,C0423,P019,3,269.0,North,807.0
O002242,2025-01-21,C0044,P001,3,31.0,West,93.0
O002243,2025-08-30,C0486,P009,2,485.0,West,970.0
O002244,2026-03-31,C0210,P014,2,1059.0,North,2118.0
O002245,2025-10-30,C0036,P020,4,410.0,West,1640.0
O002246,2025-03-10,C0019,P020,1,410.0,South,410.0
O002247,2025-05-09,C0091,P011,2,508.0,North,1016.0
O002248,2025-07-15,C0301,P002,2,235.0,North,470.0
O002249,2025-05-20,C0212,P020,4,410.0,East,1640.0
O002250,2026-03-20,C0405,P005,3,1124.0,South,3372.0
O002251,2025-10-10,C0407,P015,2,730.0,South,1460.0
O002252,2025-11-08,C0222,P012,1,66.0,East,66.0
O002253,2026-06-19,C0217,P014,4,1059.0,South,4236.0
O002254,2025-10-04,C0223,P011,2,508.0,North,1016.0
O002255,2025-03-02,C0411,P009,4,485.0,South,1940.0
O002256,2025-11-15,C0098,P020,2,410.0,South,820.0
O002257,2025-02-21,C0456,P008,2,729.0,South,1458.0
O002258,2025-06-02,C0019,P012,4,66.0,South,264.0
O002259,2025-11-07,C0297,P003,1,358.0,West,358.0
O002260,2026-06-28,C0026,P015,1,730.0,West,730.0
O002261,2026-01-24,C0028,P008,3,729.0,East,2187.0
O002262,2025-06-26,C0064,P007,2,995.0,South,1990.0
O002263,2025-12-28,C0324,P017,3,1000.0,South,3000.0
O002264,2025-11-10,C0223,P012,4,66.0,North,264.0
O002265,2025-04-07,C0080,P020,3,410.0,North,1230.0
O002266,2025-08-01,C0051,P018,4,1129.0,West,4516.0
O002267,2025-05-17,C0458,P018,1,1129.0,South,1129.0
O002268,2025-01-06,C0102,P015,4,730.0,East,2920.0
O002269,2025-04-19,C0176,P003,4,358.0,North,1432.0
O002270,2025-02-08,C0010,P019,3,269.0,West,807.0
O002271,2026-03-01,C0237,P015,2,730.0,South,1460.0
O002272,2025-09-18,C0457,P016,3,420.0,North,1260.0
O002273,2026-03-02,C0423,P017,1,1000.0,North,1000.0
O002274,2025-03-28,C0100,P001,1,31.0,North,31.0
O002275,2026-04-10,C0499,P011,1,508.0,West,508.0
O002276,2025-03-17,C0378,P006,2,393.0,North,786.0
O002277,2026-04-16,C0228,P009,3,485.0,South,1455.0
O002278,2026-02-18,C0403,P020,4,410.0,East,1640.0
O002279,2026-04-02,C0064,P016,4,420.0,South,1680.0
O002280,2025-10-12,C0380,P006,2,393.0,South,786.0
O002281,2025-08-27,C0019,P012,1,66.0,South,66.0
O002282,2026-01-07,C0332,P019,2,269.0,West,538.0
O002283,2026-05-10,C0318,P013,4,797.0,North,3188.0
O002284,2025-02-14,C0141,P013,1,797.0,West,797.0
O002285,2026-02-05,C0025,P004,2,680.0,South,1360.0
O002286,2025-09-04,C0228,P009,4,485.0,South,1940.0
O002287,2026-03-26,C0089,P014,4,1059.0,West,4236.0
O002288,2026-04-30,C0092,P014,2,1059.0,West,2118.0
O002289,2025-01-18,C0042,P017,4,1000.0,South,4000.0
O002290,2025-10-16,C0373,P005,3,1124.0,North,3372.0
O002291,2026-02-18,C0295,P019,3,269.0,North,807.0
O002292,2025-08-23,C0414,P002,1,235.0,East,235.0
O002293,2026-02-20,C0389,P013,3,797.0,West,2391.0
O002294,2026-05-14,C0081,P011,3,508.0,West,1524.0
O002295,2025-04-25,C0402,P002,2,235.0,West,470.0
O002296,2025-08-22,C0107,P001,1,31.0,South,31.0
O002297,2026-06-24,C0111,P003,2,358.0,South,716.0
O002298,2025-01-11,C0277,P012,2,66.0,West,132.0
O002299,2025-07-25,C0214,P007,3,995.0,North,2985.0
O002300,2025-09-04,C0231,P001,3,31.0,West,93.0
O002301,2025-05-07,C0306,P009,4,485.0,West,1940.0
O002302,2025-05-27,C0121,P018,4,1129.0,West,4516.0
O002303,2025-04-28,C0134,P020,1,410.0,South,410.0
O002304,2026-01-17,C0306,P006,3,393.0,West,1179.0
O002305,2026-02-16,C0208,P009,4,485.0,East,1940.0
O002306,2025-12-29,C0450,P008,2,729.0,North,1458.0
O002307,2026-05-24,C0371,P018,3,1129.0,North,3387.0
O002308,2025-05-17,C0257,P015,1,730.0,West,730.0
O002309,2025-06-24,C0185,P001,1,31.0,South,31.0
O002310,2025-10-16,C0286,P014,2,1059.0,North,2118.0
O002311,2026-04-26,C0442,P018,4,1129.0,West,4516.0
O002312,2025-01-19,C0363,P019,2,269.0,South,538.0
O002313,2025-07-14,C0180,P019,4,269.0,North,1076.0
O002314,2025-11-26,C0421,P010,3,1132.0,West,3396.0
O002315,2025-06-24,C0048,P020,1,410.0,East,410.0
O002316,2026-03-25,C0087,P006,4,393.0,West,1572.0
O002317,2025-12-20,C0385,P017,2,1000.0,West,2000.0
O002318,2026-05-14,C0019,P014,3,1059.0,South,3177.0
O002319,2025-05-21,C0046,P013,4,797.0,East,3188.0
O002320,2025-04-03,C0451,P008,3,729.0,West,2187.0
O002321,2025-08-27,C0386,P010,3,1132.0,West,3396.0
O002322,2025-07-24,C0056,P009,2,485.0,West,970.0
O002323,2026-03-09,C0229,P005,2,1124.0,West,2248.0
O002324,2025-09-02,C0145,P004,3,680.0,South,2040.0
O002325,2025-11-13,C0092,P006,3,393.0,West,1179.0
O002326,2025-10-22,C0082,P006,4,393.0,East,1572.0
O002327,2025-10-09,C0225,P013,2,797.0,South,1594.0
O002328,2025-01-17,C0079,P004,4,680.0,South,2720.0
O002329,2025-03-12,C0150,P008,1,729.0,South,729.0
O002330,2025-09-26,C0361,P005,4,1124.0,South,4496.0
O002331,2025-11-21,C0283,P002,3,235.0,South,705.0
O002332,2025-11-01,C0311,P009,1,485.0,South,485.0
O002333,2026-03-27,C0485,P011,4,508.0,East,2032.0
O002334,2025-01-07,C0160,P020,1,410.0,West,410.0
O002335,2025-11-10,C0316,P020,2,410.0,East,820.0
O002336,2025-04-13,C0365,P011,4,508.0,West,2032.0
O002337,2025-07-12,C0467,P007,4,995.0,South,3980.0
O002338,2026-06-13,C0156,P014,2,1059.0,North,2118.0
O002339,2025-06-20,C0156,P006,4,393.0,North,1572.0
O002340,2026-06-21,C0376,P004,1,680.0,South,680.0
O002341,2025-09-08,C0202,P006,2,393.0,North,786.0
O002342,2026-01-22,C0468,P003,1,358.0,West,358.0
O002343,2025-07-26,C0409,P006,4,393.0,West,1572.0
O002344,2026-06-25,C0341,P003,4,358.0,South,1432.0
O002345,2026-02-20,C0462,P001,4,31.0,East,124.0
O002346,2026-01-15,C0342,P018,4,1129.0,South,4516.0
O002347,2025-05-24,C0117,P004,1,680.0,West,680.0
O002348,2025-01-25,C0154,P006,4,393.0,South,1572.0
O002349,2025-03-14,C0364,P017,2,1000.0,East,2000.0
O002350,2025-04-03,C0331,P018,2,1129.0,South,2258.0
O002351,2026-05-20,C0119,P006,3,393.0,West,1179.0
O002352,2025-12-02,C0199,P002,2,235.0,West,470.0
O002353,2026-03-01,C0401,P012,3,66.0,North,198.0
O002354,2026-05-14,C0466,P012,2,66.0,South,132.0
O002355,2025-12-30,C0263,P004,2,680.0,North,1360.0
O002356,2025-07-18,C0184,P016,4,420.0,West,1680.0
O002357,2026-02-17,C0448,P020,2,410.0,West,820.0
O002358,2025-12-05,C0148,P010,4,1132.0,East,4528.0
O002359,2026-03-05,C0166,P010,4,1132.0,West,4528.0
O002360,2025-05-19,C0075,P007,2,995.0,West,1990.0
O002361,2026-06-26,C0236,P014,1,1059.0,West,1059.0
O002362,2025-02-26,C0314,P007,4,995.0,West,3980.0
O002363,2025-08-20,C0272,P012,2,66.0,West,132.0
O002364,2026-03-11,C0179,P011,1,508.0,West,508.0
O002365,2026-01-19,C0283,P017,2,1000.0,South,2000.0
O002366,2025-07-13,C0051,P011,2,508.0,West,1016.0
O002367,2026-06-18,C0075,P003,1,358.0,West,358.0
O002368,2026-06-02,C0144,P019,2,269.0,South,538.0
O002369,2025-07-04,C0343,P004,4,680.0,North,2720.0
O002370,2025-10-19,C0188,P008,3,729.0,East,2187.0
O002371,2025-12-01,C0123,P014,3,1059.0,South,3177.0
O002372,2025-04-26,C0332,P020,2,410.0,West,820.0
O002373,2025-02-18,C0251,P014,3,1059.0,South,3177.0
O002374,2025-03-23,C0296,P016,3,420.0,East,1260.0
O002375,2025-11-29,C0323,P015,3,730.0,East,2190.0
O002376,2025-12-01,C0130,P012,4,66.0,East,264.0
O002377,2026-06-16,C0252,P016,4,420.0,South,1680.0
O002378,2025-08-09,C0358,P020,3,410.0,East,1230.0
O002379,2025-11-19,C0432,P019,1,269.0,West,269.0
O002380,2025-01-03,C0180,P005,1,1124.0,North,1124.0
O002381,2025-07-25,C0408,P012,1,66.0,North,66.0
O002382,2025-02-09,C0349,P005,4,1124.0,South,4496.0
O002383,2025-02-28,C0495,P010,4,1132.0,South,4528.0
O002384,2026-05-22,C0110,P017,4,1000.0,North,4000.0
O002385,2025-05-02,C0482,P015,4,730.0,East,2920.0
O002386,2026-04-24,C0468,P008,3,729.0,West,2187.0
O002387,2025-04-06,C0338,P008,4,729.0,West,2916.0
O002388,2026-02-18,C0078,P008,3,729.0,North,2187.0
O002389,2025-08-23,C0466,P010,1,1132.0,South,1132.0
O002390,2025-03-03,C0002,P020,3,410.0,West,1230.0
O002391,2025-09-13,C0321,P013,1,797.0,East,797.0
O002392,2025-12-14,C0276,P016,4,420.0,East,1680.0
O002393,2025-05-04,C0290,P009,1,485.0,East,485.0
O002394,2026-04-27,C0297,P016,1,420.0,West,420.0
O002395,2025-11-13,C0169,P010,3,1132.0,North,3396.0
O002396,2026-05-19,C0240,P003,1,358.0,North,358.0
O002397,2025-02-17,C0459,P014,2,1059.0,North,2118.0
O002398,2026-02-13,C0475,P013,1,797.0,East,797.0
O002399,2025-05-16,C0023,P004,4,680.0,South,2720.0
O002400,2025-07-20,C0294,P004,1,680.0,South,680.0
O002401,2025-09-07,C0172,P006,2,393.0,North,786.0
O002402,2025-11-10,C0323,P019,3,269.0,East,807.0
O002403,2026-01-03,C0318,P011,1,508.0,North,508.0
O002404,2026-03-05,C0396,P008,2,729.0,West,1458.0
O002405,2026-04-25,C0286,P014,4,1059.0,North,4236.0
O002406,2025-11-10,C0479,P008,4,729.0,West,2916.0
O002407,2026-05-15,C0343,P014,3,1059.0,North,3177.0
O002408,2025-12-21,C0193,P007,4,995.0,West,3980.0
O002409,2026-04-30,C0169,P018,2,1129.0,North,2258.0
O002410,2025-07-30,C0404,P012,1,66.0,West,66.0
O002411,2025-02-13,C0118,P014,2,1059.0,North,2118.0
O002412,2026-06-25,C0006,P015,3,730.0,North,2190.0
O002413,2025-04-02,C0331,P018,1,1129.0,South,1129.0
O002414,2025-09-22,C0483,P012,2,66.0,South,132.0
O002415,2025-08-08,C0132,P010,3,1132.0,North,3396.0
O002416,2026-03-18,C0093,P012,3,66.0,West,198.0
O002417,2026-02-05,C0251,P008,1,729.0,South,729.0
O002418,2026-02-04,C0010,P006,1,393.0,West,393.0
O002419,2026-05-05,C0051,P019,4,269.0,West,1076.0
O002420,2026-04-30,C0349,P001,4,31.0,South,124.0
O002421,2026-04-15,C0294,P013,1,797.0,South,797.0
O002422,2026-03-21,C0129,P016,4,420.0,North,1680.0
O002423,2025-09-26,C0488,P018,1,1129.0,South,1129.0
O002424,2025-09-24,C0392,P012,4,66.0,South,264.0
O002425,2025-02-23,C0249,P005,2,1124.0,West,2248.0
O002426,2026-06-12,C0102,P013,3,797.0,East,2391.0
O002427,2026-06-04,C0337,P008,1,729.0,West,729.0
O002428,2025-02-28,C0083,P006,1,393.0,South,393.0
O002429,2025-02-09,C0191,P003,1,358.0,North,358.0
O002430,2025-08-25,C0417,P020,2,410.0,South,820.0
O002431,2026-01-21,C0143,P004,3,680.0,South,2040.0
O002432,2025-10-27,C0237,P012,4,66.0,South,264.0
O002433,2026-01-30,C0287,P013,4,797.0,South,3188.0
O002434,2025-07-26,C0277,P002,3,235.0,West,705.0
O002435,2025-12-02,C0387,P019,4,269.0,South,1076.0
O002436,2026-05-29,C0382,P004,1,680.0,East,680.0
O002437,2025-06-27,C0450,P013,3,797.0,North,2391.0
O002438,2026-01-31,C0291,P019,2,269.0,North,538.0
O002439,2026-01-06,C0169,P008,3,729.0,North,2187.0
O002440,2025-11-14,C0443,P008,1,729.0,South,729.0
O002441,2026-01-04,C0144,P016,3,420.0,South,1260.0
O002442,2026-01-19,C0184,P011,2,508.0,West,1016.0
O002443,2025-03-03,C0045,P018,2,1129.0,South,2258.0
O002444,2026-05-20,C0243,P004,3,680.0,West,2040.0
O002445,2025-08-27,C0315,P001,3,31.0,West,93.0
O002446,2025-07-14,C0434,P001,4,31.0,North,124.0
O002447,2025-08-10,C0469,P014,4,1059.0,North,4236.0
O002448,2025-03-02,C0268,P004,1,680.0,West,680.0
O002449,2025-05-09,C0476,P011,4,508.0,West,2032.0
O002450,2025-06-05,C0253,P018,1,1129.0,West,1129.0
O002451,2026-01-13,C0396,P016,1,420.0,West,420.0
O002452,2026-03-13,C0289,P017,3,1000.0,South,3000.0
O002453,2025-07-26,C0212,P002,4,235.0,East,940.0
O002454,2026-01-23,C0488,P004,2,680.0,South,1360.0
O002455,2026-04-25,C0177,P003,2,358.0,East,716.0
O002456,2025-12-06,C0021,P015,3,730.0,East,2190.0
O002457,2025-12-06,C0316,P002,2,235.0,East,470.0
O002458,2025-07-23,C0052,P019,2,269.0,West,538.0
O002459,2025-06-10,C0438,P009,3,485.0,West,1455.0
O002460,2026-06-24,C0423,P010,2,1132.0,North,2264.0
O002461,2026-01-27,C0233,P019,3,269.0,East,807.0
O002462,2026-06-18,C0433,P005,1,1124.0,East,1124.0
O002463,2025-03-11,C0123,P014,4,1059.0,South,4236.0
O002464,2026-02-09,C0362,P010,2,1132.0,East,2264.0
O002465,2026-06-01,C0448,P016,3,420.0,West,1260.0
O002466,2025-04-30,C0100,P006,2,393.0,North,786.0
O002467,2025-08-05,C0214,P008,4,729.0,North,2916.0
O002468,2025-02-25,C0410,P002,2,235.0,North,470.0
O002469,2026-01-01,C0327,P018,1,1129.0,East,1129.0
O002470,2026-05-19,C0135,P020,3,410.0,West,1230.0
O002471,2026-03-31,C0456,P008,4,729.0,South,2916.0
O002472,2025-04-14,C0318,P005,1,1124.0,North,1124.0
O002473,2025-03-18,C0218,P017,2,1000.0,West,2000.0
O002474,2025-08-18,C0088,P016,2,420.0,East,840.0
O002475,2025-09-15,C0280,P005,2,1124.0,West,2248.0
O002476,2025-09-21,C0040,P017,4,1000.0,South,4000.0
O002477,2025-11-27,C0240,P004,3,680.0,North,2040.0
O002478,2025-07-01,C0332,P001,4,31.0,West,124.0
O002479,2025-01-27,C0431,P006,1,393.0,North,393.0
O002480,2025-10-03,C0136,P001,3,31.0,South,93.0
O002481,2025-10-26,C0182,P004,4,680.0,North,2720.0
O002482,2025-04-01,C0265,P002,2,235.0,West,470.0
O002483,2026-04-25,C0259,P013,1,797.0,East,797.0
O002484,2026-04-03,C0182,P014,2,1059.0,North,2118.0
O002485,2026-03-27,C0021,P017,4,1000.0,East,4000.0
O002486,2025-12-31,C0351,P011,1,508.0,East,508.0
O002487,2025-12-17,C0432,P003,3,358.0,West,1074.0
O002488,2026-02-04,C0431,P007,3,995.0,North,2985.0
O002489,2025-09-10,C0472,P010,4,1132.0,West,4528.0
O002490,2026-04-04,C0196,P011,4,508.0,South,2032.0
O002491,2026-05-14,C0212,P010,3,1132.0,East,3396.0
O002492,2026-05-23,C0447,P008,3,729.0,West,2187.0
O002493,2025-10-31,C0016,P005,4,1124.0,North,4496.0
O002494,2026-05-16,C0202,P002,3,235.0,North,705.0
O002495,2025-06-15,C0363,P015,1,730.0,South,730.0
O002496,2026-02-19,C0218,P016,4,420.0,West,1680.0
O002497,2026-04-07,C0093,P004,1,680.0,West,680.0
O002498,2025-04-24,C0133,P016,2,420.0,North,840.0
O002499,2026-03-09,C0139,P012,1,66.0,South,66.0
O002500,2025-12-22,C0157,P014,4,1059.0,East,4236.0
O002501,2025-07-26,C0493,P012,2,66.0,South,132.0
O002502,2025-08-23,C0335,P016,3,420.0,North,1260.0
O002503,2026-03-18,C0070,P016,1,420.0,West,420.0
O002504,2025-12-21,C0304,P012,1,66.0,East,66.0
O002505,2026-05-30,C0015,P002,4,235.0,North,940.0
O002506,2025-07-27,C0235,P014,3,1059.0,North,3177.0
O002507,2025-05-05,C0212,P011,4,508.0,East,2032.0
O002508,2025-05-18,C0290,P009,3,485.0,East,1455.0
O002509,2025-12-05,C0060,P007,4,995.0,South,3980.0
O002510,2026-06-21,C0252,P012,3,66.0,South,198.0
O002511,2025-03-09,C0446,P017,2,1000.0,West,2000.0
O002512,2026-06-25,C0002,P009,4,485.0,West,1940.0
O002513,2026-01-18,C0236,P006,2,393.0,West,786.0
O002514,2025-01-19,C0336,P012,4,66.0,North,264.0
O002515,2026-03-26,C0019,P020,4,410.0,South,1640.0
O002516,2025-03-15,C0482,P010,4,1132.0,East,4528.0
O002517,2025-10-03,C0049,P009,1,485.0,East,485.0
O002518,2025-02-17,C0078,P012,4,66.0,North,264.0
O002519,2025-07-30,C0472,P001,3,31.0,West,93.0
O002520,2026-06-24,C0028,P002,1,235.0,East,235.0
O002521,2025-07-10,C0048,P019,3,269.0,East,807.0
O002522,2025-11-11,C0096,P001,3,31.0,South,93.0
O002523,2025-04-23,C0165,P016,3,420.0,North,1260.0
O002524,2025-06-19,C0458,P016,3,420.0,South,1260.0
O002525,2026-04-13,C0433,P018,3,1129.0,East,3387.0
O002526,2025-01-14,C0365,P018,2,1129.0,West,2258.0
O002527,2025-10-15,C0176,P013,1,797.0,North,797.0
O002528,2025-07-08,C0073,P012,3,66.0,North,198.0
O002529,2025-06-04,C0472,P009,2,485.0,West,970.0
O002530,2026-04-16,C0356,P005,2,1124.0,East,2248.0
O002531,2025-03-16,C0029,P009,3,485.0,East,1455.0
O002532,2025-10-04,C0444,P013,4,797.0,South,3188.0
O002533,2025-12-09,C0157,P016,3,420.0,East,1260.0
O002534,2026-03-01,C0314,P010,2,1132.0,West,2264.0
O002535,2026-05-26,C0304,P016,3,420.0,East,1260.0
O002536,2025-07-01,C0279,P014,2,1059.0,West,2118.0
O002537,2026-04-03,C0283,P002,3,235.0,South,705.0
O002538,2025-03-05,C0479,P019,2,269.0,West,538.0
O002539,2025-09-17,C0491,P011,3,508.0,South,1524.0
O002540,2025-07-12,C0007,P019,4,269.0,North,1076.0
O002541,2026-02-10,C0305,P011,4,508.0,West,2032.0
O002542,2025-04-03,C0182,P014,2,1059.0,North,2118.0
O002543,2026-03-06,C0109,P015,4,730.0,North,2920.0
O002544,2026-03-10,C0324,P007,4,995.0,South,3980.0
O002545,2026-02-08,C0206,P015,1,730.0,North,730.0
O002546,2026-03-10,C0234,P008,3,729.0,South,2187.0
O002547,2025-04-22,C0426,P004,3,680.0,East,2040.0
O002548,2026-01-10,C0458,P018,4,1129.0,South,4516.0
O002549,2025-02-28,C0187,P014,4,1059.0,West,4236.0
O002550,2025-02-12,C0428,P018,2,1129.0,West,2258.0
O002551,2025-07-26,C0482,P004,3,680.0,East,2040.0
O002552,2025-10-23,C0410,P002,1,235.0,North,235.0
O002553,2025-04-28,C0407,P006,1,393.0,South,393.0
O002554,2026-06-16,C0329,P011,4,508.0,South,2032.0
O002555,2025-08-10,C0357,P001,2,31.0,North,62.0
O002556,2025-06-15,C0008,P015,2,730.0,West,1460.0
O002557,2025-06-05,C0053,P012,3,66.0,West,198.0
O002558,2025-07-03,C0398,P018,4,1129.0,South,4516.0
O002559,2025-03-31,C0199,P005,4,1124.0,West,4496.0
O002560,2025-04-04,C0391,P011,2,508.0,West,1016.0
O002561,2025-01-13,C0137,P019,1,269.0,East,269.0
O002562,2026-03-14,C0259,P001,1,31.0,East,31.0
O002563,2026-06-22,C0334,P017,3,1000.0,North,3000.0
O002564,2025-05-30,C0401,P008,4,729.0,North,2916.0
O002565,2025-01-08,C0498,P016,4,420.0,North,1680.0
O002566,2025-01-29,C0172,P011,1,508.0,North,508.0
O002567,2025-10-23,C0086,P019,4,269.0,South,1076.0
O002568,2025-12-06,C0046,P011,4,508.0,East,2032.0
O002569,2026-03-15,C0346,P015,2,730.0,East,1460.0
O002570,2025-05-24,C0186,P008,3,729.0,East,2187.0
O002571,2026-06-03,C0156,P014,3,1059.0,North,3177.0
O002572,2025-02-14,C0493,P001,3,31.0,South,93.0
O002573,2025-08-27,C0398,P010,2,1132.0,South,2264.0
O002574,2025-06-04,C0009,P007,3,995.0,East,2985.0
O002575,2025-06-30,C0115,P018,3,1129.0,East,3387.0
O002576,2025-08-03,C0154,P012,1,66.0,South,66.0
O002577,2025-03-29,C0130,P002,1,235.0,East,235.0
O002578,2025-09-13,C0331,P018,3,1129.0,South,3387.0
O002579,2026-05-26,C0081,P007,2,995.0,West,1990.0
O002580,2025-03-14,C0384,P020,2,410.0,West,820.0
O002581,2025-06-28,C0290,P012,2,66.0,East,132.0
O002582,2025-07-31,C0147,P020,4,410.0,East,1640.0
O002583,2025-08-22,C0295,P014,4,1059.0,North,4236.0
O002584,2026-04-10,C0466,P010,2,1132.0,South,2264.0
O002585,2025-08-11,C0269,P009,1,485.0,South,485.0
O002586,2025-09-21,C0133,P015,4,730.0,North,2920.0
O002587,2025-07-26,C0050,P020,2,410.0,North,820.0
O002588,2026-01-01,C0023,P010,4,1132.0,South,4528.0
O002589,2025-10-03,C0378,P019,4,269.0,North,1076.0
O002590,2026-01-15,C0376,P019,4,269.0,South,1076.0
O002591,2025-11-05,C0088,P012,4,66.0,East,264.0
O002592,2025-09-25,C0413,P012,2,66.0,West,132.0
O002593,2025-03-05,C0112,P009,4,485.0,North,1940.0
O002594,2025-12-16,C0111,P020,3,410.0,South,1230.0
O002595,2026-05-09,C0072,P004,2,680.0,North,1360.0
O002596,2026-06-07,C0154,P001,2,31.0,South,62.0
O002597,2025-04-08,C0463,P016,2,420.0,West,840.0
O002598,2025-03-12,C0057,P001,4,31.0,North,124.0
O002599,2025-12-30,C0257,P013,2,797.0,West,1594.0
O002600,2025-10-03,C0156,P003,1,358.0,North,358.0
O002601,2025-02-19,C0113,P012,3,66.0,West,198.0
O002602,2025-12-24,C0318,P009,1,485.0,North,485.0
O002603,2026-04-30,C0047,P004,3,680.0,South,2040.0
O002604,2025-03-25,C0238,P002,3,235.0,North,705.0
O002605,2025-10-23,C0334,P009,4,485.0,North,1940.0
O002606,2025-08-24,C0106,P020,3,410.0,North,1230.0
O002607,2025-02-25,C0482,P013,3,797.0,East,2391.0
O002608,2025-12-26,C0187,P014,1,1059.0,West,1059.0
O002609,2025-04-20,C0159,P003,3,358.0,North,1074.0
O002610,2025-07-11,C0198,P018,2,1129.0,West,2258.0
O002611,2025-04-03,C0382,P009,2,485.0,East,970.0
O002612,2025-03-01,C0177,P015,3,730.0,East,2190.0
O002613,2025-02-08,C0261,P010,2,1132.0,East,2264.0
O002614,2026-06-24,C0287,P017,4,1000.0,South,4000.0
O002615,2025-02-18,C0293,P013,2,797.0,West,1594.0
O002616,2026-02-24,C0335,P001,4,31.0,North,124.0
O002617,2025-01-13,C0143,P011,3,508.0,South,1524.0
O002618,2025-02-05,C0308,P005,4,1124.0,South,4496.0
O002619,2025-04-11,C0491,P009,4,485.0,South,1940.0
O002620,2025-03-27,C0197,P007,3,995.0,West,2985.0
O002621,2026-05-31,C0476,P007,3,995.0,West,2985.0
O002622,2025-08-11,C0225,P002,4,235.0,South,940.0
O002623,2025-12-04,C0395,P019,1,269.0,South,269.0
O002624,2025-06-15,C0043,P020,3,410.0,North,1230.0
O002625,2026-01-18,C0454,P018,3,1129.0,West,3387.0
O002626,2026-01-11,C0151,P010,1,1132.0,West,1132.0
O002627,2026-04-16,C0296,P005,2,1124.0,East,2248.0
O002628,2025-01-31,C0063,P016,1,420.0,West,420.0
O002629,2026-01-10,C0130,P005,2,1124.0,East,2248.0
O002630,2025-01-11,C0255,P015,1,730.0,North,730.0
O002631,2025-10-29,C0463,P016,4,420.0,West,1680.0
O002632,2025-04-06,C0343,P004,3,680.0,North,2040.0
O002633,2025-07-09,C0214,P014,1,1059.0,North,1059.0
O002634,2026-03-29,C0073,P017,3,1000.0,North,3000.0
O002635,2025-07-11,C0431,P017,2,1000.0,North,2000.0
O002636,2026-05-01,C0104,P016,4,420.0,East,1680.0
O002637,2025-09-23,C0158,P009,3,485.0,West,1455.0
O002638,2026-02-28,C0272,P002,1,235.0,West,235.0
O002639,2025-05-08,C0315,P011,1,508.0,West,508.0
O002640,2025-08-26,C0238,P015,4,730.0,North,2920.0
O002641,2025-12-21,C0303,P003,2,358.0,East,716.0
O002642,2025-04-22,C0372,P016,4,420.0,North,1680.0
O002643,2026-03-22,C0158,P019,4,269.0,West,1076.0
O002644,2025-12-09,C0109,P006,3,393.0,North,1179.0
O002645,2025-05-25,C0009,P014,2,1059.0,East,2118.0
O002646,2025-03-06,C0321,P005,4,1124.0,East,4496.0
O002647,2025-09-04,C0059,P005,3,1124.0,North,3372.0
O002648,2026-05-05,C0358,P006,3,393.0,East,1179.0
O002649,2026-03-15,C0192,P018,2,1129.0,West,2258.0
O002650,2025-04-16,C0136,P018,2,1129.0,South,2258.0
O002651,2025-06-30,C0251,P019,3,269.0,South,807.0
O002652,2025-07-03,C0379,P002,2,235.0,West,470.0
O002653,2025-08-14,C0436,P017,3,1000.0,West,3000.0
O002654,2025-03-30,C0146,P001,2,31.0,North,62.0
O002655,2026-06-14,C0347,P009,2,485.0,East,970.0
O002656,2026-01-06,C0466,P013,2,797.0,South,1594.0
O002657,2026-02-03,C0352,P004,1,680.0,West,680.0
O002658,2025-04-16,C0058,P005,2,1124.0,North,2248.0
O002659,2025-09-28,C0177,P018,1,1129.0,East,1129.0
O002660,2026-05-18,C0288,P010,3,1132.0,East,3396.0
O002661,2026-06-09,C0245,P004,4,680.0,North,2720.0
O002662,2025-02-01,C0048,P013,4,797.0,East,3188.0
O002663,2026-01-28,C0301,P013,4,797.0,North,3188.0
O002664,2025-02-09,C0438,P017,3,1000.0,West,3000.0
O002665,2025-08-06,C0356,P008,2,729.0,East,1458.0
O002666,2025-03-23,C0100,P004,1,680.0,North,680.0
O002667,2025-07-20,C0213,P003,3,358.0,East,1074.0
O002668,2026-03-23,C0302,P011,4,508.0,East,2032.0
O002669,2026-03-04,C0480,P012,4,66.0,East,264.0
O002670,2025-02-07,C0415,P009,4,485.0,East,1940.0
O002671,2025-07-30,C0165,P015,4,730.0,North,2920.0
O002672,2026-03-20,C0400,P013,1,797.0,West,797.0
O002673,2025-11-23,C0430,P005,4,1124.0,North,4496.0
O002674,2025-08-15,C0126,P005,1,1124.0,South,1124.0
O002675,2025-02-17,C0302,P019,4,269.0,East,1076.0
O002676,2025-01-18,C0462,P011,3,508.0,East,1524.0
O002677,2026-03-15,C0121,P009,1,485.0,West,485.0
O002678,2025-07-06,C0088,P003,1,358.0,East,358.0
O002679,2025-12-11,C0217,P018,3,1129.0,South,3387.0
O002680,2025-08-12,C0061,P013,4,797.0,South,3188.0
O002681,2026-05-03,C0302,P012,4,66.0,East,264.0
O002682,2025-08-17,C0179,P009,2,485.0,West,970.0
O002683,2026-01-25,C0190,P010,2,1132.0,North,2264.0
O002684,2025-07-07,C0163,P013,1,797.0,East,797.0
O002685,2025-09-27,C0081,P020,2,410.0,West,820.0
O002686,2025-11-06,C0494,P020,3,410.0,North,1230.0
O002687,2025-05-12,C0170,P013,3,797.0,East,2391.0
O002688,2025-03-13,C0301,P009,3,485.0,North,1455.0
O002689,2025-07-06,C0374,P010,1,1132.0,East,1132.0
O002690,2026-05-01,C0196,P019,3,269.0,South,807.0
O002691,2025-07-10,C0203,P006,1,393.0,North,393.0
O002692,2026-02-26,C0047,P007,1,995.0,South,995.0
O002693,2025-04-30,C0463,P015,3,730.0,West,2190.0
O002694,2025-08-08,C0158,P019,3,269.0,West,807.0
O002695,2025-02-22,C0408,P014,1,1059.0,North,1059.0
O002696,2026-03-27,C0194,P016,3,420.0,East,1260.0
O002697,2026-02-16,C0427,P014,2,1059.0,South,2118.0
O002698,2025-08-25,C0418,P020,1,410.0,South,410.0
O002699,2026-02-10,C0279,P002,4,235.0,West,940.0
O002700,2026-02-26,C0317,P009,1,485.0,South,485.0
O002701,2025-09-04,C0479,P003,3,358.0,West,1074.0
O002702,2025-03-13,C0421,P006,3,393.0,West,1179.0
O002703,2025-07-04,C0269,P005,1,1124.0,South,1124.0
O002704,2025-01-06,C0481,P014,1,1059.0,East,1059.0
O002705,2025-07-25,C0199,P015,4,730.0,West,2920.0
O002706,2026-06-28,C0224,P018,4,1129.0,South,4516.0
O002707,2026-01-22,C0263,P017,1,1000.0,North,1000.0
O002708,2025-03-17,C0426,P009,3,485.0,East,1455.0
O002709,2025-06-26,C0166,P019,1,269.0,West,269.0
O002710,2025-12-15,C0180,P009,2,485.0,North,970.0
O002711,2025-09-12,C0428,P016,2,420.0,West,840.0
O002712,2025-11-04,C0192,P006,3,393.0,West,1179.0
O002713,2025-12-11,C0397,P008,1,729.0,West,729.0
O002714,2025-05-07,C0216,P003,1,358.0,North,358.0
O002715,2025-10-14,C0284,P005,2,1124.0,North,2248.0
O002716,2026-05-02,C0352,P007,1,995.0,West,995.0
O002717,2026-01-18,C0107,P001,3,31.0,South,93.0
O002718,2026-02-10,C0466,P004,3,680.0,South,2040.0
O002719,2026-01-23,C0098,P016,4,420.0,South,1680.0
O002720,2026-06-09,C0368,P014,3,1059.0,West,3177.0
O002721,2025-10-03,C0482,P001,1,31.0,East,31.0
O002722,2026-05-15,C0499,P004,1,680.0,West,680.0
O002723,2025-12-03,C0230,P010,2,1132.0,East,2264.0
O002724,2026-04-26,C0257,P011,2,508.0,West,1016.0
O002725,2025-09-30,C0043,P007,3,995.0,North,2985.0
O002726,2025-02-27,C0242,P004,4,680.0,West,2720.0
O002727,2025-11-24,C0042,P001,1,31.0,South,31.0
O002728,2025-04-19,C0095,P001,4,31.0,West,124.0
O002729,2025-10-06,C0434,P017,1,1000.0,North,1000.0
O002730,2025-11-24,C0254,P010,3,1132.0,South,3396.0
O002731,2025-11-11,C0188,P005,3,1124.0,East,3372.0
O002732,2026-04-19,C0385,P007,2,995.0,West,1990.0
O002733,2025-04-21,C0307,P008,4,729.0,East,2916.0
O002734,2025-08-17,C0400,P002,2,235.0,West,470.0
O002735,2026-05-12,C0167,P009,3,485.0,South,1455.0
O002736,2025-06-05,C0271,P004,4,680.0,West,2720.0
O002737,2026-04-18,C0125,P012,1,66.0,North,66.0
O002738,2025-09-29,C0161,P011,2,508.0,South,1016.0
O002739,2025-01-02,C0087,P005,3,1124.0,West,3372.0
O002740,2026-05-26,C0309,P012,1,66.0,West,66.0
O002741,2025-10-13,C0489,P004,3,680.0,West,2040.0
O002742,2025-01-13,C0226,P013,1,797.0,North,797.0
O002743,2026-05-13,C0145,P001,2,31.0,South,62.0
O002744,2025-08-26,C0345,P018,1,1129.0,South,1129.0
O002745,2025-04-04,C0248,P004,4,680.0,West,2720.0
O002746,2025-12-04,C0362,P004,1,680.0,East,680.0
O002747,2025-06-20,C0006,P008,3,729.0,North,2187.0
O002748,2026-04-12,C0031,P020,1,410.0,East,410.0
O002749,2025-05-23,C0197,P006,2,393.0,West,786.0
O002750,2025-07-20,C0232,P004,3,680.0,East,2040.0
O002751,2025-06-29,C0296,P004,3,680.0,East,2040.0
O002752,2025-12-30,C0414,P011,3,508.0,East,1524.0
O002753,2026-04-24,C0325,P009,3,485.0,West,1455.0
O002754,2026-04-16,C0460,P014,4,1059.0,North,4236.0
O002755,2026-01-19,C0135,P004,3,680.0,West,2040.0
O002756,2026-02-21,C0493,P013,3,797.0,South,2391.0
O002757,2025-11-04,C0013,P006,3,393.0,West,1179.0
O002758,2026-01-02,C0497,P013,2,797.0,East,1594.0
O002759,2025-01-01,C0004,P003,2,358.0,East,716.0
O002760,2025-02-13,C0178,P007,3,995.0,South,2985.0
O002761,2025-04-08,C0234,P001,4,31.0,South,124.0
O002762,2025-09-22,C0259,P011,1,508.0,East,508.0
O002763,2025-05-20,C0140,P002,4,235.0,West,940.0
O002764,2026-04-26,C0065,P005,3,1124.0,South,3372.0
O002765,2025-08-25,C0283,P014,3,1059.0,South,3177.0
O002766,2025-03-13,C0363,P013,4,797.0,South,3188.0
O002767,2025-07-09,C0306,P016,3,420.0,West,1260.0
O002768,2025-09-25,C0205,P015,1,730.0,East,730.0
O002769,2025-11-17,C0017,P003,2,358.0,South,716.0
O002770,2025-04-17,C0200,P006,1,393.0,West,393.0
O002771,2025-08-20,C0032,P009,1,485.0,North,485.0
O002772,2025-02-11,C0212,P003,1,358.0,East,358.0
O002773,2025-05-19,C0435,P013,4,797.0,North,3188.0
O002774,2025-09-30,C0273,P013,4,797.0,West,3188.0
O002775,2026-04-26,C0290,P007,1,995.0,East,995.0
O002776,2026-02-20,C0291,P005,4,1124.0,North,4496.0
O002777,2026-05-21,C0483,P008,3,729.0,South,2187.0
O002778,2026-02-28,C0486,P008,2,729.0,West,1458.0
O002779,2026-02-11,C0234,P007,4,995.0,South,3980.0
O002780,2026-01-25,C0408,P019,4,269.0,North,1076.0
O002781,2025-12-08,C0182,P007,1,995.0,North,995.0
O002782,2026-05-08,C0146,P004,2,680.0,North,1360.0
O002783,2025-07-11,C0050,P010,3,1132.0,North,3396.0
O002784,2026-05-14,C0430,P013,3,797.0,North,2391.0
O002785,2025-08-21,C0432,P004,2,680.0,West,1360.0
O002786,2025-08-15,C0103,P019,3,269.0,South,807.0
O002787,2026-01-06,C0033,P010,2,1132.0,North,2264.0
O002788,2025-05-19,C0497,P007,1,995.0,East,995.0
O002789,2025-05-29,C0471,P005,3,1124.0,North,3372.0
O002790,2025-04-25,C0089,P003,3,358.0,West,1074.0
O002791,2026-03-26,C0485,P002,2,235.0,East,470.0
O002792,2025-03-04,C0411,P011,3,508.0,South,1524.0
O002793,2025-04-14,C0385,P010,4,1132.0,West,4528.0
O002794,2025-09-30,C0341,P013,1,797.0,South,797.0
O002795,2025-01-06,C0315,P007,3,995.0,West,2985.0
O002796,2025-05-27,C0241,P010,3,1132.0,West,3396.0
O002797,2025-07-03,C0266,P004,3,680.0,West,2040.0
O002798,2025-01-28,C0223,P020,2,410.0,North,820.0
O002799,2025-04-29,C0236,P016,1,420.0,West,420.0
O002800,2025-10-20,C0153,P020,1,410.0,North,410.0
O002801,2026-01-06,C0468,P006,3,393.0,West,1179.0
O002802,2025-09-01,C0057,P009,3,485.0,North,1455.0
O002803,2025-08-06,C0322,P013,2,797.0,West,1594.0
O002804,2025-06-26,C0375,P007,1,995.0,North,995.0
O002805,2025-10-26,C0112,P018,4,1129.0,North,4516.0
O002806,2025-02-27,C0015,P014,3,1059.0,North,3177.0
O002807,2025-09-26,C0412,P005,4,1124.0,West,4496.0
O002808,2025-11-04,C0269,P013,4,797.0,South,3188.0
O002809,2025-10-15,C0114,P008,1,729.0,West,729.0
O002810,2025-04-15,C0252,P015,4,730.0,South,2920.0
O002811,2025-08-16,C0500,P019,3,269.0,West,807.0
O002812,2025-09-04,C0374,P009,3,485.0,East,1455.0
O002813,2026-05-09,C0142,P006,2,393.0,South,786.0
O002814,2025-03-24,C0114,P014,1,1059.0,West,1059.0
O002815,2025-07-05,C0450,P010,1,1132.0,North,1132.0
O002816,2025-09-09,C0290,P009,4,485.0,East,1940.0
O002817,2025-12-21,C0483,P017,3,1000.0,South,3000.0
O002818,2025-07-29,C0357,P013,3,797.0,North,2391.0
O002819,2026-03-23,C0025,P017,2,1000.0,South,2000.0
O002820,2026-04-05,C0368,P019,4,269.0,West,1076.0
O002821,2026-04-17,C0310,P013,3,797.0,South,2391.0
O002822,2026-01-05,C0255,P009,1,485.0,North,485.0
O002823,2026-05-07,C0463,P001,1,31.0,West,31.0
O002824,2025-05-17,C0268,P001,1,31.0,West,31.0
O002825,2026-01-02,C0126,P005,2,1124.0,South,2248.0
O002826,2025-07-03,C0393,P008,1,729.0,South,729.0
O002827,2025-10-14,C0250,P018,4,1129.0,West,4516.0
O002828,2026-04-17,C0287,P004,3,680.0,South,2040.0
O002829,2026-01-10,C0334,P001,1,31.0,North,31.0
O002830,2026-06-21,C0477,P015,4,730.0,North,2920.0
O002831,2026-05-26,C0053,P020,1,410.0,West,410.0
O002832,2025-09-07,C0368,P004,4,680.0,West,2720.0
O002833,2026-05-25,C0043,P009,2,485.0,North,970.0
O002834,2025-03-14,C0166,P020,4,410.0,West,1640.0
O002835,2025-10-09,C0042,P010,1,1132.0,South,1132.0
O002836,2025-12-26,C0380,P015,3,730.0,South,2190.0
O002837,2025-01-10,C0456,P003,2,358.0,South,716.0
O002838,2025-07-30,C0176,P002,2,235.0,North,470.0
O002839,2025-06-01,C0067,P005,4,1124.0,North,4496.0
O002840,2025-01-05,C0066,P001,1,31.0,East,31.0
O002841,2025-07-14,C0400,P011,4,508.0,West,2032.0
O002842,2025-10-10,C0083,P012,2,66.0,South,132.0
O002843,2026-04-09,C0350,P003,3,358.0,East,1074.0
O002844,2025-04-23,C0105,P016,4,420.0,West,1680.0
O002845,2025-09-28,C0400,P014,1,1059.0,West,1059.0
O002846,2025-06-12,C0287,P012,4,66.0,South,264.0
O002847,2026-04-05,C0374,P020,4,410.0,East,1640.0
O002848,2025-04-15,C0186,P016,4,420.0,East,1680.0
O002849,2025-10-09,C0284,P008,3,729.0,North,2187.0
O002850,2025-06-11,C0004,P017,1,1000.0,East,1000.0
O002851,2025-12-17,C0138,P017,1,1000.0,West,1000.0
O002852,2026-03-10,C0179,P007,2,995.0,West,1990.0
O002853,2025-05-20,C0237,P015,2,730.0,South,1460.0
O002854,2026-04-16,C0018,P009,4,485.0,East,1940.0
O002855,2025-05-12,C0303,P004,2,680.0,East,1360.0
O002856,2025-03-28,C0416,P008,1,729.0,South,729.0
O002857,2025-07-02,C0414,P010,4,1132.0,East,4528.0
O002858,2026-01-03,C0420,P015,2,730.0,West,1460.0
O002859,2025-05-09,C0009,P018,3,1129.0,East,3387.0
O002860,2025-09-03,C0420,P014,2,1059.0,West,2118.0
O002861,2026-01-13,C0029,P005,3,1124.0,East,3372.0
O002862,2025-05-29,C0144,P009,2,485.0,South,970.0
O002863,2026-03-09,C0348,P013,1,797.0,North,797.0
O002864,2026-04-14,C0149,P019,2,269.0,North,538.0
O002865,2026-03-22,C0064,P011,3,508.0,South,1524.0
O002866,2026-04-26,C0367,P012,3,66.0,West,198.0
O002867,2025-10-21,C0450,P003,2,358.0,North,716.0
O002868,2025-05-23,C0380,P002,4,235.0,South,940.0
O002869,2025-09-07,C0187,P015,3,730.0,West,2190.0
O002870,2025-10-29,C0366,P005,1,1124.0,South,1124.0
O002871,2025-01-25,C0227,P007,2,995.0,West,1990.0
O002872,2025-03-11,C0118,P004,3,680.0,North,2040.0
O002873,2025-04-22,C0412,P005,2,1124.0,West,2248.0
O002874,2025-12-30,C0439,P016,2,420.0,West,840.0
O002875,2025-10-30,C0356,P015,4,730.0,East,2920.0
O002876,2026-04-16,C0254,P016,2,420.0,South,840.0
O002877,2025-04-01,C0031,P004,2,680.0,East,1360.0
O002878,2026-06-14,C0161,P006,2,393.0,South,786.0
O002879,2025-07-11,C0215,P018,1,1129.0,West,1129.0
O002880,2025-08-30,C0444,P003,2,358.0,South,716.0
O002881,2025-05-18,C0169,P005,1,1124.0,North,1124.0
O002882,2025-12-11,C0081,P002,2,235.0,West,470.0
O002883,2025-06-29,C0046,P016,4,420.0,East,1680.0
O002884,2026-05-18,C0049,P006,4,393.0,East,1572.0
O002885,2025-07-22,C0449,P015,3,730.0,South,2190.0
O002886,2025-07-11,C0298,P018,2,1129.0,North,2258.0
O002887,2025-01-05,C0407,P006,4,393.0,South,1572.0
O002888,2025-08-25,C0368,P013,4,797.0,West,3188.0
O002889,2025-11-07,C0283,P013,2,797.0,South,1594.0
O002890,2025-02-25,C0473,P001,3,31.0,North,93.0
O002891,2026-03-19,C0416,P016,1,420.0,South,420.0
O002892,2025-08-25,C0467,P004,4,680.0,South,2720.0
O002893,2025-07-16,C0088,P017,4,1000.0,East,4000.0
O002894,2026-05-29,C0121,P018,1,1129.0,West,1129.0
O002895,2026-03-25,C0003,P016,4,420.0,West,1680.0
O002896,2025-12-26,C0316,P001,1,31.0,East,31.0
O002897,2025-01-30,C0460,P006,1,393.0,North,393.0
O002898,2025-04-18,C0227,P011,3,508.0,West,1524.0
O002899,2026-03-21,C0079,P006,1,393.0,South,393.0
O002900,2026-03-14,C0145,P017,1,1000.0,South,1000.0
O002901,2026-04-02,C0242,P004,1,680.0,West,680.0
O002902,2026-05-10,C0032,P014,1,1059.0,North,1059.0
O002903,2025-09-04,C0263,P014,4,1059.0,North,4236.0
O002904,2026-06-27,C0211,P020,1,410.0,East,410.0
O002905,2026-03-15,C0071,P008,4,729.0,West,2916.0
O002906,2025-10-05,C0384,P002,2,235.0,West,470.0
O002907,2025-04-21,C0197,P005,2,1124.0,West,2248.0
O002908,2026-01-20,C0058,P004,1,680.0,North,680.0
O002909,2025-07-10,C0424,P010,3,1132.0,South,3396.0
O002910,2026-05-05,C0469,P020,3,410.0,North,1230.0
O002911,2026-03-02,C0112,P003,4,358.0,North,1432.0
O002912,2026-02-09,C0048,P016,4,420.0,East,1680.0
O002913,2025-12-01,C0435,P010,2,1132.0,North,2264.0
O002914,2025-07-28,C0185,P015,4,730.0,South,2920.0
O002915,2025-01-22,C0367,P004,3,680.0,West,2040.0
O002916,2025-07-27,C0327,P001,2,31.0,East,62.0
O002917,2025-01-08,C0165,P015,1,730.0,North,730.0
O002918,2026-06-13,C0215,P010,4,1132.0,West,4528.0
O002919,2025-06-15,C0331,P020,1,410.0,South,410.0
O002920,2026-05-11,C0330,P018,4,1129.0,North,4516.0
O002921,2026-03-05,C0121,P016,3,420.0,West,1260.0
O002922,2025-06-12,C0213,P009,4,485.0,East,1940.0
O002923,2026-01-01,C0311,P019,3,269.0,South,807.0
O002924,2026-06-10,C0041,P017,3,1000.0,North,3000.0
O002925,2025-08-27,C0353,P010,1,1132.0,East,1132.0
O002926,2025-03-13,C0404,P019,4,269.0,West,1076.0
O002927,2026-03-21,C0289,P008,1,729.0,South,729.0
O002928,2026-05-24,C0168,P019,3,269.0,North,807.0
O002929,2025-09-26,C0483,P005,3,1124.0,South,3372.0
O002930,2026-02-19,C0034,P002,3,235.0,West,705.0
O002931,2025-09-02,C0318,P015,3,730.0,North,2190.0
O002932,2025-03-01,C0484,P017,2,1000.0,East,2000.0
O002933,2025-01-06,C0475,P010,3,1132.0,East,3396.0
O002934,2026-02-11,C0275,P002,4,235.0,East,940.0
O002935,2025-08-05,C0427,P009,3,485.0,South,1455.0
O002936,2025-01-26,C0197,P002,2,235.0,West,470.0
O002937,2025-01-05,C0191,P018,4,1129.0,North,4516.0
O002938,2026-06-16,C0221,P012,2,66.0,East,132.0
O002939,2026-01-25,C0010,P015,2,730.0,West,1460.0
O002940,2026-03-24,C0120,P020,4,410.0,East,1640.0
O002941,2025-05-26,C0123,P006,2,393.0,South,786.0
O002942,2026-01-23,C0247,P018,3,1129.0,South,3387.0
O002943,2025-09-06,C0360,P013,1,797.0,East,797.0
O002944,2026-06-10,C0397,P004,1,680.0,West,680.0
O002945,2026-04-07,C0221,P012,1,66.0,East,66.0
O002946,2025-01-13,C0261,P009,4,485.0,East,1940.0
O002947,2026-01-19,C0058,P002,4,235.0,North,940.0
O002948,2026-02-03,C0315,P016,4,420.0,West,1680.0
O002949,2025-01-19,C0460,P001,1,31.0,North,31.0
O002950,2026-05-06,C0128,P004,1,680.0,West,680.0
O002951,2026-02-23,C0187,P015,4,730.0,West,2920.0
O002952,2025-12-03,C0205,P020,1,410.0,East,410.0
O002953,2026-02-23,C0086,P001,2,31.0,South,62.0
O002954,2025-05-02,C0104,P020,2,410.0,East,820.0
O002955,2026-03-08,C0143,P015,1,730.0,South,730.0
O002956,2025-02-13,C0205,P003,4,358.0,East,1432.0
O002957,2025-11-13,C0129,P013,3,797.0,North,2391.0
O002958,2026-01-16,C0246,P018,3,1129.0,West,3387.0
O002959,2025-05-25,C0038,P013,1,797.0,North,797.0
O002960,2025-11-23,C0363,P010,3,1132.0,South,3396.0
O002961,2025-12-29,C0109,P020,4,410.0,North,1640.0
O002962,2025-02-19,C0309,P007,2,995.0,West,1990.0
O002963,2025-03-06,C0052,P008,2,729.0,West,1458.0
O002964,2025-12-21,C0001,P001,4,31.0,South,124.0
O002965,2025-06-13,C0011,P018,3,1129.0,North,3387.0
O002966,2025-05-21,C0314,P012,1,66.0,West,66.0
O002967,2025-05-08,C0235,P018,2,1129.0,North,2258.0
O002968,2026-02-02,C0128,P012,3,66.0,West,198.0
O002969,2026-04-08,C0424,P020,3,410.0,South,1230.0
O002970,2025-07-06,C0214,P009,2,485.0,North,970.0
O002971,2025-07-09,C0483,P002,2,235.0,South,470.0
O002972,2026-01-23,C0444,P014,1,1059.0,South,1059.0
O002973,2026-03-05,C0243,P004,4,680.0,West,2720.0
O002974,2025-10-11,C0044,P015,3,730.0,West,2190.0
O002975,2025-08-25,C0006,P017,1,1000.0,North,1000.0
O002976,2025-07-13,C0156,P019,2,269.0,North,538.0
O002977,2025-10-14,C0415,P006,4,393.0,East,1572.0
O002978,2025-05-16,C0008,P009,4,485.0,West,1940.0
O002979,2025-06-20,C0005,P017,3,1000.0,North,3000.0
O002980,2025-06-08,C0362,P015,4,730.0,East,2920.0
O002981,2025-07-20,C0182,P005,2,1124.0,North,2248.0
O002982,2026-05-02,C0112,P018,2,1129.0,North,2258.0
O002983,2026-05-19,C0492,P004,2,680.0,East,1360.0
O002984,2026-01-06,C0273,P002,1,235.0,West,235.0
O002985,2025-04-13,C0422,P019,2,269.0,West,538.0
O002986,2025-05-05,C0265,P005,1,1124.0,West,1124.0
O002987,2025-11-09,C0458,P004,2,680.0,South,1360.0
O002988,2026-04-03,C0212,P005,2,1124.0,East,2248.0
O002989,2025-08-18,C0078,P019,4,269.0,North,1076.0
O002990,2025-07-16,C0270,P013,3,797.0,South,2391.0
O002991,2026-02-27,C0154,P016,2,420.0,South,840.0
O002992,2025-06-20,C0221,P012,4,66.0,East,264.0
O002993,2026-01-17,C0369,P009,4,485.0,North,1940.0
O002994,2025-06-22,C0446,P016,3,420.0,West,1260.0
O002995,2026-03-29,C0347,P014,4,1059.0,East,4236.0
O002996,2025-12-16,C0025,P001,4,31.0,South,124.0
O002997,2026-05-09,C0464,P020,3,410.0,East,1230.0
O002998,2025-01-04,C0420,P004,1,680.0,West,680.0
O002999,2025-04-03,C0354,P009,3,485.0,North,1455.0
O003000,2025-01-06,C0208,P019,3,269.0,East,807.0
O003001,2025-10-15,C0417,P014,2,1059.0,South,2118.0
O003002,2025-05-26,C0003,P012,2,66.0,West,132.0
O003003,2026-02-28,C0215,P004,1,680.0,West,680.0
O003004,2026-04-02,C0395,P007,3,995.0,South,2985.0
O003005,2025-07-21,C0112,P017,3,1000.0,North,3000.0
O003006,2025-07-31,C0442,P001,1,31.0,West,31.0
O003007,2025-01-06,C0192,P014,2,1059.0,West,2118.0
O003008,2026-01-11,C0402,P015,3,730.0,West,2190.0
O003009,2026-03-23,C0047,P012,1,66.0,South,66.0
O003010,2025-04-16,C0489,P012,2,66.0,West,132.0
O003011,2026-02-05,C0428,P006,4,393.0,West,1572.0
O003012,2025-04-06,C0221,P013,1,797.0,East,797.0
O003013,2026-01-23,C0187,P016,1,420.0,West,420.0
O003014,2026-03-28,C0050,P014,3,1059.0,North,3177.0
O003015,2026-02-20,C0197,P007,4,995.0,West,3980.0
O003016,2026-05-19,C0216,P016,2,420.0,North,840.0
O003017,2026-03-30,C0413,P009,4,485.0,West,1940.0
O003018,2025-10-18,C0221,P014,3,1059.0,East,3177.0
O003019,2026-06-18,C0380,P007,3,995.0,South,2985.0
O003020,2025-07-12,C0090,P012,2,66.0,South,132.0
O003021,2025-05-30,C0232,P003,2,358.0,East,716.0
O003022,2026-05-30,C0323,P014,2,1059.0,East,2118.0
O003023,2026-01-28,C0258,P019,3,269.0,East,807.0
O003024,2025-11-12,C0153,P011,2,508.0,North,1016.0
O003025,2025-03-17,C0256,P005,2,1124.0,East,2248.0
O003026,2025-09-27,C0403,P013,2,797.0,East,1594.0
O003027,2025-08-13,C0424,P010,1,1132.0,South,1132.0
O003028,2026-06-14,C0258,P007,2,995.0,East,1990.0
O003029,2025-04-23,C0467,P017,3,1000.0,South,3000.0
O003030,2025-09-08,C0065,P016,1,420.0,South,420.0
O003031,2025-08-21,C0190,P008,3,729.0,North,2187.0
O003032,2025-03-24,C0091,P017,4,1000.0,North,4000.0
O003033,2025-05-05,C0438,P013,1,797.0,West,797.0
O003034,2025-06-24,C0173,P011,2,508.0,East,1016.0
O003035,2025-03-10,C0247,P020,1,410.0,South,410.0
O003036,2025-02-16,C0256,P018,3,1129.0,East,3387.0
O003037,2025-09-13,C0116,P005,1,1124.0,West,1124.0
O003038,2025-01-30,C0049,P006,4,393.0,East,1572.0
O003039,2025-10-08,C0227,P020,2,410.0,West,820.0
O003040,2025-08-25,C0489,P014,2,1059.0,West,2118.0
O003041,2025-09-05,C0069,P012,4,66.0,North,264.0
O003042,2026-01-03,C0422,P004,3,680.0,West,2040.0
O003043,2026-05-10,C0388,P007,1,995.0,North,995.0
O003044,2025-01-25,C0401,P011,3,508.0,North,1524.0
O003045,2026-05-05,C0126,P020,3,410.0,South,1230.0
O003046,2026-05-09,C0437,P002,3,235.0,North,705.0
O003047,2025-11-10,C0213,P004,2,680.0,East,1360.0
O003048,2026-01-10,C0053,P007,1,995.0,West,995.0
O003049,2025-01-25,C0112,P001,2,31.0,North,62.0
O003050,2025-11-30,C0159,P015,2,730.0,North,1460.0
O003051,2025-12-21,C0240,P020,2,410.0,North,820.0
O003052,2025-04-26,C0150,P008,1,729.0,South,729.0
O003053,2025-02-17,C0139,P005,4,1124.0,South,4496.0
O003054,2025-04-09,C0418,P014,2,1059.0,South,2118.0
O003055,2026-04-04,C0113,P018,2,1129.0,West,2258.0
O003056,2026-06-07,C0143,P003,2,358.0,South,716.0
O003057,2026-02-09,C0370,P002,1,235.0,North,235.0
O003058,2025-08-02,C0138,P016,1,420.0,West,420.0
O003059,2026-05-18,C0486,P014,3,1059.0,West,3177.0
O003060,2026-03-24,C0480,P016,2,420.0,East,840.0
O003061,2025-09-15,C0437,P011,2,508.0,North,1016.0
O003062,2025-05-01,C0304,P017,1,1000.0,East,1000.0
O003063,2025-02-23,C0031,P003,1,358.0,East,358.0
O003064,2025-11-27,C0293,P005,2,1124.0,West,2248.0
O003065,2025-08-29,C0108,P003,4,358.0,West,1432.0
O003066,2026-06-14,C0284,P015,3,730.0,North,2190.0
O003067,2026-04-28,C0159,P005,3,1124.0,North,3372.0
O003068,2025-07-06,C0326,P003,2,358.0,West,716.0
O003069,2025-09-19,C0014,P006,3,393.0,North,1179.0
O003070,2025-12-30,C0122,P014,3,1059.0,West,3177.0
O003071,2026-05-06,C0215,P002,1,235.0,West,235.0
O003072,2026-03-07,C0272,P018,3,1129.0,West,3387.0
O003073,2025-08-27,C0025,P006,1,393.0,South,393.0
O003074,2025-10-31,C0423,P005,2,1124.0,North,2248.0
O003075,2025-10-25,C0322,P014,1,1059.0,West,1059.0
O003076,2025-03-17,C0294,P017,2,1000.0,South,2000.0
O003077,2025-11-29,C0169,P011,1,508.0,North,508.0
O003078,2026-04-19,C0103,P001,3,31.0,South,93.0
O003079,2025-10-10,C0354,P010,4,1132.0,North,4528.0
O003080,2025-03-13,C0371,P009,1,485.0,North,485.0
O003081,2025-09-20,C0040,P020,1,410.0,South,410.0
O003082,2025-01-12,C0235,P012,4,66.0,North,264.0
O003083,2025-05-21,C0320,P001,4,31.0,South,124.0
O003084,2025-01-17,C0089,P018,1,1129.0,West,1129.0
O003085,2025-03-04,C0100,P012,1,66.0,North,66.0
O003086,2025-09-10,C0144,P002,1,235.0,South,235.0
O003087,2026-04-10,C0082,P001,2,31.0,East,62.0
O003088,2026-01-11,C0077,P001,1,31.0,West,31.0
O003089,2026-06-04,C0059,P001,1,31.0,North,31.0
O003090,2025-03-31,C0229,P012,4,66.0,West,264.0
O003091,2025-06-24,C0091,P007,4,995.0,North,3980.0
O003092,2025-03-17,C0354,P004,2,680.0,North,1360.0
O003093,2026-02-04,C0395,P020,2,410.0,South,820.0
O003094,2025-03-12,C0001,P004,3,680.0,South,2040.0
O003095,2025-06-29,C0269,P015,1,730.0,South,730.0
O003096,2025-05-04,C0286,P001,1,31.0,North,31.0
O003097,2026-01-16,C0197,P006,4,393.0,West,1572.0
O003098,2025-10-20,C0274,P014,3,1059.0,West,3177.0
O003099,2025-07-14,C0078,P014,1,1059.0,North,1059.0
O003100,2025-08-16,C0141,P010,3,1132.0,West,3396.0
O003101,2026-03-07,C0288,P007,2,995.0,East,1990.0
O003102,2026-03-12,C0071,P012,1,66.0,West,66.0
O003103,2026-04-06,C0456,P019,1,269.0,South,269.0
O003104,2025-01-21,C0050,P009,2,485.0,North,970.0
O003105,2025-03-05,C0455,P003,1,358.0,North,358.0
O003106,2025-06-14,C0372,P004,2,680.0,North,1360.0
O003107,2025-01-27,C0369,P013,2,797.0,North,1594.0
O003108,2025-11-07,C0080,P010,3,1132.0,North,3396.0
O003109,2025-10-12,C0235,P014,4,1059.0,North,4236.0
O003110,2025-10-08,C0287,P006,4,393.0,South,1572.0
O003111,2025-06-13,C0307,P008,2,729.0,East,1458.0
O003112,2025-08-12,C0155,P019,3,269.0,West,807.0
O003113,2025-05-26,C0060,P010,2,1132.0,South,2264.0
O003114,2025-01-30,C0033,P005,3,1124.0,North,3372.0
O003115,2025-02-14,C0437,P005,3,1124.0,North,3372.0
O003116,2026-04-16,C0127,P005,4,1124.0,West,4496.0
O003117,2025-02-03,C0221,P009,4,485.0,East,1940.0
O003118,2026-03-03,C0200,P009,3,485.0,West,1455.0
O003119,2025-08-09,C0417,P015,4,730.0,South,2920.0
O003120,2026-06-18,C0126,P009,3,485.0,South,1455.0
O003121,2026-01-02,C0041,P014,1,1059.0,North,1059.0
O003122,2025-04-26,C0275,P006,2,393.0,East,786.0
O003123,2025-08-27,C0469,P020,4,410.0,North,1640.0
O003124,2025-12-01,C0297,P008,2,729.0,West,1458.0
O003125,2026-03-17,C0085,P002,4,235.0,South,940.0
O003126,2025-05-28,C0089,P005,2,1124.0,West,2248.0
O003127,2025-01-09,C0042,P017,2,1000.0,South,2000.0
O003128,2025-10-15,C0120,P010,4,1132.0,East,4528.0
O003129,2026-01-23,C0279,P014,4,1059.0,West,4236.0
O003130,2025-02-19,C0459,P018,4,1129.0,North,4516.0
O003131,2026-06-01,C0033,P001,4,31.0,North,124.0
O003132,2025-10-05,C0276,P002,3,235.0,East,705.0
O003133,2025-10-27,C0153,P004,4,680.0,North,2720.0
O003134,2025-05-15,C0090,P013,4,797.0,South,3188.0
O003135,2025-05-27,C0104,P016,4,420.0,East,1680.0
O003136,2026-05-05,C0436,P005,1,1124.0,West,1124.0
O003137,2026-04-23,C0012,P010,2,1132.0,West,2264.0
O003138,2025-06-08,C0160,P017,4,1000.0,West,4000.0
O003139,2026-01-19,C0417,P011,4,508.0,South,2032.0
O003140,2025-06-12,C0458,P005,2,1124.0,South,2248.0
O003141,2026-03-17,C0196,P015,2,730.0,South,1460.0
O003142,2025-07-08,C0399,P004,3,680.0,West,2040.0
O003143,2026-02-19,C0307,P007,2,995.0,East,1990.0
O003144,2025-12-05,C0262,P010,2,1132.0,West,2264.0
O003145,2025-06-30,C0091,P004,1,680.0,North,680.0
O003146,2025-10-15,C0197,P020,3,410.0,West,1230.0
O003147,2025-07-06,C0069,P005,1,1124.0,North,1124.0
O003148,2025-05-18,C0466,P005,2,1124.0,South,2248.0
O003149,2025-05-10,C0220,P011,4,508.0,West,2032.0
O003150,2025-07-13,C0419,P019,3,269.0,East,807.0
O003151,2025-11-12,C0379,P005,2,1124.0,West,2248.0
O003152,2025-05-24,C0214,P008,2,729.0,North,1458.0
O003153,2025-01-16,C0418,P007,4,995.0,South,3980.0
O003154,2025-10-29,C0447,P008,4,729.0,West,2916.0
O003155,2026-02-27,C0452,P013,4,797.0,East,3188.0
O003156,2025-09-02,C0146,P005,3,1124.0,North,3372.0
O003157,2025-04-17,C0233,P018,1,1129.0,East,1129.0
O003158,2025-03-29,C0371,P009,3,485.0,North,1455.0
O003159,2025-05-09,C0410,P002,4,235.0,North,940.0
O003160,2025-12-07,C0234,P016,3,420.0,South,1260.0
O003161,2025-01-04,C0214,P014,4,1059.0,North,4236.0
O003162,2025-11-23,C0367,P017,1,1000.0,West,1000.0
O003163,2026-02-14,C0481,P006,3,393.0,East,1179.0
O003164,2025-11-02,C0061,P003,1,358.0,South,358.0
O003165,2025-08-13,C0363,P017,1,1000.0,South,1000.0
O003166,2025-12-14,C0078,P013,4,797.0,North,3188.0
O003167,2025-11-17,C0095,P006,3,393.0,West,1179.0
O003168,2025-06-30,C0330,P008,3,729.0,North,2187.0
O003169,2026-01-21,C0499,P006,1,393.0,West,393.0
O003170,2025-04-18,C0216,P016,4,420.0,North,1680.0
O003171,2026-06-15,C0213,P006,1,393.0,East,393.0
O003172,2026-02-14,C0304,P017,1,1000.0,East,1000.0
O003173,2025-10-23,C0200,P003,1,358.0,West,358.0
O003174,2025-06-20,C0352,P012,1,66.0,West,66.0
O003175,2025-11-27,C0031,P006,3,393.0,East,1179.0
O003176,2026-05-08,C0290,P007,2,995.0,East,1990.0
O003177,2025-07-14,C0343,P011,3,508.0,North,1524.0
O003178,2025-01-12,C0473,P009,4,485.0,North,1940.0
O003179,2025-07-14,C0135,P016,2,420.0,West,840.0
O003180,2026-05-05,C0083,P005,1,1124.0,South,1124.0
O003181,2025-07-01,C0391,P015,3,730.0,West,2190.0
O003182,2025-11-12,C0047,P004,2,680.0,South,1360.0
O003183,2025-01-30,C0392,P005,1,1124.0,South,1124.0
O003184,2025-04-06,C0206,P007,3,995.0,North,2985.0
O003185,2026-01-16,C0385,P003,2,358.0,West,716.0
O003186,2026-03-20,C0381,P004,3,680.0,North,2040.0
O003187,2025-10-25,C0077,P015,2,730.0,West,1460.0
O003188,2025-12-27,C0259,P002,4,235.0,East,940.0
O003189,2026-01-09,C0437,P005,3,1124.0,North,3372.0
O003190,2025-10-30,C0092,P007,3,995.0,West,2985.0
O003191,2026-02-25,C0422,P017,2,1000.0,West,2000.0
O003192,2025-09-03,C0435,P008,4,729.0,North,2916.0
O003193,2025-08-25,C0399,P009,3,485.0,West,1455.0
O003194,2026-06-18,C0100,P010,4,1132.0,North,4528.0
O003195,2025-07-04,C0383,P011,4,508.0,East,2032.0
O003196,2026-04-13,C0195,P001,3,31.0,South,93.0
O003197,2025-12-29,C0192,P015,1,730.0,West,730.0
O003198,2025-10-10,C0068,P008,2,729.0,West,1458.0
O003199,2025-12-02,C0389,P019,3,269.0,West,807.0
O003200,2025-06-11,C0242,P012,4,66.0,West,264.0
O003201,2025-06-09,C0090,P006,2,393.0,South,786.0
O003202,2026-04-19,C0345,P010,3,1132.0,South,3396.0
O003203,2025-11-18,C0010,P005,2,1124.0,West,2248.0
O003204,2025-01-12,C0264,P007,2,995.0,East,1990.0
O003205,2026-02-28,C0268,P007,4,995.0,West,3980.0
O003206,2025-03-14,C0320,P009,1,485.0,South,485.0
O003207,2025-07-20,C0118,P015,1,730.0,North,730.0
O003208,2026-06-06,C0250,P006,2,393.0,West,786.0
O003209,2026-05-20,C0059,P016,4,420.0,North,1680.0
O003210,2025-02-08,C0195,P007,4,995.0,South,3980.0
O003211,2025-03-01,C0475,P015,3,730.0,East,2190.0
O003212,2025-11-17,C0050,P002,2,235.0,North,470.0
O003213,2026-03-11,C0407,P008,3,729.0,South,2187.0
O003214,2026-02-12,C0296,P012,4,66.0,East,264.0
O003215,2026-01-21,C0378,P011,2,508.0,North,1016.0
O003216,2025-03-19,C0097,P006,1,393.0,East,393.0
O003217,2025-07-13,C0462,P020,1,410.0,East,410.0
O003218,2025-10-12,C0127,P013,3,797.0,West,2391.0
O003219,2026-06-11,C0246,P016,2,420.0,West,840.0
O003220,2026-06-08,C0087,P008,4,729.0,West,2916.0
O003221,2025-06-05,C0479,P017,3,1000.0,West,3000.0
O003222,2025-12-06,C0077,P013,1,797.0,West,797.0
O003223,2025-05-05,C0377,P004,4,680.0,West,2720.0
O003224,2025-10-07,C0204,P020,2,410.0,West,820.0
O003225,2025-05-08,C0483,P010,1,1132.0,South,1132.0
O003226,2025-11-10,C0146,P020,4,410.0,North,1640.0
O003227,2025-11-28,C0149,P016,1,420.0,North,420.0
O003228,2025-05-30,C0493,P017,2,1000.0,South,2000.0
O003229,2026-03-30,C0111,P008,3,729.0,South,2187.0
O003230,2025-02-05,C0490,P011,4,508.0,West,2032.0
O003231,2026-02-24,C0129,P005,4,1124.0,North,4496.0
O003232,2025-01-22,C0253,P016,2,420.0,West,840.0
O003233,2025-07-25,C0166,P008,1,729.0,West,729.0
O003234,2025-12-22,C0297,P016,1,420.0,West,420.0
O003235,2026-03-16,C0426,P004,1,680.0,East,680.0
O003236,2025-04-06,C0495,P006,4,393.0,South,1572.0
O003237,2025-06-13,C0137,P008,4,729.0,East,2916.0
O003238,2025-05-28,C0279,P009,1,485.0,West,485.0
O003239,2026-06-14,C0334,P013,4,797.0,North,3188.0
O003240,2025-10-21,C0011,P017,3,1000.0,North,3000.0
O003241,2025-07-14,C0071,P009,2,485.0,West,970.0
O003242,2026-04-25,C0159,P013,2,797.0,North,1594.0
O003243,2025-05-03,C0216,P009,4,485.0,North,1940.0
O003244,2026-02-04,C0026,P006,3,393.0,West,1179.0
O003245,2026-03-28,C0286,P010,3,1132.0,North,3396.0
O003246,2025-04-14,C0162,P005,1,1124.0,East,1124.0
O003247,2026-04-07,C0430,P007,2,995.0,North,1990.0
O003248,2026-01-31,C0102,P011,2,508.0,East,1016.0
O003249,2025-12-03,C0069,P009,2,485.0,North,970.0
O003250,2025-05-22,C0133,P010,4,1132.0,North,4528.0
O003251,2025-11-13,C0189,P011,3,508.0,East,1524.0
O003252,2026-06-11,C0211,P003,1,358.0,East,358.0
O003253,2026-02-05,C0243,P008,4,729.0,West,2916.0
O003254,2025-11-06,C0166,P017,1,1000.0,West,1000.0
O003255,2026-05-10,C0412,P007,4,995.0,West,3980.0
O003256,2025-04-19,C0410,P012,2,66.0,North,132.0
O003257,2026-01-07,C0061,P016,1,420.0,South,420.0
O003258,2025-07-25,C0362,P015,3,730.0,East,2190.0
O003259,2025-02-12,C0279,P013,3,797.0,West,2391.0
O003260,2025-09-02,C0430,P018,4,1129.0,North,4516.0
O003261,2025-10-14,C0113,P018,2,1129.0,West,2258.0
O003262,2025-12-21,C0030,P005,4,1124.0,North,4496.0
O003263,2026-04-21,C0323,P014,1,1059.0,East,1059.0
O003264,2025-03-24,C0476,P011,3,508.0,West,1524.0
O003265,2025-04-20,C0161,P003,3,358.0,South,1074.0
O003266,2025-07-09,C0234,P017,3,1000.0,South,3000.0
O003267,2025-09-08,C0387,P012,3,66.0,South,198.0
O003268,2025-10-18,C0453,P003,1,358.0,South,358.0
O003269,2025-07-20,C0377,P002,3,235.0,West,705.0
O003270,2025-11-22,C0339,P004,4,680.0,South,2720.0
O003271,2026-05-26,C0170,P018,3,1129.0,East,3387.0
O003272,2026-02-13,C0318,P020,1,410.0,North,410.0
O003273,2026-05-23,C0186,P014,2,1059.0,East,2118.0
O003274,2025-03-13,C0057,P008,2,729.0,North,1458.0
O003275,2025-09-04,C0240,P002,3,235.0,North,705.0
O003276,2025-12-10,C0257,P019,2,269.0,West,538.0
O003277,2025-02-23,C0358,P010,1,1132.0,East,1132.0
O003278,2026-06-12,C0201,P005,3,1124.0,East,3372.0
O003279,2026-06-16,C0444,P011,1,508.0,South,508.0
O003280,2025-07-12,C0325,P009,2,485.0,West,970.0
O003281,2025-02-27,C0315,P016,2,420.0,West,840.0
O003282,2026-03-13,C0302,P005,3,1124.0,East,3372.0
O003283,2025-04-21,C0106,P015,2,730.0,North,1460.0
O003284,2025-05-09,C0290,P014,3,1059.0,East,3177.0
O003285,2025-11-22,C0101,P009,3,485.0,North,1455.0
O003286,2025-01-08,C0097,P020,4,410.0,East,1640.0
O003287,2025-01-29,C0153,P005,4,1124.0,North,4496.0
O003288,2025-04-22,C0426,P015,4,730.0,East,2920.0
O003289,2025-05-11,C0029,P009,1,485.0,East,485.0
O003290,2025-07-07,C0153,P004,2,680.0,North,1360.0
O003291,2026-04-20,C0438,P004,2,680.0,West,1360.0
O003292,2025-12-30,C0379,P020,4,410.0,West,1640.0
O003293,2025-07-23,C0073,P007,3,995.0,North,2985.0
O003294,2025-07-31,C0254,P015,3,730.0,South,2190.0
O003295,2025-10-03,C0451,P017,3,1000.0,West,3000.0
O003296,2025-03-14,C0399,P018,3,1129.0,West,3387.0
O003297,2025-08-31,C0004,P007,1,995.0,East,995.0
O003298,2025-04-12,C0237,P019,2,269.0,South,538.0
O003299,2025-06-20,C0038,P010,4,1132.0,North,4528.0
O003300,2025-07-07,C0020,P013,1,797.0,South,797.0
O003301,2026-03-17,C0113,P002,1,235.0,West,235.0
O003302,2025-03-27,C0023,P020,1,410.0,South,410.0
O003303,2026-04-21,C0421,P011,3,508.0,West,1524.0
O003304,2025-02-21,C0446,P005,1,1124.0,West,1124.0
O003305,2025-04-21,C0367,P006,1,393.0,West,393.0
O003306,2025-02-12,C0136,P003,3,358.0,South,1074.0
O003307,2025-07-30,C0421,P001,3,31.0,West,93.0
O003308,2025-07-19,C0248,P003,4,358.0,West,1432.0
O003309,2025-01-26,C0301,P003,4,358.0,North,1432.0
O003310,2025-10-26,C0097,P004,2,680.0,East,1360.0
O003311,2025-03-18,C0033,P007,4,995.0,North,3980.0
O003312,2025-05-17,C0135,P015,4,730.0,West,2920.0
O003313,2025-01-20,C0255,P011,2,508.0,North,1016.0
O003314,2026-03-16,C0278,P018,1,1129.0,East,1129.0
O003315,2025-07-30,C0133,P012,1,66.0,North,66.0
O003316,2026-03-11,C0238,P004,1,680.0,North,680.0
O003317,2025-07-26,C0015,P011,3,508.0,North,1524.0
O003318,2026-03-15,C0277,P006,2,393.0,West,786.0
O003319,2025-02-11,C0126,P019,1,269.0,South,269.0
O003320,2026-02-15,C0345,P018,4,1129.0,South,4516.0
O003321,2026-06-07,C0017,P015,4,730.0,South,2920.0
O003322,2026-03-03,C0312,P003,4,358.0,North,1432.0
O003323,2025-10-02,C0050,P017,2,1000.0,North,2000.0
O003324,2026-03-24,C0135,P001,1,31.0,West,31.0
O003325,2026-01-04,C0118,P002,4,235.0,North,940.0
O003326,2025-08-08,C0378,P019,3,269.0,North,807.0
O003327,2025-08-20,C0306,P009,3,485.0,West,1455.0
O003328,2025-11-24,C0060,P008,1,729.0,South,729.0
O003329,2026-03-19,C0125,P012,1,66.0,North,66.0
O003330,2025-02-21,C0467,P015,1,730.0,South,730.0
O003331,2026-01-11,C0116,P007,1,995.0,West,995.0
O003332,2025-09-20,C0391,P016,1,420.0,West,420.0
O003333,2025-09-24,C0424,P007,2,995.0,South,1990.0
O003334,2025-12-25,C0173,P020,2,410.0,East,820.0
O003335,2025-11-13,C0187,P012,3,66.0,West,198.0
O003336,2025-11-20,C0498,P017,3,1000.0,North,3000.0
O003337,2026-02-25,C0088,P011,2,508.0,East,1016.0
O003338,2025-02-15,C0203,P004,3,680.0,North,2040.0
O003339,2025-09-26,C0361,P019,4,269.0,South,1076.0
O003340,2026-01-16,C0311,P002,3,235.0,South,705.0
O003341,2025-04-28,C0320,P002,4,235.0,South,940.0
O003342,2025-04-26,C0449,P017,4,1000.0,South,4000.0
O003343,2025-09-17,C0182,P009,1,485.0,North,485.0
O003344,2025-03-16,C0352,P001,3,31.0,West,93.0
O003345,2026-04-25,C0168,P010,4,1132.0,North,4528.0
O003346,2025-11-01,C0181,P015,3,730.0,South,2190.0
O003347,2025-01-07,C0300,P015,3,730.0,North,2190.0
O003348,2026-01-01,C0447,P002,2,235.0,West,470.0
O003349,2026-06-07,C0130,P014,2,1059.0,East,2118.0
O003350,2025-12-14,C0463,P004,1,680.0,West,680.0
O003351,2026-03-14,C0149,P018,3,1129.0,North,3387.0
O003352,2025-08-03,C0472,P009,2,485.0,West,970.0
O003353,2026-03-05,C0306,P002,2,235.0,West,470.0
O003354,2026-05-13,C0209,P002,4,235.0,North,940.0
O003355,2026-06-24,C0111,P018,1,1129.0,South,1129.0
O003356,2026-01-02,C0436,P017,4,1000.0,West,4000.0
O003357,2025-11-09,C0500,P009,3,485.0,West,1455.0
O003358,2026-06-22,C0137,P008,4,729.0,East,2916.0
O003359,2025-02-23,C0355,P002,1,235.0,North,235.0
O003360,2026-06-25,C0404,P002,1,235.0,West,235.0
O003361,2026-04-12,C0211,P005,4,1124.0,East,4496.0
O003362,2025-06-13,C0146,P012,3,66.0,North,198.0
O003363,2025-11-30,C0084,P016,2,420.0,North,840.0
O003364,2025-12-14,C0030,P014,3,1059.0,North,3177.0
O003365,2025-09-30,C0488,P020,3,410.0,South,1230.0
O003366,2026-02-18,C0065,P002,3,235.0,South,705.0
O003367,2026-05-15,C0024,P008,4,729.0,South,2916.0
O003368,2025-04-03,C0472,P004,2,680.0,West,1360.0
O003369,2025-03-20,C0431,P020,3,410.0,North,1230.0
O003370,2025-08-05,C0211,P009,2,485.0,East,970.0
O003371,2025-12-24,C0222,P020,1,410.0,East,410.0
O003372,2026-05-22,C0090,P019,2,269.0,South,538.0
O003373,2025-06-30,C0106,P002,4,235.0,North,940.0
O003374,2025-09-03,C0172,P016,1,420.0,North,420.0
O003375,2025-09-01,C0230,P011,1,508.0,East,508.0
O003376,2026-05-21,C0413,P008,3,729.0,West,2187.0
O003377,2026-02-26,C0077,P012,2,66.0,West,132.0
O003378,2025-11-16,C0068,P003,1,358.0,West,358.0
O003379,2025-03-28,C0365,P013,1,797.0,West,797.0
O003380,2025-08-05,C0401,P002,2,235.0,North,470.0
O003381,2026-05-05,C0353,P013,2,797.0,East,1594.0
O003382,2026-06-03,C0389,P008,1,729.0,West,729.0
O003383,2025-10-05,C0092,P015,1,730.0,West,730.0
O003384,2025-06-18,C0088,P009,2,485.0,East,970.0
O003385,2025-11-26,C0465,P011,4,508.0,West,2032.0
O003386,2026-03-17,C0050,P003,2,358.0,North,716.0
O003387,2026-01-26,C0103,P007,4,995.0,South,3980.0
O003388,2026-05-11,C0368,P014,1,1059.0,West,1059.0
O003389,2026-01-16,C0424,P015,3,730.0,South,2190.0
O003390,2025-11-02,C0492,P009,2,485.0,East,970.0
O003391,2026-05-28,C0046,P020,1,410.0,East,410.0
O003392,2025-07-07,C0179,P011,1,508.0,West,508.0
O003393,2026-05-31,C0267,P007,3,995.0,East,2985.0
O003394,2026-03-03,C0268,P012,2,66.0,West,132.0
O003395,2026-05-17,C0397,P019,1,269.0,West,269.0
O003396,2025-09-17,C0320,P018,4,1129.0,South,4516.0
O003397,2026-05-28,C0008,P013,3,797.0,West,2391.0
O003398,2025-03-12,C0449,P011,4,508.0,South,2032.0
O003399,2026-04-23,C0265,P001,1,31.0,West,31.0
O003400,2025-06-27,C0476,P006,4,393.0,West,1572.0
O003401,2026-04-02,C0386,P002,1,235.0,West,235.0
O003402,2025-07-08,C0078,P013,1,797.0,North,797.0
O003403,2025-10-18,C0397,P013,3,797.0,West,2391.0
O003404,2026-06-04,C0240,P019,1,269.0,North,269.0
O003405,2025-10-19,C0258,P009,1,485.0,East,485.0
O003406,2025-10-10,C0196,P019,4,269.0,South,1076.0
O003407,2026-06-28,C0460,P001,3,31.0,North,93.0
O003408,2026-01-12,C0432,P008,3,729.0,West,2187.0
O003409,2025-06-05,C0330,P014,1,1059.0,North,1059.0
O003410,2026-05-23,C0131,P016,3,420.0,South,1260.0
O003411,2026-02-17,C0452,P004,2,680.0,East,1360.0
O003412,2026-06-12,C0390,P018,2,1129.0,West,2258.0
O003413,2025-12-21,C0343,P014,4,1059.0,North,4236.0
O003414,2025-07-06,C0261,P009,4,485.0,East,1940.0
O003415,2025-01-31,C0242,P015,3,730.0,West,2190.0
O003416,2025-09-17,C0387,P003,4,358.0,South,1432.0
O003417,2026-02-25,C0394,P004,3,680.0,West,2040.0
O003418,2026-06-13,C0171,P018,4,1129.0,East,4516.0
O003419,2025-10-31,C0147,P014,2,1059.0,East,2118.0
O003420,2025-02-08,C0270,P015,1,730.0,South,730.0
O003421,2026-05-04,C0149,P008,1,729.0,North,729.0
O003422,2026-06-26,C0380,P010,2,1132.0,South,2264.0
O003423,2025-10-05,C0299,P012,1,66.0,East,66.0
O003424,2025-07-22,C0028,P009,3,485.0,East,1455.0
O003425,2025-03-07,C0149,P008,3,729.0,North,2187.0
O003426,2025-04-18,C0420,P017,2,1000.0,West,2000.0
O003427,2025-09-25,C0280,P009,2,485.0,West,970.0
O003428,2025-08-10,C0182,P013,2,797.0,North,1594.0
O003429,2026-06-14,C0166,P014,2,1059.0,West,2118.0
O003430,2025-03-31,C0017,P005,1,1124.0,South,1124.0
O003431,2025-09-12,C0150,P009,1,485.0,South,485.0
O003432,2026-03-31,C0339,P016,1,420.0,South,420.0
O003433,2025-09-10,C0045,P019,3,269.0,South,807.0
O003434,2025-09-14,C0330,P007,4,995.0,North,3980.0
O003435,2026-01-18,C0189,P012,3,66.0,East,198.0
O003436,2026-03-18,C0139,P002,4,235.0,South,940.0
O003437,2025-03-31,C0061,P018,2,1129.0,South,2258.0
O003438,2026-01-25,C0294,P018,2,1129.0,South,2258.0
O003439,2025-02-13,C0322,P016,1,420.0,West,420.0
O003440,2025-01-19,C0033,P011,1,508.0,North,508.0
O003441,2025-04-11,C0299,P002,4,235.0,East,940.0
O003442,2025-12-23,C0415,P014,4,1059.0,East,4236.0
O003443,2026-06-26,C0112,P004,1,680.0,North,680.0
O003444,2025-02-02,C0291,P007,2,995.0,North,1990.0
O003445,2025-08-17,C0037,P002,1,235.0,South,235.0
O003446,2026-06-08,C0431,P014,2,1059.0,North,2118.0
O003447,2025-06-04,C0495,P007,2,995.0,South,1990.0
O003448,2026-02-27,C0100,P009,3,485.0,North,1455.0
O003449,2025-09-03,C0023,P008,3,729.0,South,2187.0
O003450,2026-02-09,C0420,P009,4,485.0,West,1940.0
O003451,2026-06-25,C0424,P007,2,995.0,South,1990.0
O003452,2025-06-10,C0487,P019,1,269.0,North,269.0
O003453,2025-04-27,C0218,P017,2,1000.0,West,2000.0
O003454,2025-09-28,C0089,P013,4,797.0,West,3188.0
O003455,2026-05-02,C0209,P011,2,508.0,North,1016.0
O003456,2025-06-21,C0271,P018,2,1129.0,West,2258.0
O003457,2025-10-01,C0421,P017,4,1000.0,West,4000.0
O003458,2025-09-16,C0237,P016,2,420.0,South,840.0
O003459,2025-05-15,C0388,P010,3,1132.0,North,3396.0
O003460,2026-02-26,C0406,P004,4,680.0,West,2720.0
O003461,2026-02-25,C0209,P004,3,680.0,North,2040.0
O003462,2025-07-05,C0278,P011,4,508.0,East,2032.0
O003463,2025-12-30,C0465,P008,2,729.0,West,1458.0
O003464,2026-01-13,C0206,P009,3,485.0,North,1455.0
O003465,2026-06-07,C0078,P016,3,420.0,North,1260.0
O003466,2025-07-15,C0401,P010,1,1132.0,North,1132.0
O003467,2025-04-08,C0328,P009,3,485.0,East,1455.0
O003468,2025-01-22,C0098,P003,3,358.0,South,1074.0
O003469,2026-03-26,C0346,P002,2,235.0,East,470.0
O003470,2025-06-21,C0365,P009,3,485.0,West,1455.0
O003471,2026-01-18,C0350,P013,3,797.0,East,2391.0
O003472,2025-05-14,C0470,P006,3,393.0,West,1179.0
O003473,2026-03-02,C0336,P004,2,680.0,North,1360.0
O003474,2025-01-25,C0094,P014,4,1059.0,East,4236.0
O003475,2026-05-18,C0080,P011,2,508.0,North,1016.0
O003476,2025-07-04,C0038,P002,3,235.0,North,705.0
O003477,2025-03-26,C0408,P003,4,358.0,North,1432.0
O003478,2025-05-24,C0228,P005,2,1124.0,South,2248.0
O003479,2026-02-16,C0483,P007,2,995.0,South,1990.0
O003480,2025-08-12,C0134,P011,4,508.0,South,2032.0
O003481,2025-08-08,C0196,P012,1,66.0,South,66.0
O003482,2025-06-28,C0466,P011,3,508.0,South,1524.0
O003483,2026-03-09,C0390,P019,1,269.0,West,269.0
O003484,2025-09-22,C0282,P013,3,797.0,South,2391.0
O003485,2026-03-05,C0101,P004,3,680.0,North,2040.0
O003486,2026-02-20,C0475,P014,1,1059.0,East,1059.0
O003487,2026-03-29,C0425,P012,1,66.0,North,66.0
O003488,2025-07-16,C0075,P002,3,235.0,West,705.0
O003489,2025-02-22,C0294,P008,4,729.0,South,2916.0
O003490,2026-04-25,C0208,P019,4,269.0,East,1076.0
O003491,2026-03-19,C0083,P013,1,797.0,South,797.0
O003492,2025-11-26,C0427,P001,1,31.0,South,31.0
O003493,2025-09-08,C0437,P005,2,1124.0,North,2248.0
O003494,2025-05-03,C0143,P011,4,508.0,South,2032.0
O003495,2026-01-22,C0474,P011,4,508.0,West,2032.0
O003496,2025-12-05,C0056,P013,3,797.0,West,2391.0
O003497,2025-12-14,C0361,P002,2,235.0,South,470.0
O003498,2025-01-29,C0440,P019,3,269.0,North,807.0
O003499,2025-02-04,C0287,P016,2,420.0,South,840.0
O003500,2026-06-02,C0211,P005,4,1124.0,East,4496.0
O003501,2026-01-31,C0441,P014,3,1059.0,North,3177.0
O003502,2025-10-21,C0179,P019,2,269.0,West,538.0
O003503,2025-12-15,C0408,P005,3,1124.0,North,3372.0
O003504,2025-05-27,C0058,P009,2,485.0,North,970.0
O003505,2025-03-08,C0073,P012,1,66.0,North,66.0
O003506,2026-06-04,C0215,P016,3,420.0,West,1260.0
O003507,2025-05-02,C0388,P019,1,269.0,North,269.0
O003508,2025-12-06,C0266,P015,2,730.0,West,1460.0
O003509,2025-06-24,C0447,P017,3,1000.0,West,3000.0
O003510,2026-03-27,C0073,P015,2,730.0,North,1460.0
O003511,2025-05-16,C0467,P003,2,358.0,South,716.0
O003512,2025-01-16,C0271,P017,1,1000.0,West,1000.0
O003513,2025-11-29,C0499,P013,3,797.0,West,2391.0
O003514,2025-07-14,C0354,P009,4,485.0,North,1940.0
O003515,2026-05-11,C0234,P013,2,797.0,South,1594.0
O003516,2025-01-09,C0319,P016,1,420.0,North,420.0
O003517,2025-11-30,C0019,P019,4,269.0,South,1076.0
O003518,2025-11-29,C0113,P014,1,1059.0,West,1059.0
O003519,2025-11-23,C0063,P008,1,729.0,West,729.0
O003520,2025-01-15,C0372,P019,1,269.0,North,269.0
O003521,2025-08-14,C0184,P003,2,358.0,West,716.0
O003522,2026-03-01,C0277,P018,4,1129.0,West,4516.0
O003523,2026-02-12,C0162,P016,2,420.0,East,840.0
O003524,2025-04-23,C0243,P014,2,1059.0,West,2118.0
O003525,2026-03-04,C0145,P016,3,420.0,South,1260.0
O003526,2025-01-01,C0146,P017,4,1000.0,North,4000.0
O003527,2025-09-23,C0081,P020,3,410.0,West,1230.0
O003528,2026-05-06,C0322,P011,1,508.0,West,508.0
O003529,2025-07-27,C0435,P013,4,797.0,North,3188.0
O003530,2026-01-04,C0321,P011,4,508.0,East,2032.0
O003531,2025-11-02,C0043,P004,2,680.0,North,1360.0
O003532,2025-01-12,C0313,P014,1,1059.0,North,1059.0
O003533,2025-12-11,C0394,P005,2,1124.0,West,2248.0
O003534,2026-04-10,C0293,P004,3,680.0,West,2040.0
O003535,2026-05-09,C0176,P001,1,31.0,North,31.0
O003536,2026-01-03,C0376,P014,2,1059.0,South,2118.0
O003537,2026-02-24,C0069,P007,2,995.0,North,1990.0
O003538,2025-06-20,C0056,P010,2,1132.0,West,2264.0
O003539,2025-05-14,C0119,P002,1,235.0,West,235.0
O003540,2026-03-03,C0204,P010,3,1132.0,West,3396.0
O003541,2025-01-25,C0420,P003,4,358.0,West,1432.0
O003542,2026-06-14,C0415,P008,2,729.0,East,1458.0
O003543,2025-07-09,C0055,P010,1,1132.0,East,1132.0
O003544,2025-05-21,C0038,P008,4,729.0,North,2916.0
O003545,2025-11-11,C0243,P014,2,1059.0,West,2118.0
O003546,2026-03-20,C0201,P018,1,1129.0,East,1129.0
O003547,2025-11-15,C0236,P009,3,485.0,West,1455.0
O003548,2026-03-17,C0474,P009,2,485.0,West,970.0
O003549,2025-04-02,C0015,P004,1,680.0,North,680.0
O003550,2025-06-28,C0144,P003,2,358.0,South,716.0
O003551,2025-02-25,C0077,P014,1,1059.0,West,1059.0
O003552,2025-06-04,C0473,P014,3,1059.0,North,3177.0
O003553,2025-04-21,C0478,P016,3,420.0,East,1260.0
O003554,2025-05-17,C0309,P005,1,1124.0,West,1124.0
O003555,2025-08-20,C0440,P020,4,410.0,North,1640.0
O003556,2026-04-13,C0263,P015,3,730.0,North,2190.0
O003557,2026-04-26,C0185,P009,2,485.0,South,970.0
O003558,2025-03-09,C0055,P007,3,995.0,East,2985.0
O003559,2025-09-06,C0308,P013,2,797.0,South,1594.0
O003560,2025-11-19,C0004,P008,3,729.0,East,2187.0
O003561,2026-06-02,C0299,P012,3,66.0,East,198.0
O003562,2026-03-08,C0040,P004,2,680.0,South,1360.0
O003563,2026-05-02,C0230,P016,3,420.0,East,1260.0
O003564,2026-03-05,C0377,P006,2,393.0,West,786.0
O003565,2025-09-26,C0286,P005,2,1124.0,North,2248.0
O003566,2026-06-21,C0138,P001,1,31.0,West,31.0
O003567,2025-05-28,C0478,P014,3,1059.0,East,3177.0
O003568,2025-04-28,C0103,P009,2,485.0,South,970.0
O003569,2026-01-02,C0007,P018,1,1129.0,North,1129.0
O003570,2025-03-07,C0164,P006,3,393.0,East,1179.0
O003571,2026-01-05,C0419,P015,4,730.0,East,2920.0
O003572,2025-06-24,C0472,P016,3,420.0,West,1260.0
O003573,2026-05-10,C0423,P008,1,729.0,North,729.0
O003574,2025-04-24,C0420,P019,1,269.0,West,269.0
O003575,2025-04-21,C0365,P005,3,1124.0,West,3372.0
O003576,2026-03-15,C0276,P014,3,1059.0,East,3177.0
O003577,2025-05-27,C0049,P007,4,995.0,East,3980.0
O003578,2025-02-04,C0096,P004,3,680.0,South,2040.0
O003579,2025-11-05,C0059,P001,1,31.0,North,31.0
O003580,2026-06-22,C0231,P004,4,680.0,West,2720.0
O003581,2025-01-14,C0177,P014,3,1059.0,East,3177.0
O003582,2026-01-09,C0090,P016,4,420.0,South,1680.0
O003583,2026-03-04,C0282,P007,4,995.0,South,3980.0
O003584,2025-08-21,C0036,P010,1,1132.0,West,1132.0
O003585,2026-03-16,C0171,P010,1,1132.0,East,1132.0
O003586,2026-05-17,C0126,P004,2,680.0,South,1360.0
O003587,2025-10-02,C0483,P012,1,66.0,South,66.0
O003588,2025-03-17,C0299,P006,2,393.0,East,786.0
O003589,2026-03-15,C0355,P013,1,797.0,North,797.0
O003590,2025-10-16,C0204,P001,1,31.0,West,31.0
O003591,2026-06-24,C0289,P008,2,729.0,South,1458.0
O003592,2025-09-10,C0356,P016,2,420.0,East,840.0
O003593,2025-05-06,C0462,P005,2,1124.0,East,2248.0
O003594,2025-06-26,C0097,P007,4,995.0,East,3980.0
O003595,2025-02-06,C0238,P003,2,358.0,North,716.0
O003596,2026-02-14,C0173,P002,4,235.0,East,940.0
O003597,2025-05-07,C0301,P002,4,235.0,North,940.0
O003598,2026-04-28,C0088,P020,2,410.0,East,820.0
O003599,2025-06-17,C0399,P010,2,1132.0,West,2264.0
O003600,2025-10-21,C0351,P020,2,410.0,East,820.0
O003601,2025-12-09,C0017,P009,1,485.0,South,485.0
O003602,2025-11-06,C0140,P018,1,1129.0,West,1129.0
O003603,2026-06-12,C0254,P006,2,393.0,South,786.0
O003604,2026-06-24,C0278,P020,3,410.0,East,1230.0
O003605,2026-02-23,C0151,P006,2,393.0,West,786.0
O003606,2026-03-20,C0346,P010,3,1132.0,East,3396.0
O003607,2025-08-24,C0334,P009,1,485.0,North,485.0
O003608,2026-03-15,C0140,P009,1,485.0,West,485.0
O003609,2025-08-02,C0114,P003,3,358.0,West,1074.0
O003610,2025-03-26,C0068,P012,1,66.0,West,66.0
O003611,2025-03-26,C0366,P011,2,508.0,South,1016.0
O003612,2026-05-04,C0179,P014,3,1059.0,West,3177.0
O003613,2025-03-06,C0125,P019,3,269.0,North,807.0
O003614,2025-03-05,C0397,P010,4,1132.0,West,4528.0
O003615,2025-12-09,C0313,P019,1,269.0,North,269.0
O003616,2025-12-18,C0311,P005,3,1124.0,South,3372.0
O003617,2025-06-07,C0338,P009,3,485.0,West,1455.0
O003618,2026-05-06,C0363,P001,3,31.0,South,93.0
O003619,2026-04-08,C0412,P015,1,730.0,West,730.0
O003620,2025-08-13,C0358,P004,3,680.0,East,2040.0
O003621,2025-11-09,C0233,P007,3,995.0,East,2985.0
O003622,2026-04-11,C0428,P006,2,393.0,West,786.0
O003623,2025-03-29,C0147,P015,2,730.0,East,1460.0
O003624,2025-10-30,C0430,P006,4,393.0,North,1572.0
O003625,2026-03-11,C0111,P007,3,995.0,South,2985.0
O003626,2025-05-15,C0363,P020,1,410.0,South,410.0
O003627,2025-02-19,C0358,P003,4,358.0,East,1432.0
O003628,2026-03-08,C0238,P013,4,797.0,North,3188.0
O003629,2025-12-06,C0003,P002,4,235.0,West,940.0
O003630,2025-12-13,C0211,P003,3,358.0,East,1074.0
O003631,2025-12-13,C0404,P013,4,797.0,West,3188.0
O003632,2025-09-02,C0025,P009,1,485.0,South,485.0
O003633,2025-04-19,C0331,P019,2,269.0,South,538.0
O003634,2026-06-17,C0184,P018,2,1129.0,West,2258.0
O003635,2025-03-31,C0465,P005,3,1124.0,West,3372.0
O003636,2025-10-23,C0061,P010,1,1132.0,South,1132.0
O003637,2025-04-22,C0123,P014,1,1059.0,South,1059.0
O003638,2025-06-26,C0497,P017,1,1000.0,East,1000.0
O003639,2025-12-09,C0055,P003,3,358.0,East,1074.0
O003640,2025-04-11,C0163,P007,1,995.0,East,995.0
O003641,2026-02-05,C0462,P009,2,485.0,East,970.0
O003642,2025-01-28,C0187,P005,1,1124.0,West,1124.0
O003643,2026-06-21,C0039,P004,1,680.0,East,680.0
O003644,2025-02-27,C0185,P003,3,358.0,South,1074.0
O003645,2026-05-13,C0083,P013,4,797.0,South,3188.0
O003646,2025-10-24,C0195,P009,4,485.0,South,1940.0
O003647,2025-05-14,C0034,P007,3,995.0,West,2985.0
O003648,2025-11-27,C0113,P008,3,729.0,West,2187.0
O003649,2025-09-06,C0425,P010,3,1132.0,North,3396.0
O003650,2025-03-16,C0406,P001,3,31.0,West,93.0
O003651,2025-06-17,C0230,P020,1,410.0,East,410.0
O003652,2026-05-18,C0283,P001,1,31.0,South,31.0
O003653,2025-12-21,C0405,P019,4,269.0,South,1076.0
O003654,2025-08-13,C0425,P002,3,235.0,North,705.0
O003655,2026-06-15,C0287,P012,3,66.0,South,198.0
O003656,2025-05-26,C0155,P013,1,797.0,West,797.0
O003657,2025-08-29,C0165,P014,3,1059.0,North,3177.0
O003658,2025-12-10,C0450,P005,2,1124.0,North,2248.0
O003659,2025-02-04,C0182,P003,1,358.0,North,358.0
O003660,2025-01-01,C0239,P017,2,1000.0,East,2000.0
O003661,2025-06-02,C0137,P001,1,31.0,East,31.0
O003662,2026-03-05,C0339,P014,1,1059.0,South,1059.0
O003663,2026-05-23,C0426,P006,1,393.0,East,393.0
O003664,2025-05-06,C0420,P017,4,1000.0,West,4000.0
O003665,2026-05-06,C0266,P004,4,680.0,West,2720.0
O003666,2026-04-27,C0187,P006,1,393.0,West,393.0
O003667,2025-12-11,C0040,P001,1,31.0,South,31.0
O003668,2025-08-09,C0310,P009,1,485.0,South,485.0
O003669,2025-01-25,C0493,P004,1,680.0,South,680.0
O003670,2026-06-12,C0167,P009,3,485.0,South,1455.0
O003671,2025-07-01,C0391,P009,3,485.0,West,1455.0
O003672,2026-05-14,C0260,P013,3,797.0,North,2391.0
O003673,2025-02-11,C0143,P017,4,1000.0,South,4000.0
O003674,2026-04-26,C0204,P003,1,358.0,West,358.0
O003675,2026-03-15,C0176,P006,1,393.0,North,393.0
O003676,2026-02-06,C0262,P020,3,410.0,West,1230.0
O003677,2026-06-30,C0252,P015,3,730.0,South,2190.0
O003678,2025-12-11,C0329,P014,3,1059.0,South,3177.0
O003679,2025-02-14,C0419,P013,1,797.0,East,797.0
O003680,2025-01-21,C0200,P009,1,485.0,West,485.0
O003681,2025-03-11,C0199,P015,2,730.0,West,1460.0
O003682,2025-02-17,C0196,P014,4,1059.0,South,4236.0
O003683,2026-05-06,C0314,P004,2,680.0,West,1360.0
O003684,2025-10-14,C0077,P011,1,508.0,West,508.0
O003685,2025-01-10,C0019,P002,2,235.0,South,470.0
O003686,2026-06-26,C0062,P016,3,420.0,South,1260.0
O003687,2025-10-01,C0327,P019,2,269.0,East,538.0
O003688,2026-01-16,C0394,P016,3,420.0,West,1260.0
O003689,2025-11-25,C0281,P007,2,995.0,West,1990.0
O003690,2026-04-24,C0428,P011,3,508.0,West,1524.0
O003691,2025-01-15,C0250,P012,2,66.0,West,132.0
O003692,2026-05-31,C0227,P004,4,680.0,West,2720.0
O003693,2025-07-10,C0127,P016,2,420.0,West,840.0
O003694,2025-06-17,C0058,P016,1,420.0,North,420.0
O003695,2026-06-05,C0409,P007,1,995.0,West,995.0
O003696,2025-05-17,C0477,P013,3,797.0,North,2391.0
O003697,2025-06-03,C0376,P005,1,1124.0,South,1124.0
O003698,2026-01-23,C0204,P001,3,31.0,West,93.0
O003699,2025-07-28,C0243,P005,4,1124.0,West,4496.0
O003700,2025-09-29,C0367,P014,1,1059.0,West,1059.0
O003701,2025-05-23,C0424,P011,1,508.0,South,508.0
O003702,2025-03-10,C0332,P002,3,235.0,West,705.0
O003703,2025-09-04,C0500,P018,4,1129.0,West,4516.0
O003704,2025-09-18,C0326,P015,4,730.0,West,2920.0
O003705,2025-03-20,C0252,P014,2,1059.0,South,2118.0
O003706,2026-06-09,C0394,P013,3,797.0,West,2391.0
O003707,2025-11-26,C0322,P002,3,235.0,West,705.0
O003708,2025-07-08,C0376,P019,4,269.0,South,1076.0
O003709,2025-04-05,C0493,P008,3,729.0,South,2187.0
O003710,2025-01-08,C0409,P017,1,1000.0,West,1000.0
O003711,2025-03-08,C0199,P015,1,730.0,West,730.0
O003712,2026-05-11,C0488,P020,1,410.0,South,410.0
O003713,2025-07-10,C0343,P014,3,1059.0,North,3177.0
O003714,2026-01-01,C0240,P003,2,358.0,North,716.0
O003715,2026-06-05,C0139,P017,2,1000.0,South,2000.0
O003716,2025-04-27,C0122,P003,4,358.0,West,1432.0
O003717,2025-09-24,C0420,P013,3,797.0,West,2391.0
O003718,2026-04-30,C0049,P018,4,1129.0,East,4516.0
O003719,2026-05-24,C0304,P001,3,31.0,East,93.0
O003720,2025-10-25,C0115,P007,2,995.0,East,1990.0
O003721,2025-06-13,C0343,P005,1,1124.0,North,1124.0
O003722,2026-01-11,C0251,P002,3,235.0,South,705.0
O003723,2025-09-25,C0491,P017,2,1000.0,South,2000.0
O003724,2025-03-15,C0007,P010,2,1132.0,North,2264.0
O003725,2026-05-23,C0219,P004,2,680.0,East,1360.0
O003726,2025-03-14,C0077,P009,1,485.0,West,485.0
O003727,2025-11-04,C0179,P011,2,508.0,West,1016.0
O003728,2025-07-18,C0145,P012,4,66.0,South,264.0
O003729,2025-05-10,C0416,P012,2,66.0,South,132.0
O003730,2026-05-02,C0154,P018,2,1129.0,South,2258.0
O003731,2025-05-31,C0121,P004,3,680.0,West,2040.0
O003732,2025-07-25,C0124,P009,3,485.0,North,1455.0
O003733,2025-06-28,C0150,P008,3,729.0,South,2187.0
O003734,2025-07-16,C0397,P019,2,269.0,West,538.0
O003735,2025-03-30,C0381,P013,2,797.0,North,1594.0
O003736,2026-03-10,C0268,P002,2,235.0,West,470.0
O003737,2025-07-02,C0327,P019,1,269.0,East,269.0
O003738,2025-07-28,C0001,P014,2,1059.0,South,2118.0
O003739,2026-05-08,C0161,P005,1,1124.0,South,1124.0
O003740,2025-05-10,C0244,P010,2,1132.0,South,2264.0
O003741,2025-01-13,C0375,P017,1,1000.0,North,1000.0
O003742,2025-04-16,C0398,P020,3,410.0,South,1230.0
O003743,2026-01-10,C0251,P016,2,420.0,South,840.0
O003744,2025-04-09,C0367,P017,4,1000.0,West,4000.0
O003745,2025-07-11,C0064,P001,1,31.0,South,31.0
O003746,2025-11-21,C0299,P015,3,730.0,East,2190.0
O003747,2026-04-12,C0248,P017,4,1000.0,West,4000.0
O003748,2026-01-02,C0442,P011,3,508.0,West,1524.0
O003749,2025-11-14,C0297,P005,2,1124.0,West,2248.0
O003750,2025-05-24,C0465,P004,4,680.0,West,2720.0
O003751,2026-01-19,C0452,P009,1,485.0,East,485.0
O003752,2025-08-04,C0500,P016,1,420.0,West,420.0
O003753,2025-12-27,C0115,P012,4,66.0,East,264.0
O003754,2025-11-20,C0295,P018,1,1129.0,North,1129.0
O003755,2025-01-15,C0001,P003,3,358.0,South,1074.0
O003756,2025-08-05,C0041,P015,4,730.0,North,2920.0
O003757,2026-05-07,C0173,P018,1,1129.0,East,1129.0
O003758,2025-07-02,C0088,P012,3,66.0,East,198.0
O003759,2025-09-27,C0482,P013,1,797.0,East,797.0
O003760,2026-04-12,C0098,P001,3,31.0,South,93.0
O003761,2026-06-03,C0088,P004,2,680.0,East,1360.0
O003762,2026-06-26,C0251,P008,3,729.0,South,2187.0
O003763,2026-04-12,C0335,P019,1,269.0,North,269.0
O003764,2025-11-01,C0465,P005,3,1124.0,West,3372.0
O003765,2025-05-24,C0141,P011,1,508.0,West,508.0
O003766,2025-04-21,C0071,P017,4,1000.0,West,4000.0
O003767,2025-08-20,C0137,P017,4,1000.0,East,4000.0
O003768,2026-05-15,C0492,P002,2,235.0,East,470.0
O003769,2025-09-30,C0447,P001,3,31.0,West,93.0
O003770,2025-06-22,C0099,P004,2,680.0,North,1360.0
O003771,2025-01-07,C0151,P009,4,485.0,West,1940.0
O003772,2025-06-04,C0438,P002,3,235.0,West,705.0
O003773,2026-06-06,C0175,P003,3,358.0,East,1074.0
O003774,2026-06-30,C0167,P006,2,393.0,South,786.0
O003775,2026-06-02,C0343,P013,2,797.0,North,1594.0
O003776,2025-08-03,C0410,P015,3,730.0,North,2190.0
O003777,2025-05-14,C0257,P011,3,508.0,West,1524.0
O003778,2025-10-12,C0398,P010,3,1132.0,South,3396.0
O003779,2025-05-06,C0224,P003,2,358.0,South,716.0
O003780,2026-03-15,C0499,P020,1,410.0,West,410.0
O003781,2025-06-01,C0368,P009,4,485.0,West,1940.0
O003782,2025-11-27,C0330,P010,4,1132.0,North,4528.0
O003783,2026-06-22,C0065,P012,2,66.0,South,132.0
O003784,2026-01-18,C0069,P008,3,729.0,North,2187.0
O003785,2025-04-25,C0067,P017,4,1000.0,North,4000.0
O003786,2026-04-27,C0433,P005,4,1124.0,East,4496.0
O003787,2025-10-11,C0050,P008,4,729.0,North,2916.0
O003788,2025-03-16,C0314,P018,4,1129.0,West,4516.0
O003789,2025-06-15,C0309,P011,3,508.0,West,1524.0
O003790,2025-07-08,C0091,P010,2,1132.0,North,2264.0
O003791,2025-03-19,C0115,P015,3,730.0,East,2190.0
O003792,2025-01-21,C0374,P006,3,393.0,East,1179.0
O003793,2025-07-03,C0057,P019,4,269.0,North,1076.0
O003794,2025-08-10,C0342,P017,4,1000.0,South,4000.0
O003795,2025-11-24,C0018,P010,3,1132.0,East,3396.0
O003796,2025-06-28,C0272,P005,3,1124.0,West,3372.0
O003797,2025-04-22,C0130,P016,3,420.0,East,1260.0
O003798,2025-02-28,C0495,P012,1,66.0,South,66.0
O003799,2025-11-23,C0269,P005,4,1124.0,South,4496.0
O003800,2025-07-10,C0429,P001,2,31.0,South,62.0
O003801,2025-07-19,C0080,P002,2,235.0,North,470.0
O003802,2025-11-08,C0456,P005,2,1124.0,South,2248.0
O003803,2025-02-04,C0299,P019,1,269.0,East,269.0
O003804,2026-01-14,C0456,P015,1,730.0,South,730.0
O003805,2026-01-22,C0310,P001,2,31.0,South,62.0
O003806,2025-08-25,C0202,P011,2,508.0,North,1016.0
O003807,2026-06-03,C0225,P018,2,1129.0,South,2258.0
O003808,2025-10-10,C0159,P003,3,358.0,North,1074.0
O003809,2025-01-01,C0204,P009,4,485.0,West,1940.0
O003810,2026-04-09,C0137,P004,1,680.0,East,680.0
O003811,2025-08-18,C0485,P013,1,797.0,East,797.0
O003812,2025-06-21,C0073,P009,3,485.0,North,1455.0
O003813,2025-03-28,C0048,P003,1,358.0,East,358.0
O003814,2025-05-03,C0018,P016,2,420.0,East,840.0
O003815,2025-10-25,C0478,P008,1,729.0,East,729.0
O003816,2026-04-29,C0480,P007,3,995.0,East,2985.0
O003817,2025-06-14,C0488,P017,4,1000.0,South,4000.0
O003818,2026-01-18,C0471,P016,2,420.0,North,840.0
O003819,2025-07-28,C0267,P018,1,1129.0,East,1129.0
O003820,2026-03-08,C0446,P016,2,420.0,West,840.0
O003821,2026-01-24,C0340,P015,4,730.0,North,2920.0
O003822,2025-08-12,C0019,P002,1,235.0,South,235.0
O003823,2025-01-03,C0100,P020,2,410.0,North,820.0
O003824,2026-01-07,C0116,P004,3,680.0,West,2040.0
O003825,2026-03-22,C0346,P005,3,1124.0,East,3372.0
O003826,2025-04-26,C0074,P007,4,995.0,West,3980.0
O003827,2025-09-27,C0280,P015,4,730.0,West,2920.0
O003828,2026-03-23,C0269,P017,4,1000.0,South,4000.0
O003829,2026-01-03,C0125,P010,1,1132.0,North,1132.0
O003830,2025-09-10,C0116,P020,4,410.0,West,1640.0
O003831,2025-11-13,C0174,P009,1,485.0,North,485.0
O003832,2026-02-19,C0181,P016,2,420.0,South,840.0
O003833,2025-04-05,C0226,P003,3,358.0,North,1074.0
O003834,2025-01-24,C0157,P009,2,485.0,East,970.0
O003835,2025-02-19,C0164,P008,3,729.0,East,2187.0
O003836,2026-05-17,C0071,P007,4,995.0,West,3980.0
O003837,2026-05-13,C0499,P017,2,1000.0,West,2000.0
O003838,2025-12-01,C0222,P005,2,1124.0,East,2248.0
O003839,2025-03-20,C0126,P007,4,995.0,South,3980.0
O003840,2025-01-27,C0145,P013,2,797.0,South,1594.0
O003841,2025-09-28,C0176,P018,1,1129.0,North,1129.0
O003842,2025-09-04,C0461,P014,3,1059.0,North,3177.0
O003843,2026-01-22,C0152,P018,4,1129.0,North,4516.0
O003844,2025-12-27,C0182,P003,1,358.0,North,358.0
O003845,2026-05-03,C0375,P017,1,1000.0,North,1000.0
O003846,2025-12-18,C0479,P019,4,269.0,West,1076.0
O003847,2025-09-13,C0347,P007,2,995.0,East,1990.0
O003848,2025-08-10,C0498,P004,3,680.0,North,2040.0
O003849,2025-01-01,C0085,P015,1,730.0,South,730.0
O003850,2026-06-30,C0364,P008,2,729.0,East,1458.0
O003851,2026-03-22,C0383,P016,4,420.0,East,1680.0
O003852,2025-03-20,C0121,P001,4,31.0,West,124.0
O003853,2025-08-24,C0129,P016,3,420.0,North,1260.0
O003854,2025-11-30,C0463,P002,4,235.0,West,940.0
O003855,2025-12-15,C0451,P002,3,235.0,West,705.0
O003856,2025-04-08,C0006,P008,4,729.0,North,2916.0
O003857,2025-03-23,C0334,P012,4,66.0,North,264.0
O003858,2026-05-17,C0183,P011,1,508.0,West,508.0
O003859,2026-04-22,C0038,P006,2,393.0,North,786.0
O003860,2025-01-14,C0417,P019,1,269.0,South,269.0
O003861,2026-01-27,C0116,P018,3,1129.0,West,3387.0
O003862,2025-12-13,C0102,P005,1,1124.0,East,1124.0
O003863,2025-11-06,C0008,P015,4,730.0,West,2920.0
O003864,2026-01-21,C0218,P008,4,729.0,West,2916.0
O003865,2025-07-28,C0207,P006,2,393.0,North,786.0
O003866,2025-12-23,C0078,P012,3,66.0,North,198.0
O003867,2025-04-04,C0368,P019,4,269.0,West,1076.0
O003868,2025-04-03,C0404,P012,2,66.0,West,132.0
O003869,2025-12-06,C0055,P012,2,66.0,East,132.0
O003870,2026-03-21,C0304,P009,4,485.0,East,1940.0
O003871,2025-01-22,C0467,P010,4,1132.0,South,4528.0
O003872,2025-10-18,C0440,P017,3,1000.0,North,3000.0
O003873,2026-04-30,C0481,P018,2,1129.0,East,2258.0
O003874,2025-11-02,C0228,P016,2,420.0,South,840.0
O003875,2025-05-08,C0088,P004,2,680.0,East,1360.0
O003876,2025-09-30,C0010,P018,3,1129.0,West,3387.0
O003877,2026-03-18,C0308,P003,2,358.0,South,716.0
O003878,2026-05-18,C0434,P016,1,420.0,North,420.0
O003879,2025-05-10,C0290,P014,1,1059.0,East,1059.0
O003880,2025-05-12,C0164,P009,2,485.0,East,970.0
O003881,2026-04-27,C0239,P006,1,393.0,East,393.0
O003882,2026-01-25,C0317,P004,1,680.0,South,680.0
O003883,2025-11-21,C0484,P002,3,235.0,East,705.0
O003884,2025-03-10,C0144,P010,2,1132.0,South,2264.0
O003885,2026-03-24,C0335,P011,3,508.0,North,1524.0
O003886,2026-06-12,C0018,P007,2,995.0,East,1990.0
O003887,2025-06-14,C0071,P005,4,1124.0,West,4496.0
O003888,2026-05-03,C0175,P004,1,680.0,East,680.0
O003889,2026-03-02,C0342,P006,3,393.0,South,1179.0
O003890,2025-09-22,C0288,P002,3,235.0,East,705.0
O003891,2025-12-08,C0299,P002,4,235.0,East,940.0
O003892,2025-10-05,C0339,P016,4,420.0,South,1680.0
O003893,2026-03-15,C0424,P013,1,797.0,South,797.0
O003894,2025-06-06,C0248,P007,1,995.0,West,995.0
O003895,2026-02-26,C0193,P005,2,1124.0,West,2248.0
O003896,2025-09-08,C0419,P017,2,1000.0,East,2000.0
O003897,2026-06-14,C0325,P013,4,797.0,West,3188.0
O003898,2025-11-23,C0306,P015,1,730.0,West,730.0
O003899,2025-04-07,C0268,P003,1,358.0,West,358.0
O003900,2026-05-28,C0204,P004,4,680.0,West,2720.0
O003901,2025-08-04,C0341,P015,4,730.0,South,2920.0
O003902,2025-05-12,C0123,P018,3,1129.0,South,3387.0
O003903,2025-09-17,C0058,P003,4,358.0,North,1432.0
O003904,2025-05-05,C0339,P007,3,995.0,South,2985.0
O003905,2025-03-23,C0447,P008,2,729.0,West,1458.0
O003906,2025-10-10,C0201,P011,4,508.0,East,2032.0
O003907,2025-02-28,C0491,P009,4,485.0,South,1940.0
O003908,2026-06-28,C0433,P020,4,410.0,East,1640.0
O003909,2025-06-10,C0112,P012,3,66.0,North,198.0
O003910,2025-10-11,C0128,P005,4,1124.0,West,4496.0
O003911,2025-04-16,C0036,P001,4,31.0,West,124.0
O003912,2025-04-15,C0234,P014,1,1059.0,South,1059.0
O003913,2026-03-15,C0310,P003,1,358.0,South,358.0
O003914,2025-08-16,C0047,P015,1,730.0,South,730.0
O003915,2025-11-14,C0115,P010,4,1132.0,East,4528.0
O003916,2026-04-09,C0416,P010,1,1132.0,South,1132.0
O003917,2026-04-17,C0255,P003,2,358.0,North,716.0
O003918,2025-02-25,C0483,P006,1,393.0,South,393.0
O003919,2025-01-13,C0223,P005,4,1124.0,North,4496.0
O003920,2026-03-16,C0124,P019,1,269.0,North,269.0
O003921,2025-01-18,C0437,P014,1,1059.0,North,1059.0
O003922,2025-04-23,C0160,P017,1,1000.0,West,1000.0
O003923,2025-08-17,C0446,P012,2,66.0,West,132.0
O003924,2025-06-20,C0421,P009,2,485.0,West,970.0
O003925,2025-10-22,C0096,P003,3,358.0,South,1074.0
O003926,2025-07-08,C0107,P018,4,1129.0,South,4516.0
O003927,2026-03-02,C0120,P004,2,680.0,East,1360.0
O003928,2025-03-20,C0101,P014,2,1059.0,North,2118.0
O003929,2025-07-01,C0103,P006,2,393.0,South,786.0
O003930,2026-05-14,C0166,P015,4,730.0,West,2920.0
O003931,2025-03-12,C0414,P017,3,1000.0,East,3000.0
O003932,2025-09-05,C0186,P005,4,1124.0,East,4496.0
O003933,2025-05-26,C0032,P006,1,393.0,North,393.0
O003934,2025-10-23,C0493,P005,3,1124.0,South,3372.0
O003935,2026-04-15,C0066,P019,1,269.0,East,269.0
O003936,2026-05-21,C0179,P014,2,1059.0,West,2118.0
O003937,2025-07-12,C0267,P004,4,680.0,East,2720.0
O003938,2025-03-09,C0443,P005,1,1124.0,South,1124.0
O003939,2026-05-09,C0404,P011,3,508.0,West,1524.0
O003940,2025-02-21,C0037,P002,1,235.0,South,235.0
O003941,2025-12-29,C0201,P002,1,235.0,East,235.0
O003942,2026-04-19,C0358,P020,2,410.0,East,820.0
O003943,2026-06-05,C0049,P012,1,66.0,East,66.0
O003944,2026-03-07,C0275,P016,1,420.0,East,420.0
O003945,2025-10-25,C0439,P017,2,1000.0,West,2000.0
O003946,2026-03-11,C0168,P004,3,680.0,North,2040.0
O003947,2025-07-17,C0263,P014,2,1059.0,North,2118.0
O003948,2025-05-08,C0133,P007,1,995.0,North,995.0
O003949,2026-06-16,C0495,P015,4,730.0,South,2920.0
O003950,2026-02-15,C0298,P016,2,420.0,North,840.0
O003951,2025-03-06,C0344,P008,2,729.0,South,1458.0
O003952,2025-08-29,C0176,P002,1,235.0,North,235.0
O003953,2026-01-04,C0489,P019,4,269.0,West,1076.0
O003954,2026-06-20,C0391,P001,1,31.0,West,31.0
O003955,2026-01-19,C0011,P004,4,680.0,North,2720.0
O003956,2026-03-07,C0201,P011,2,508.0,East,1016.0
O003957,2025-03-24,C0433,P010,4,1132.0,East,4528.0
O003958,2025-10-13,C0414,P018,3,1129.0,East,3387.0
O003959,2026-06-18,C0297,P001,2,31.0,West,62.0
O003960,2026-04-04,C0003,P017,4,1000.0,West,4000.0
O003961,2025-07-31,C0214,P016,4,420.0,North,1680.0
O003962,2025-05-06,C0296,P012,2,66.0,East,132.0
O003963,2026-02-17,C0307,P016,1,420.0,East,420.0
O003964,2026-05-14,C0468,P009,1,485.0,West,485.0
O003965,2026-03-01,C0032,P017,4,1000.0,North,4000.0
O003966,2026-06-27,C0048,P003,2,358.0,East,716.0
O003967,2025-06-07,C0327,P018,2,1129.0,East,2258.0
O003968,2025-04-22,C0252,P015,2,730.0,South,1460.0
O003969,2026-02-06,C0199,P015,1,730.0,West,730.0
O003970,2025-05-02,C0404,P016,2,420.0,West,840.0
O003971,2025-09-30,C0089,P020,4,410.0,West,1640.0
O003972,2025-10-21,C0109,P001,1,31.0,North,31.0
O003973,2026-02-02,C0291,P001,2,31.0,North,62.0
O003974,2026-04-16,C0108,P004,4,680.0,West,2720.0
O003975,2025-07-26,C0408,P013,1,797.0,North,797.0
O003976,2025-04-20,C0040,P004,2,680.0,South,1360.0
O003977,2026-03-16,C0461,P008,3,729.0,North,2187.0
O003978,2025-10-05,C0052,P013,4,797.0,West,3188.0
O003979,2026-04-27,C0112,P008,3,729.0,North,2187.0
O003980,2025-04-24,C0295,P014,1,1059.0,North,1059.0
O003981,2026-04-22,C0068,P001,1,31.0,West,31.0
O003982,2025-11-17,C0189,P009,4,485.0,East,1940.0
O003983,2025-06-28,C0332,P001,4,31.0,West,124.0
O003984,2025-08-07,C0209,P007,4,995.0,North,3980.0
O003985,2026-06-12,C0065,P020,3,410.0,South,1230.0
O003986,2026-05-07,C0062,P013,2,797.0,South,1594.0
O003987,2025-03-02,C0465,P015,2,730.0,West,1460.0
O003988,2025-02-23,C0258,P009,2,485.0,East,970.0
O003989,2026-06-22,C0134,P016,3,420.0,South,1260.0
O003990,2025-03-06,C0492,P017,1,1000.0,East,1000.0
O003991,2025-06-20,C0122,P009,3,485.0,West,1455.0
O003992,2025-09-30,C0331,P006,1,393.0,South,393.0
O003993,2026-06-19,C0171,P020,3,410.0,East,1230.0
O003994,2026-01-26,C0210,P012,2,66.0,North,132.0
O003995,2025-11-23,C0296,P016,2,420.0,East,840.0
O003996,2025-04-18,C0089,P015,2,730.0,West,1460.0
O003997,2025-06-11,C0167,P007,3,995.0,South,2985.0
O003998,2026-03-28,C0028,P010,4,1132.0,East,4528.0
O003999,2025-07-25,C0238,P004,3,680.0,North,2040.0
O004000,2025-01-16,C0336,P003,1,358.0,North,358.0
O004001,2025-11-23,C0063,P018,3,1129.0,West,3387.0
O004002,2025-01-02,C0448,P001,1,31.0,West,31.0
O004003,2025-01-10,C0255,P013,3,797.0,North,2391.0
O004004,2026-03-10,C0396,P018,4,1129.0,West,4516.0
O004005,2025-05-05,C0041,P008,4,729.0,North,2916.0
O004006,2025-03-22,C0500,P011,2,508.0,West,1016.0
O004007,2026-04-30,C0029,P010,4,1132.0,East,4528.0
O004008,2025-05-30,C0279,P004,3,680.0,West,2040.0
O004009,2025-12-06,C0469,P004,4,680.0,North,2720.0
O004010,2025-05-09,C0080,P004,2,680.0,North,1360.0
O004011,2026-03-14,C0051,P012,3,66.0,West,198.0
O004012,2026-05-16,C0112,P008,1,729.0,North,729.0
O004013,2025-02-27,C0361,P013,3,797.0,South,2391.0
O004014,2025-07-17,C0301,P008,2,729.0,North,1458.0
O004015,2025-07-30,C0090,P003,4,358.0,South,1432.0
O004016,2025-02-14,C0229,P012,4,66.0,West,264.0
O004017,2025-04-07,C0150,P018,3,1129.0,South,3387.0
O004018,2025-10-06,C0243,P015,1,730.0,West,730.0
O004019,2026-06-19,C0138,P014,1,1059.0,West,1059.0
O004020,2026-02-14,C0135,P009,1,485.0,West,485.0
O004021,2026-04-06,C0457,P005,1,1124.0,North,1124.0
O004022,2026-01-26,C0089,P015,3,730.0,West,2190.0
O004023,2025-02-13,C0494,P008,4,729.0,North,2916.0
O004024,2025-01-27,C0015,P003,1,358.0,North,358.0
O004025,2025-04-07,C0333,P012,3,66.0,North,198.0
O004026,2025-08-07,C0362,P005,3,1124.0,East,3372.0
O004027,2025-07-04,C0174,P009,3,485.0,North,1455.0
O004028,2025-03-10,C0090,P020,1,410.0,South,410.0
O004029,2025-05-10,C0213,P003,1,358.0,East,358.0
O004030,2025-11-30,C0343,P008,3,729.0,North,2187.0
O004031,2025-06-03,C0061,P013,3,797.0,South,2391.0
O004032,2025-03-20,C0364,P008,3,729.0,East,2187.0
O004033,2026-02-17,C0220,P005,4,1124.0,West,4496.0
O004034,2026-06-30,C0061,P007,4,995.0,South,3980.0
O004035,2025-06-18,C0307,P005,2,1124.0,East,2248.0
O004036,2026-05-30,C0166,P009,2,485.0,West,970.0
O004037,2025-11-10,C0012,P005,1,1124.0,West,1124.0
O004038,2025-02-01,C0216,P008,4,729.0,North,2916.0
O004039,2025-10-14,C0077,P012,2,66.0,West,132.0
O004040,2025-02-12,C0232,P004,3,680.0,East,2040.0
O004041,2025-01-01,C0112,P009,3,485.0,North,1455.0
O004042,2025-09-27,C0066,P014,1,1059.0,East,1059.0
O004043,2025-06-29,C0182,P019,1,269.0,North,269.0
O004044,2026-06-02,C0423,P013,2,797.0,North,1594.0
O004045,2025-04-13,C0204,P003,3,358.0,West,1074.0
O004046,2025-01-10,C0423,P004,1,680.0,North,680.0
O004047,2025-03-31,C0371,P001,1,31.0,North,31.0
O004048,2025-08-14,C0206,P001,4,31.0,North,124.0
O004049,2025-05-06,C0286,P011,2,508.0,North,1016.0
O004050,2025-07-28,C0105,P016,1,420.0,West,420.0
O004051,2025-04-07,C0242,P004,2,680.0,West,1360.0
O004052,2025-03-15,C0235,P007,3,995.0,North,2985.0
O004053,2025-07-10,C0176,P012,2,66.0,North,132.0
O004054,2025-02-25,C0211,P006,1,393.0,East,393.0
O004055,2025-02-01,C0031,P020,4,410.0,East,1640.0
O004056,2026-06-11,C0235,P009,2,485.0,North,970.0
O004057,2025-10-11,C0242,P008,2,729.0,West,1458.0
O004058,2026-05-09,C0491,P014,3,1059.0,South,3177.0
O004059,2025-07-06,C0153,P015,4,730.0,North,2920.0
O004060,2026-05-13,C0196,P005,2,1124.0,South,2248.0
O004061,2026-03-18,C0498,P015,4,730.0,North,2920.0
O004062,2025-05-10,C0435,P006,1,393.0,North,393.0
O004063,2025-10-19,C0269,P001,4,31.0,South,124.0
O004064,2025-04-24,C0484,P020,1,410.0,East,410.0
O004065,2025-07-18,C0447,P009,3,485.0,West,1455.0
O004066,2025-01-13,C0384,P004,3,680.0,West,2040.0
O004067,2025-09-28,C0170,P002,3,235.0,East,705.0
O004068,2025-08-03,C0438,P006,1,393.0,West,393.0
O004069,2026-03-20,C0357,P002,2,235.0,North,470.0
O004070,2026-05-27,C0323,P003,1,358.0,East,358.0
O004071,2026-03-23,C0336,P007,4,995.0,North,3980.0
O004072,2025-03-15,C0474,P020,4,410.0,West,1640.0
O004073,2026-06-21,C0232,P017,1,1000.0,East,1000.0
O004074,2025-04-11,C0184,P009,3,485.0,West,1455.0
O004075,2025-06-25,C0359,P009,3,485.0,West,1455.0
O004076,2026-03-03,C0275,P019,4,269.0,East,1076.0
O004077,2025-04-27,C0430,P005,4,1124.0,North,4496.0
O004078,2025-06-15,C0399,P006,2,393.0,West,786.0
O004079,2025-02-10,C0032,P018,2,1129.0,North,2258.0
O004080,2026-03-05,C0177,P001,2,31.0,East,62.0
O004081,2025-12-10,C0405,P017,4,1000.0,South,4000.0
O004082,2026-02-28,C0065,P014,2,1059.0,South,2118.0
O004083,2026-01-01,C0198,P015,4,730.0,West,2920.0
O004084,2025-04-30,C0027,P005,4,1124.0,North,4496.0
O004085,2025-08-17,C0151,P017,1,1000.0,West,1000.0
O004086,2025-05-10,C0303,P011,2,508.0,East,1016.0
O004087,2025-12-18,C0479,P010,1,1132.0,West,1132.0
O004088,2025-11-14,C0268,P017,1,1000.0,West,1000.0
O004089,2025-12-03,C0085,P001,2,31.0,South,62.0
O004090,2025-09-30,C0500,P005,4,1124.0,West,4496.0
O004091,2025-04-27,C0066,P016,4,420.0,East,1680.0
O004092,2026-01-03,C0133,P007,4,995.0,North,3980.0
O004093,2025-04-04,C0393,P012,2,66.0,South,132.0
O004094,2025-06-17,C0404,P008,4,729.0,West,2916.0
O004095,2025-12-07,C0366,P018,1,1129.0,South,1129.0
O004096,2025-06-01,C0082,P001,3,31.0,East,93.0
O004097,2025-10-01,C0381,P020,2,410.0,North,820.0
O004098,2026-05-11,C0319,P012,3,66.0,North,198.0
O004099,2025-04-11,C0470,P004,1,680.0,West,680.0
O004100,2025-03-23,C0328,P012,3,66.0,East,198.0
O004101,2026-06-13,C0098,P001,1,31.0,South,31.0
O004102,2025-03-14,C0073,P001,3,31.0,North,93.0
O004103,2025-01-14,C0327,P003,3,358.0,East,1074.0
O004104,2026-03-09,C0030,P012,4,66.0,North,264.0
O004105,2025-06-06,C0125,P013,3,797.0,North,2391.0
O004106,2025-05-12,C0210,P013,1,797.0,North,797.0
O004107,2025-12-04,C0475,P009,1,485.0,East,485.0
O004108,2026-02-08,C0272,P018,1,1129.0,West,1129.0
O004109,2026-01-11,C0213,P001,2,31.0,East,62.0
O004110,2025-04-17,C0133,P006,1,393.0,North,393.0
O004111,2025-09-22,C0157,P005,2,1124.0,East,2248.0
O004112,2025-07-24,C0047,P004,1,680.0,South,680.0
O004113,2025-03-20,C0357,P006,2,393.0,North,786.0
O004114,2025-06-04,C0363,P003,3,358.0,South,1074.0
O004115,2025-09-04,C0382,P017,3,1000.0,East,3000.0
O004116,2026-06-15,C0022,P011,1,508.0,North,508.0
O004117,2026-06-22,C0462,P004,2,680.0,East,1360.0
O004118,2025-06-03,C0441,P020,4,410.0,North,1640.0
O004119,2025-06-03,C0083,P001,4,31.0,South,124.0
O004120,2025-04-02,C0419,P004,4,680.0,East,2720.0
O004121,2026-03-09,C0472,P003,1,358.0,West,358.0
O004122,2025-12-04,C0234,P010,3,1132.0,South,3396.0
O004123,2026-04-25,C0060,P001,2,31.0,South,62.0
O004124,2025-05-11,C0454,P004,1,680.0,West,680.0
O004125,2026-03-26,C0188,P019,3,269.0,East,807.0
O004126,2025-09-30,C0058,P001,1,31.0,North,31.0
O004127,2025-06-26,C0259,P016,4,420.0,East,1680.0
O004128,2025-02-18,C0162,P019,4,269.0,East,1076.0
O004129,2025-12-21,C0301,P020,1,410.0,North,410.0
O004130,2025-11-04,C0306,P018,2,1129.0,West,2258.0
O004131,2025-02-15,C0002,P002,4,235.0,West,940.0
O004132,2025-10-29,C0271,P006,2,393.0,West,786.0
O004133,2026-02-12,C0421,P001,4,31.0,West,124.0
O004134,2025-07-08,C0143,P019,3,269.0,South,807.0
O004135,2025-05-09,C0188,P005,4,1124.0,East,4496.0
O004136,2026-06-21,C0352,P002,1,235.0,West,235.0
O004137,2025-09-23,C0341,P001,3,31.0,South,93.0
O004138,2025-04-28,C0448,P016,4,420.0,West,1680.0
O004139,2026-04-09,C0465,P002,1,235.0,West,235.0
O004140,2025-05-24,C0482,P004,3,680.0,East,2040.0
O004141,2026-03-18,C0224,P003,4,358.0,South,1432.0
O004142,2025-07-19,C0498,P017,1,1000.0,North,1000.0
O004143,2025-06-06,C0367,P015,1,730.0,West,730.0
O004144,2026-05-02,C0180,P010,2,1132.0,North,2264.0
O004145,2025-05-14,C0023,P012,2,66.0,South,132.0
O004146,2025-05-28,C0355,P012,4,66.0,North,264.0
O004147,2025-12-02,C0037,P020,3,410.0,South,1230.0
O004148,2025-03-12,C0107,P007,3,995.0,South,2985.0
O004149,2025-08-21,C0297,P010,1,1132.0,West,1132.0
O004150,2025-11-30,C0229,P005,1,1124.0,West,1124.0
O004151,2025-03-31,C0313,P020,3,410.0,North,1230.0
O004152,2025-11-30,C0097,P020,3,410.0,East,1230.0
O004153,2025-07-18,C0281,P011,2,508.0,West,1016.0
O004154,2025-06-10,C0110,P002,3,235.0,North,705.0
O004155,2026-06-22,C0037,P016,3,420.0,South,1260.0
O004156,2025-05-01,C0040,P012,4,66.0,South,264.0
O004157,2025-10-28,C0085,P016,3,420.0,South,1260.0
O004158,2026-03-12,C0302,P004,1,680.0,East,680.0
O004159,2025-03-09,C0188,P002,1,235.0,East,235.0
O004160,2026-04-04,C0240,P010,2,1132.0,North,2264.0
O004161,2026-05-29,C0358,P013,2,797.0,East,1594.0
O004162,2026-02-02,C0488,P019,4,269.0,South,1076.0
O004163,2025-10-13,C0354,P015,2,730.0,North,1460.0
O004164,2025-05-20,C0019,P001,3,31.0,South,93.0
O004165,2025-10-09,C0347,P017,3,1000.0,East,3000.0
O004166,2026-04-02,C0393,P020,4,410.0,South,1640.0
O004167,2025-03-28,C0325,P004,1,680.0,West,680.0
O004168,2025-03-20,C0261,P020,3,410.0,East,1230.0
O004169,2025-07-24,C0473,P009,3,485.0,North,1455.0
O004170,2025-12-03,C0410,P006,4,393.0,North,1572.0
O004171,2025-09-11,C0403,P003,1,358.0,East,358.0
O004172,2025-10-31,C0158,P002,2,235.0,West,470.0
O004173,2026-01-15,C0484,P018,3,1129.0,East,3387.0
O004174,2025-05-10,C0304,P019,1,269.0,East,269.0
O004175,2025-10-03,C0112,P007,4,995.0,North,3980.0
O004176,2025-07-02,C0144,P003,4,358.0,South,1432.0
O004177,2025-09-25,C0256,P018,1,1129.0,East,1129.0
O004178,2025-11-18,C0455,P020,4,410.0,North,1640.0
O004179,2026-05-27,C0018,P020,2,410.0,East,820.0
O004180,2025-03-19,C0184,P019,1,269.0,West,269.0
O004181,2025-12-05,C0405,P009,2,485.0,South,970.0
O004182,2026-05-24,C0287,P016,4,420.0,South,1680.0
O004183,2025-08-26,C0385,P006,2,393.0,West,786.0
O004184,2025-05-14,C0131,P012,2,66.0,South,132.0
O004185,2025-07-11,C0479,P006,2,393.0,West,786.0
O004186,2025-12-22,C0281,P013,2,797.0,West,1594.0
O004187,2025-10-05,C0245,P005,1,1124.0,North,1124.0
O004188,2025-01-18,C0008,P013,4,797.0,West,3188.0
O004189,2026-06-08,C0193,P020,4,410.0,West,1640.0
O004190,2025-06-29,C0318,P007,3,995.0,North,2985.0
O004191,2025-05-03,C0391,P012,2,66.0,West,132.0
O004192,2025-09-03,C0007,P004,2,680.0,North,1360.0
O004193,2026-01-08,C0136,P005,3,1124.0,South,3372.0
O004194,2025-02-20,C0019,P016,3,420.0,South,1260.0
O004195,2025-03-12,C0401,P004,2,680.0,North,1360.0
O004196,2026-04-25,C0139,P008,4,729.0,South,2916.0
O004197,2025-01-19,C0367,P016,3,420.0,West,1260.0
O004198,2025-03-25,C0489,P008,2,729.0,West,1458.0
O004199,2025-06-04,C0177,P017,4,1000.0,East,4000.0
O004200,2025-12-23,C0011,P014,1,1059.0,North,1059.0
O004201,2026-03-19,C0486,P012,3,66.0,West,198.0
O004202,2025-03-10,C0041,P003,3,358.0,North,1074.0
O004203,2026-06-07,C0446,P020,4,410.0,West,1640.0
O004204,2025-05-23,C0114,P002,1,235.0,West,235.0
O004205,2025-07-11,C0180,P013,4,797.0,North,3188.0
O004206,2026-01-22,C0194,P011,3,508.0,East,1524.0
O004207,2026-01-13,C0196,P012,1,66.0,South,66.0
O004208,2026-06-19,C0498,P018,2,1129.0,North,2258.0
O004209,2025-10-20,C0348,P009,3,485.0,North,1455.0
O004210,2025-01-09,C0225,P007,4,995.0,South,3980.0
O004211,2025-09-28,C0331,P006,4,393.0,South,1572.0
O004212,2026-01-22,C0323,P014,4,1059.0,East,4236.0
O004213,2025-04-03,C0424,P018,4,1129.0,South,4516.0
O004214,2026-06-13,C0261,P014,4,1059.0,East,4236.0
O004215,2025-06-03,C0116,P005,3,1124.0,West,3372.0
O004216,2026-02-09,C0469,P020,1,410.0,North,410.0
O004217,2025-05-29,C0150,P013,4,797.0,South,3188.0
O004218,2025-09-24,C0118,P001,4,31.0,North,124.0
O004219,2026-02-26,C0165,P012,2,66.0,North,132.0
O004220,2026-04-17,C0252,P019,2,269.0,South,538.0
O004221,2026-06-10,C0267,P010,1,1132.0,East,1132.0
O004222,2026-05-18,C0044,P005,3,1124.0,West,3372.0
O004223,2025-01-14,C0470,P020,3,410.0,West,1230.0
O004224,2025-12-30,C0489,P006,1,393.0,West,393.0
O004225,2025-04-29,C0181,P012,1,66.0,South,66.0
O004226,2025-08-26,C0077,P003,1,358.0,West,358.0
O004227,2026-06-30,C0374,P014,4,1059.0,East,4236.0
O004228,2025-06-18,C0116,P004,3,680.0,West,2040.0
O004229,2026-06-06,C0445,P017,1,1000.0,West,1000.0
O004230,2026-05-31,C0067,P017,2,1000.0,North,2000.0
O004231,2026-02-01,C0013,P014,4,1059.0,West,4236.0
O004232,2025-04-16,C0092,P015,4,730.0,West,2920.0
O004233,2025-03-26,C0246,P007,4,995.0,West,3980.0
O004234,2025-08-02,C0267,P004,4,680.0,East,2720.0
O004235,2025-05-01,C0139,P017,1,1000.0,South,1000.0
O004236,2025-05-12,C0341,P006,4,393.0,South,1572.0
O004237,2025-07-16,C0244,P011,2,508.0,South,1016.0
O004238,2025-01-19,C0341,P012,2,66.0,South,132.0
O004239,2025-01-12,C0391,P015,1,730.0,West,730.0
O004240,2025-03-22,C0273,P012,4,66.0,West,264.0
O004241,2025-11-26,C0304,P011,2,508.0,East,1016.0
O004242,2026-01-27,C0398,P017,3,1000.0,South,3000.0
O004243,2025-11-03,C0191,P008,4,729.0,North,2916.0
O004244,2025-09-24,C0448,P012,1,66.0,West,66.0
O004245,2026-03-23,C0097,P009,3,485.0,East,1455.0
O004246,2026-03-17,C0331,P011,4,508.0,South,2032.0
O004247,2025-01-02,C0205,P003,3,358.0,East,1074.0
O004248,2026-06-04,C0449,P007,4,995.0,South,3980.0
O004249,2025-11-05,C0418,P003,4,358.0,South,1432.0
O004250,2026-06-06,C0137,P016,2,420.0,East,840.0
O004251,2026-04-14,C0077,P010,3,1132.0,West,3396.0
O004252,2025-07-31,C0384,P007,3,995.0,West,2985.0
O004253,2025-04-22,C0037,P020,1,410.0,South,410.0
O004254,2025-01-08,C0286,P015,1,730.0,North,730.0
O004255,2026-04-22,C0425,P010,3,1132.0,North,3396.0
O004256,2026-04-05,C0429,P012,2,66.0,South,132.0
O004257,2025-09-10,C0485,P018,2,1129.0,East,2258.0
O004258,2026-06-10,C0303,P009,4,485.0,East,1940.0
O004259,2026-03-14,C0135,P009,1,485.0,West,485.0
O004260,2025-08-24,C0142,P004,1,680.0,South,680.0
O004261,2025-11-02,C0254,P005,1,1124.0,South,1124.0
O004262,2026-04-23,C0048,P007,4,995.0,East,3980.0
O004263,2025-01-20,C0255,P007,2,995.0,North,1990.0
O004264,2025-08-04,C0134,P011,1,508.0,South,508.0
O004265,2025-05-15,C0290,P010,4,1132.0,East,4528.0
O004266,2025-05-09,C0208,P011,3,508.0,East,1524.0
O004267,2026-02-14,C0499,P018,2,1129.0,West,2258.0
O004268,2026-02-26,C0101,P012,3,66.0,North,198.0
O004269,2025-10-21,C0484,P016,1,420.0,East,420.0
O004270,2025-09-03,C0046,P004,4,680.0,East,2720.0
O004271,2025-03-27,C0443,P017,2,1000.0,South,2000.0
O004272,2026-01-10,C0070,P017,1,1000.0,West,1000.0
O004273,2026-03-22,C0136,P005,2,1124.0,South,2248.0
O004274,2026-01-13,C0280,P013,4,797.0,West,3188.0
O004275,2026-01-25,C0067,P003,4,358.0,North,1432.0
O004276,2025-02-20,C0004,P017,1,1000.0,East,1000.0
O004277,2025-08-30,C0224,P011,2,508.0,South,1016.0
O004278,2025-10-21,C0001,P001,4,31.0,South,124.0
O004279,2025-09-23,C0290,P018,2,1129.0,East,2258.0
O004280,2025-04-30,C0109,P017,2,1000.0,North,2000.0
O004281,2025-09-05,C0265,P009,3,485.0,West,1455.0
O004282,2025-03-11,C0063,P020,1,410.0,West,410.0
O004283,2025-02-26,C0460,P007,1,995.0,North,995.0
O004284,2026-01-17,C0266,P005,2,1124.0,West,2248.0
O004285,2025-02-08,C0138,P016,3,420.0,West,1260.0
O004286,2026-03-19,C0434,P007,2,995.0,North,1990.0
O004287,2025-01-18,C0044,P013,1,797.0,West,797.0
O004288,2025-12-18,C0374,P013,1,797.0,East,797.0
O004289,2025-10-25,C0432,P015,2,730.0,West,1460.0
O004290,2025-10-10,C0471,P017,2,1000.0,North,2000.0
O004291,2025-04-20,C0262,P017,2,1000.0,West,2000.0
O004292,2025-06-29,C0216,P019,1,269.0,North,269.0
O004293,2026-06-28,C0121,P010,2,1132.0,West,2264.0
O004294,2025-01-25,C0152,P002,2,235.0,North,470.0
O004295,2025-02-26,C0213,P014,4,1059.0,East,4236.0
O004296,2025-06-29,C0234,P003,1,358.0,South,358.0
O004297,2025-08-20,C0351,P007,2,995.0,East,1990.0
O004298,2025-12-09,C0111,P011,3,508.0,South,1524.0
O004299,2026-04-22,C0442,P017,1,1000.0,West,1000.0
O004300,2026-03-31,C0361,P015,2,730.0,South,1460.0
O004301,2025-08-20,C0320,P019,2,269.0,South,538.0
O004302,2025-10-16,C0222,P011,4,508.0,East,2032.0
O004303,2025-08-01,C0440,P015,4,730.0,North,2920.0
O004304,2025-09-15,C0226,P015,1,730.0,North,730.0
O004305,2026-06-14,C0210,P006,4,393.0,North,1572.0
O004306,2025-08-17,C0396,P015,4,730.0,West,2920.0
O004307,2025-08-14,C0419,P009,1,485.0,East,485.0
O004308,2026-03-11,C0071,P005,3,1124.0,West,3372.0
O004309,2026-02-06,C0489,P019,2,269.0,West,538.0
O004310,2025-03-29,C0360,P005,2,1124.0,East,2248.0
O004311,2026-06-26,C0089,P013,4,797.0,West,3188.0
O004312,2025-11-05,C0262,P018,2,1129.0,West,2258.0
O004313,2025-12-09,C0449,P020,4,410.0,South,1640.0
O004314,2026-03-12,C0366,P017,1,1000.0,South,1000.0
O004315,2025-06-26,C0464,P015,1,730.0,East,730.0
O004316,2025-05-19,C0188,P014,1,1059.0,East,1059.0
O004317,2025-07-13,C0112,P016,2,420.0,North,840.0
O004318,2025-07-05,C0452,P004,4,680.0,East,2720.0
O004319,2025-08-06,C0413,P017,4,1000.0,West,4000.0
O004320,2025-06-13,C0422,P020,2,410.0,West,820.0
O004321,2025-06-10,C0239,P014,1,1059.0,East,1059.0
O004322,2026-06-09,C0476,P018,3,1129.0,West,3387.0
O004323,2025-02-11,C0256,P006,4,393.0,East,1572.0
O004324,2025-07-29,C0150,P008,4,729.0,South,2916.0
O004325,2025-10-02,C0127,P009,2,485.0,West,970.0
O004326,2025-10-06,C0392,P001,3,31.0,South,93.0
O004327,2025-09-08,C0319,P013,1,797.0,North,797.0
O004328,2025-11-06,C0480,P003,4,358.0,East,1432.0
O004329,2025-05-20,C0481,P006,2,393.0,East,786.0
O004330,2026-06-30,C0397,P017,3,1000.0,West,3000.0
O004331,2026-06-14,C0411,P008,2,729.0,South,1458.0
O004332,2025-02-26,C0402,P006,3,393.0,West,1179.0
O004333,2025-04-22,C0274,P016,2,420.0,West,840.0
O004334,2025-01-05,C0333,P001,3,31.0,North,93.0
O004335,2026-02-14,C0470,P010,4,1132.0,West,4528.0
O004336,2026-02-18,C0446,P018,3,1129.0,West,3387.0
O004337,2025-07-01,C0398,P014,1,1059.0,South,1059.0
O004338,2025-01-13,C0139,P005,4,1124.0,South,4496.0
O004339,2025-12-05,C0103,P017,1,1000.0,South,1000.0
O004340,2025-09-16,C0242,P014,4,1059.0,West,4236.0
O004341,2025-03-31,C0117,P018,3,1129.0,West,3387.0
O004342,2025-09-07,C0214,P004,4,680.0,North,2720.0
O004343,2025-09-12,C0484,P020,2,410.0,East,820.0
O004344,2025-04-18,C0017,P002,3,235.0,South,705.0
O004345,2026-04-30,C0179,P007,2,995.0,West,1990.0
O004346,2025-09-15,C0224,P007,2,995.0,South,1990.0
O004347,2025-10-09,C0270,P007,2,995.0,South,1990.0
O004348,2025-03-29,C0490,P013,2,797.0,West,1594.0
O004349,2025-07-23,C0313,P019,1,269.0,North,269.0
O004350,2025-01-16,C0349,P006,3,393.0,South,1179.0
O004351,2025-05-31,C0134,P020,2,410.0,South,820.0
O004352,2025-09-11,C0114,P017,1,1000.0,West,1000.0
O004353,2025-07-07,C0441,P018,4,1129.0,North,4516.0
O004354,2025-11-25,C0132,P001,2,31.0,North,62.0
O004355,2026-06-28,C0139,P013,2,797.0,South,1594.0
O004356,2026-02-01,C0365,P019,1,269.0,West,269.0
O004357,2026-06-01,C0232,P016,4,420.0,East,1680.0
O004358,2026-04-04,C0458,P010,4,1132.0,South,4528.0
O004359,2025-11-26,C0375,P013,1,797.0,North,797.0
O004360,2025-06-18,C0092,P010,2,1132.0,West,2264.0
O004361,2026-01-01,C0267,P014,3,1059.0,East,3177.0
O004362,2025-06-27,C0099,P009,1,485.0,North,485.0
O004363,2025-12-28,C0207,P011,3,508.0,North,1524.0
O004364,2025-02-09,C0008,P003,2,358.0,West,716.0
O004365,2026-02-20,C0468,P008,2,729.0,West,1458.0
O004366,2025-12-21,C0370,P012,4,66.0,North,264.0
O004367,2025-09-12,C0443,P003,2,358.0,South,716.0
O004368,2025-05-23,C0405,P007,4,995.0,South,3980.0
O004369,2025-01-11,C0321,P014,4,1059.0,East,4236.0
O004370,2025-01-26,C0093,P007,2,995.0,West,1990.0
O004371,2026-02-25,C0408,P007,4,995.0,North,3980.0
O004372,2025-08-09,C0158,P014,2,1059.0,West,2118.0
O004373,2026-05-11,C0360,P012,4,66.0,East,264.0
O004374,2025-08-25,C0099,P001,4,31.0,North,124.0
O004375,2025-08-25,C0225,P005,2,1124.0,South,2248.0
O004376,2025-08-07,C0340,P011,3,508.0,North,1524.0
O004377,2026-05-02,C0441,P001,1,31.0,North,31.0
O004378,2026-04-06,C0208,P013,2,797.0,East,1594.0
O004379,2025-05-24,C0073,P017,4,1000.0,North,4000.0
O004380,2025-07-08,C0479,P003,1,358.0,West,358.0
O004381,2025-09-12,C0401,P010,3,1132.0,North,3396.0
O004382,2025-03-09,C0059,P019,2,269.0,North,538.0
O004383,2025-12-02,C0287,P007,4,995.0,South,3980.0
O004384,2026-02-13,C0064,P020,4,410.0,South,1640.0
O004385,2025-10-27,C0256,P003,2,358.0,East,716.0
O004386,2025-12-23,C0048,P012,4,66.0,East,264.0
O004387,2025-09-13,C0279,P010,1,1132.0,West,1132.0
O004388,2025-12-19,C0198,P012,4,66.0,West,264.0
O004389,2026-06-05,C0158,P015,1,730.0,West,730.0
O004390,2026-06-08,C0311,P006,1,393.0,South,393.0
O004391,2025-10-11,C0007,P019,2,269.0,North,538.0
O004392,2025-11-08,C0248,P005,4,1124.0,West,4496.0
O004393,2025-04-09,C0368,P020,1,410.0,West,410.0
O004394,2025-07-16,C0232,P002,4,235.0,East,940.0
O004395,2026-04-27,C0106,P019,1,269.0,North,269.0
O004396,2025-08-14,C0494,P019,3,269.0,North,807.0
O004397,2025-12-31,C0459,P004,2,680.0,North,1360.0
O004398,2026-01-03,C0098,P020,2,410.0,South,820.0
O004399,2025-03-16,C0268,P005,2,1124.0,West,2248.0
O004400,2025-02-11,C0060,P007,1,995.0,South,995.0
O004401,2026-02-26,C0500,P004,3,680.0,West,2040.0
O004402,2025-06-30,C0308,P011,1,508.0,South,508.0
O004403,2026-06-29,C0493,P003,2,358.0,South,716.0
O004404,2025-03-12,C0495,P005,1,1124.0,South,1124.0
O004405,2025-04-15,C0411,P020,2,410.0,South,820.0
O004406,2025-07-19,C0140,P015,4,730.0,West,2920.0
O004407,2025-04-11,C0397,P018,1,1129.0,West,1129.0
O004408,2025-11-03,C0328,P016,4,420.0,East,1680.0
O004409,2026-01-12,C0464,P016,1,420.0,East,420.0
O004410,2026-02-03,C0190,P010,2,1132.0,North,2264.0
O004411,2025-08-09,C0125,P001,4,31.0,North,124.0
O004412,2025-07-01,C0413,P011,1,508.0,West,508.0
O004413,2025-11-03,C0163,P017,2,1000.0,East,2000.0
O004414,2026-06-06,C0060,P015,1,730.0,South,730.0
O004415,2026-01-31,C0413,P007,4,995.0,West,3980.0
O004416,2025-01-04,C0031,P006,1,393.0,East,393.0
O004417,2025-10-08,C0333,P015,1,730.0,North,730.0
O004418,2025-08-03,C0076,P015,4,730.0,West,2920.0
O004419,2026-02-24,C0243,P007,2,995.0,West,1990.0
O004420,2025-04-11,C0317,P003,1,358.0,South,358.0
O004421,2026-06-05,C0258,P014,1,1059.0,East,1059.0
O004422,2025-11-05,C0417,P009,3,485.0,South,1455.0
O004423,2026-05-25,C0456,P003,3,358.0,South,1074.0
O004424,2025-03-04,C0190,P006,2,393.0,North,786.0
O004425,2025-08-14,C0489,P020,4,410.0,West,1640.0
O004426,2025-04-15,C0377,P009,2,485.0,West,970.0
O004427,2026-03-01,C0315,P001,1,31.0,West,31.0
O004428,2025-09-12,C0296,P009,2,485.0,East,970.0
O004429,2026-03-05,C0177,P012,1,66.0,East,66.0
O004430,2026-03-10,C0489,P004,1,680.0,West,680.0
O004431,2025-07-26,C0288,P016,2,420.0,East,840.0
O004432,2025-01-28,C0294,P005,2,1124.0,South,2248.0
O004433,2025-12-02,C0348,P017,3,1000.0,North,3000.0
O004434,2025-03-10,C0207,P017,4,1000.0,North,4000.0
O004435,2026-05-28,C0215,P006,2,393.0,West,786.0
O004436,2025-06-16,C0344,P015,3,730.0,South,2190.0
O004437,2026-01-03,C0141,P001,2,31.0,West,62.0
O004438,2025-09-08,C0085,P013,4,797.0,South,3188.0
O004439,2025-06-19,C0182,P016,2,420.0,North,840.0
O004440,2025-03-31,C0332,P002,4,235.0,West,940.0
O004441,2026-03-22,C0128,P019,1,269.0,West,269.0
O004442,2025-10-21,C0269,P002,4,235.0,South,940.0
O004443,2025-05-30,C0039,P012,2,66.0,East,132.0
O004444,2025-05-12,C0023,P012,3,66.0,South,198.0
O004445,2026-03-09,C0242,P008,1,729.0,West,729.0
O004446,2025-02-28,C0366,P012,3,66.0,South,198.0
O004447,2025-07-18,C0107,P011,2,508.0,South,1016.0
O004448,2025-08-03,C0348,P002,1,235.0,North,235.0
O004449,2026-04-17,C0142,P001,3,31.0,South,93.0
O004450,2025-09-04,C0145,P004,2,680.0,South,1360.0
O004451,2026-01-17,C0280,P009,3,485.0,West,1455.0
O004452,2025-08-27,C0245,P007,4,995.0,North,3980.0
O004453,2026-01-02,C0442,P010,4,1132.0,West,4528.0
O004454,2025-06-17,C0191,P020,2,410.0,North,820.0
O004455,2025-02-20,C0290,P014,3,1059.0,East,3177.0
O004456,2026-01-15,C0179,P001,2,31.0,West,62.0
O004457,2026-04-19,C0112,P005,3,1124.0,North,3372.0
O004458,2025-03-21,C0214,P013,1,797.0,North,797.0
O004459,2026-01-02,C0138,P006,2,393.0,West,786.0
O004460,2026-04-06,C0374,P017,2,1000.0,East,2000.0
O004461,2026-06-23,C0200,P015,3,730.0,West,2190.0
O004462,2026-03-28,C0405,P007,2,995.0,South,1990.0
O004463,2026-04-09,C0421,P008,1,729.0,West,729.0
O004464,2026-04-23,C0007,P002,3,235.0,North,705.0
O004465,2026-02-24,C0346,P018,3,1129.0,East,3387.0
O004466,2025-08-02,C0013,P007,3,995.0,West,2985.0
O004467,2026-01-04,C0080,P020,1,410.0,North,410.0
O004468,2025-04-24,C0286,P016,1,420.0,North,420.0
O004469,2026-05-18,C0159,P019,2,269.0,North,538.0
O004470,2025-11-07,C0389,P009,3,485.0,West,1455.0
O004471,2026-04-14,C0416,P012,1,66.0,South,66.0
O004472,2025-02-13,C0272,P014,4,1059.0,West,4236.0
O004473,2026-02-19,C0495,P007,2,995.0,South,1990.0
O004474,2025-09-03,C0201,P002,1,235.0,East,235.0
O004475,2025-03-25,C0150,P017,1,1000.0,South,1000.0
O004476,2025-07-26,C0448,P011,1,508.0,West,508.0
O004477,2025-05-31,C0428,P018,2,1129.0,West,2258.0
O004478,2026-06-12,C0296,P012,1,66.0,East,66.0
O004479,2025-06-14,C0493,P003,1,358.0,South,358.0
O004480,2025-05-25,C0293,P014,4,1059.0,West,4236.0
O004481,2025-02-06,C0334,P015,4,730.0,North,2920.0
O004482,2025-11-29,C0272,P019,4,269.0,West,1076.0
O004483,2026-02-07,C0043,P010,1,1132.0,North,1132.0
O004484,2026-02-18,C0468,P009,4,485.0,West,1940.0
O004485,2025-02-14,C0319,P010,3,1132.0,North,3396.0
O004486,2026-02-06,C0492,P020,4,410.0,East,1640.0
O004487,2025-07-25,C0015,P004,4,680.0,North,2720.0
O004488,2025-03-03,C0248,P019,1,269.0,West,269.0
O004489,2026-02-24,C0172,P010,3,1132.0,North,3396.0
O004490,2026-04-13,C0218,P017,4,1000.0,West,4000.0
O004491,2025-01-19,C0137,P012,1,66.0,East,66.0
O004492,2025-12-31,C0321,P001,3,31.0,East,93.0
O004493,2025-10-27,C0227,P011,4,508.0,West,2032.0
O004494,2025-01-07,C0044,P013,1,797.0,West,797.0
O004495,2026-03-04,C0020,P001,3,31.0,South,93.0
O004496,2025-04-27,C0493,P001,4,31.0,South,124.0
O004497,2026-05-22,C0119,P016,3,420.0,West,1260.0
O004498,2026-06-30,C0454,P007,3,995.0,West,2985.0
O004499,2025-11-21,C0234,P010,1,1132.0,South,1132.0
O004500,2025-02-24,C0458,P016,2,420.0,South,840.0
O004501,2025-02-11,C0368,P001,3,31.0,West,93.0
O004502,2025-10-24,C0379,P009,3,485.0,West,1455.0
O004503,2025-08-19,C0417,P006,3,393.0,South,1179.0
O004504,2026-03-29,C0336,P015,3,730.0,North,2190.0
O004505,2026-01-29,C0356,P004,3,680.0,East,2040.0
O004506,2026-06-06,C0262,P015,2,730.0,West,1460.0
O004507,2025-12-24,C0083,P010,1,1132.0,South,1132.0
O004508,2026-03-20,C0031,P016,2,420.0,East,840.0
O004509,2025-05-08,C0322,P013,1,797.0,West,797.0
O004510,2026-02-09,C0274,P019,2,269.0,West,538.0
O004511,2026-01-27,C0234,P020,1,410.0,South,410.0
O004512,2025-07-12,C0028,P004,4,680.0,East,2720.0
O004513,2025-03-19,C0252,P020,3,410.0,South,1230.0
O004514,2025-03-26,C0324,P016,1,420.0,South,420.0
O004515,2025-01-30,C0253,P011,1,508.0,West,508.0
O004516,2025-02-18,C0449,P015,3,730.0,South,2190.0
O004517,2025-05-25,C0239,P011,4,508.0,East,2032.0
O004518,2025-03-10,C0490,P011,3,508.0,West,1524.0
O004519,2025-02-27,C0370,P003,1,358.0,North,358.0
O004520,2026-04-24,C0464,P017,1,1000.0,East,1000.0
O004521,2026-03-21,C0429,P005,3,1124.0,South,3372.0
O004522,2025-10-23,C0314,P013,2,797.0,West,1594.0
O004523,2025-06-20,C0175,P010,3,1132.0,East,3396.0
O004524,2025-05-27,C0194,P005,1,1124.0,East,1124.0
O004525,2026-04-29,C0180,P012,1,66.0,North,66.0
O004526,2025-11-02,C0420,P008,1,729.0,West,729.0
O004527,2026-03-22,C0385,P012,4,66.0,West,264.0
O004528,2025-08-09,C0295,P016,3,420.0,North,1260.0
O004529,2026-01-13,C0215,P002,4,235.0,West,940.0
O004530,2025-09-23,C0474,P003,3,358.0,West,1074.0
O004531,2025-04-05,C0203,P018,4,1129.0,North,4516.0
O004532,2025-09-19,C0250,P017,2,1000.0,West,2000.0
O004533,2025-03-12,C0362,P002,1,235.0,East,235.0
O004534,2025-08-07,C0257,P012,1,66.0,West,66.0
O004535,2026-06-17,C0075,P017,3,1000.0,West,3000.0
O004536,2025-04-02,C0344,P006,1,393.0,South,393.0
O004537,2025-05-07,C0202,P017,4,1000.0,North,4000.0
O004538,2025-03-21,C0142,P002,2,235.0,South,470.0
O004539,2025-08-26,C0206,P008,4,729.0,North,2916.0
O004540,2026-01-07,C0199,P014,4,1059.0,West,4236.0
O004541,2026-05-01,C0407,P006,3,393.0,South,1179.0
O004542,2025-01-25,C0171,P009,1,485.0,East,485.0
O004543,2025-06-05,C0406,P001,4,31.0,West,124.0
O004544,2026-06-01,C0316,P005,3,1124.0,East,3372.0
O004545,2026-06-14,C0228,P007,4,995.0,South,3980.0
O004546,2025-02-26,C0411,P009,4,485.0,South,1940.0
O004547,2025-01-19,C0440,P014,4,1059.0,North,4236.0
O004548,2026-01-19,C0386,P009,3,485.0,West,1455.0
O004549,2025-07-12,C0423,P004,2,680.0,North,1360.0
O004550,2025-08-25,C0179,P020,4,410.0,West,1640.0
O004551,2026-01-22,C0366,P015,4,730.0,South,2920.0
O004552,2026-03-02,C0275,P004,3,680.0,East,2040.0
O004553,2025-10-04,C0062,P003,1,358.0,South,358.0
O004554,2025-08-15,C0327,P014,2,1059.0,East,2118.0
O004555,2025-11-19,C0204,P009,3,485.0,West,1455.0
O004556,2025-06-02,C0451,P019,1,269.0,West,269.0
O004557,2025-08-25,C0447,P006,3,393.0,West,1179.0
O004558,2025-02-24,C0367,P003,3,358.0,West,1074.0
O004559,2026-03-12,C0133,P018,2,1129.0,North,2258.0
O004560,2025-04-19,C0072,P016,2,420.0,North,840.0
O004561,2025-07-03,C0078,P003,2,358.0,North,716.0
O004562,2026-01-03,C0189,P002,2,235.0,East,470.0
O004563,2025-07-17,C0356,P002,1,235.0,East,235.0
O004564,2026-01-06,C0071,P010,4,1132.0,West,4528.0
O004565,2026-01-08,C0263,P015,3,730.0,North,2190.0
O004566,2026-05-12,C0306,P003,1,358.0,West,358.0
O004567,2025-07-20,C0046,P008,4,729.0,East,2916.0
O004568,2026-05-24,C0224,P018,1,1129.0,South,1129.0
O004569,2025-11-18,C0328,P011,2,508.0,East,1016.0
O004570,2025-10-02,C0250,P007,3,995.0,West,2985.0
O004571,2025-07-30,C0076,P019,4,269.0,West,1076.0
O004572,2026-05-19,C0074,P007,2,995.0,West,1990.0
O004573,2025-04-28,C0142,P002,3,235.0,South,705.0
O004574,2025-02-11,C0073,P006,4,393.0,North,1572.0
O004575,2025-11-11,C0102,P005,3,1124.0,East,3372.0
O004576,2025-11-25,C0094,P014,1,1059.0,East,1059.0
O004577,2025-01-17,C0069,P018,2,1129.0,North,2258.0
O004578,2025-10-10,C0065,P004,2,680.0,South,1360.0
O004579,2025-09-15,C0193,P004,3,680.0,West,2040.0
O004580,2025-01-19,C0441,P013,4,797.0,North,3188.0
O004581,2026-06-13,C0062,P001,2,31.0,South,62.0
O004582,2026-02-27,C0020,P020,3,410.0,South,1230.0
O004583,2026-04-11,C0241,P005,1,1124.0,West,1124.0
O004584,2026-01-08,C0203,P003,2,358.0,North,716.0
O004585,2025-03-22,C0410,P019,3,269.0,North,807.0
O004586,2026-02-28,C0300,P013,4,797.0,North,3188.0
O004587,2026-03-05,C0195,P007,2,995.0,South,1990.0
O004588,2026-01-23,C0454,P010,2,1132.0,West,2264.0
O004589,2025-07-23,C0062,P003,1,358.0,South,358.0
O004590,2025-07-15,C0107,P002,3,235.0,South,705.0
O004591,2025-10-12,C0125,P007,4,995.0,North,3980.0
O004592,2025-07-15,C0301,P009,1,485.0,North,485.0
O004593,2025-11-03,C0267,P012,1,66.0,East,66.0
O004594,2025-01-14,C0456,P010,1,1132.0,South,1132.0
O004595,2025-05-26,C0477,P019,3,269.0,North,807.0
O004596,2025-02-26,C0202,P013,3,797.0,North,2391.0
O004597,2025-07-29,C0162,P010,2,1132.0,East,2264.0
O004598,2026-06-13,C0344,P005,3,1124.0,South,3372.0
O004599,2025-12-10,C0302,P015,1,730.0,East,730.0
O004600,2025-10-06,C0112,P003,3,358.0,North,1074.0
O004601,2025-07-28,C0337,P008,4,729.0,West,2916.0
O004602,2025-12-01,C0032,P006,2,393.0,North,786.0
O004603,2025-10-15,C0459,P019,1,269.0,North,269.0
O004604,2025-09-09,C0098,P017,2,1000.0,South,2000.0
O004605,2025-09-22,C0472,P010,3,1132.0,West,3396.0
O004606,2025-09-28,C0247,P001,2,31.0,South,62.0
O004607,2026-02-23,C0261,P013,2,797.0,East,1594.0
O004608,2025-07-30,C0191,P010,3,1132.0,North,3396.0
O004609,2025-12-31,C0029,P012,2,66.0,East,132.0
O004610,2025-03-17,C0048,P002,3,235.0,East,705.0
O004611,2025-11-17,C0496,P010,1,1132.0,South,1132.0
O004612,2026-03-09,C0250,P001,1,31.0,West,31.0
O004613,2025-04-19,C0226,P001,4,31.0,North,124.0
O004614,2026-06-06,C0272,P020,4,410.0,West,1640.0
O004615,2025-02-16,C0153,P015,1,730.0,North,730.0
O004616,2026-01-14,C0485,P001,3,31.0,East,93.0
O004617,2025-04-06,C0328,P009,3,485.0,East,1455.0
O004618,2025-04-13,C0285,P007,2,995.0,East,1990.0
O004619,2025-05-26,C0180,P016,2,420.0,North,840.0
O004620,2025-01-27,C0302,P016,4,420.0,East,1680.0
O004621,2026-06-14,C0153,P013,4,797.0,North,3188.0
O004622,2025-03-23,C0234,P010,3,1132.0,South,3396.0
O004623,2026-03-04,C0023,P018,4,1129.0,South,4516.0
O004624,2026-04-24,C0418,P009,3,485.0,South,1455.0
O004625,2025-06-11,C0451,P012,1,66.0,West,66.0
O004626,2026-02-06,C0094,P013,1,797.0,East,797.0
O004627,2026-05-23,C0370,P011,4,508.0,North,2032.0
O004628,2025-02-07,C0245,P015,2,730.0,North,1460.0
O004629,2026-05-26,C0290,P010,4,1132.0,East,4528.0
O004630,2026-01-28,C0160,P010,4,1132.0,West,4528.0
O004631,2026-05-09,C0373,P009,4,485.0,North,1940.0
O004632,2025-07-19,C0285,P003,2,358.0,East,716.0
O004633,2025-09-12,C0009,P016,4,420.0,East,1680.0
O004634,2025-06-28,C0450,P012,2,66.0,North,132.0
O004635,2026-01-24,C0185,P017,4,1000.0,South,4000.0
O004636,2026-02-02,C0295,P015,2,730.0,North,1460.0
O004637,2025-06-07,C0135,P003,2,358.0,West,716.0
O004638,2025-01-04,C0110,P005,2,1124.0,North,2248.0
O004639,2025-06-16,C0069,P013,2,797.0,North,1594.0
O004640,2026-04-13,C0136,P006,2,393.0,South,786.0
O004641,2026-02-13,C0096,P009,1,485.0,South,485.0
O004642,2026-02-16,C0119,P019,3,269.0,West,807.0
O004643,2025-07-23,C0374,P007,3,995.0,East,2985.0
O004644,2025-07-13,C0274,P013,2,797.0,West,1594.0
O004645,2025-08-23,C0358,P005,3,1124.0,East,3372.0
O004646,2025-05-30,C0366,P016,2,420.0,South,840.0
O004647,2025-06-08,C0338,P004,4,680.0,West,2720.0
O004648,2025-10-06,C0177,P005,1,1124.0,East,1124.0
O004649,2026-02-08,C0361,P020,4,410.0,South,1640.0
O004650,2025-11-07,C0237,P019,4,269.0,South,1076.0
O004651,2025-03-09,C0272,P006,2,393.0,West,786.0
O004652,2026-04-08,C0277,P004,4,680.0,West,2720.0
O004653,2025-03-29,C0138,P001,1,31.0,West,31.0
O004654,2025-08-05,C0362,P017,4,1000.0,East,4000.0
O004655,2025-01-01,C0132,P009,1,485.0,North,485.0
O004656,2025-05-15,C0044,P016,1,420.0,West,420.0
O004657,2025-12-17,C0123,P002,2,235.0,South,470.0
O004658,2025-05-20,C0136,P011,1,508.0,South,508.0
O004659,2025-05-13,C0367,P005,4,1124.0,West,4496.0
O004660,2025-06-27,C0373,P013,2,797.0,North,1594.0
O004661,2025-12-24,C0126,P020,1,410.0,South,410.0
O004662,2026-01-15,C0439,P017,1,1000.0,West,1000.0
O004663,2026-03-26,C0275,P015,3,730.0,East,2190.0
O004664,2026-04-08,C0495,P012,2,66.0,South,132.0
O004665,2025-04-18,C0064,P006,3,393.0,South,1179.0
O004666,2025-05-02,C0296,P020,1,410.0,East,410.0
O004667,2025-01-17,C0232,P013,3,797.0,East,2391.0
O004668,2025-07-15,C0051,P018,4,1129.0,West,4516.0
O004669,2025-11-23,C0137,P015,4,730.0,East,2920.0
O004670,2025-11-14,C0158,P015,1,730.0,West,730.0
O004671,2026-04-24,C0056,P008,3,729.0,West,2187.0
O004672,2025-09-09,C0081,P019,3,269.0,West,807.0
O004673,2026-05-18,C0232,P014,2,1059.0,East,2118.0
O004674,2025-04-29,C0428,P007,4,995.0,West,3980.0
O004675,2026-05-13,C0443,P014,4,1059.0,South,4236.0
O004676,2026-05-01,C0399,P005,2,1124.0,West,2248.0
O004677,2025-02-14,C0452,P015,4,730.0,East,2920.0
O004678,2025-11-10,C0326,P015,3,730.0,West,2190.0
O004679,2025-06-28,C0128,P004,3,680.0,West,2040.0
O004680,2026-02-22,C0126,P001,4,31.0,South,124.0
O004681,2025-03-19,C0317,P017,2,1000.0,South,2000.0
O004682,2025-11-22,C0080,P020,1,410.0,North,410.0
O004683,2025-12-23,C0474,P001,1,31.0,West,31.0
O004684,2026-02-20,C0377,P016,1,420.0,West,420.0
O004685,2026-05-30,C0357,P013,1,797.0,North,797.0
O004686,2025-08-02,C0407,P018,3,1129.0,South,3387.0
O004687,2025-03-15,C0333,P010,1,1132.0,North,1132.0
O004688,2026-05-24,C0175,P018,3,1129.0,East,3387.0
O004689,2025-11-28,C0145,P017,3,1000.0,South,3000.0
O004690,2025-04-03,C0441,P009,1,485.0,North,485.0
O004691,2026-06-03,C0126,P014,1,1059.0,South,1059.0
O004692,2025-09-26,C0182,P013,1,797.0,North,797.0
O004693,2026-01-11,C0219,P020,4,410.0,East,1640.0
O004694,2025-01-04,C0436,P020,4,410.0,West,1640.0
O004695,2025-05-18,C0278,P014,2,1059.0,East,2118.0
O004696,2025-08-19,C0485,P011,3,508.0,East,1524.0
O004697,2026-06-13,C0083,P013,1,797.0,South,797.0
O004698,2025-02-21,C0423,P017,4,1000.0,North,4000.0
O004699,2025-11-21,C0483,P003,2,358.0,South,716.0
O004700,2025-10-04,C0141,P001,3,31.0,West,93.0
O004701,2026-06-20,C0334,P005,3,1124.0,North,3372.0
O004702,2026-05-01,C0496,P013,3,797.0,South,2391.0
O004703,2026-05-31,C0095,P005,4,1124.0,West,4496.0
O004704,2025-06-01,C0365,P005,1,1124.0,West,1124.0
O004705,2026-04-28,C0194,P012,1,66.0,East,66.0
O004706,2025-09-16,C0110,P002,3,235.0,North,705.0
O004707,2025-11-20,C0052,P016,3,420.0,West,1260.0
O004708,2025-06-17,C0103,P017,2,1000.0,South,2000.0
O004709,2025-11-06,C0101,P005,2,1124.0,North,2248.0
O004710,2026-04-24,C0142,P012,3,66.0,South,198.0
O004711,2025-02-25,C0201,P015,2,730.0,East,1460.0
O004712,2026-04-18,C0458,P006,4,393.0,South,1572.0
O004713,2025-10-23,C0319,P013,3,797.0,North,2391.0
O004714,2026-04-06,C0199,P011,2,508.0,West,1016.0
O004715,2025-11-20,C0284,P017,3,1000.0,North,3000.0
O004716,2025-05-21,C0494,P009,1,485.0,North,485.0
O004717,2025-09-19,C0217,P016,4,420.0,South,1680.0
O004718,2026-02-24,C0046,P017,3,1000.0,East,3000.0
O004719,2025-08-29,C0028,P020,1,410.0,East,410.0
O004720,2025-12-21,C0002,P018,3,1129.0,West,3387.0
O004721,2025-06-29,C0383,P013,1,797.0,East,797.0
O004722,2025-03-07,C0017,P011,2,508.0,South,1016.0
O004723,2025-12-14,C0315,P013,1,797.0,West,797.0
O004724,2025-06-20,C0436,P013,4,797.0,West,3188.0
O004725,2026-04-19,C0388,P012,4,66.0,North,264.0
O004726,2026-06-18,C0077,P014,2,1059.0,West,2118.0
O004727,2026-01-02,C0466,P013,3,797.0,South,2391.0
O004728,2025-04-17,C0387,P009,4,485.0,South,1940.0
O004729,2026-03-15,C0371,P014,2,1059.0,North,2118.0
O004730,2025-08-15,C0165,P001,4,31.0,North,124.0
O004731,2026-03-20,C0097,P009,2,485.0,East,970.0
O004732,2026-03-18,C0105,P004,4,680.0,West,2720.0
O004733,2026-01-31,C0024,P012,2,66.0,South,132.0
O004734,2025-03-25,C0200,P014,4,1059.0,West,4236.0
O004735,2025-01-13,C0035,P009,3,485.0,West,1455.0
O004736,2026-05-08,C0002,P003,1,358.0,West,358.0
O004737,2025-09-25,C0289,P006,4,393.0,South,1572.0
O004738,2026-06-09,C0332,P003,1,358.0,West,358.0
O004739,2025-04-30,C0342,P001,3,31.0,South,93.0
O004740,2025-12-19,C0461,P003,4,358.0,North,1432.0
O004741,2025-02-26,C0138,P014,2,1059.0,West,2118.0
O004742,2025-02-09,C0337,P020,1,410.0,West,410.0
O004743,2025-12-02,C0062,P002,2,235.0,South,470.0
O004744,2025-06-22,C0299,P012,4,66.0,East,264.0
O004745,2025-09-16,C0197,P010,2,1132.0,West,2264.0
O004746,2026-06-01,C0377,P013,2,797.0,West,1594.0
O004747,2026-06-07,C0059,P020,1,410.0,North,410.0
O004748,2025-04-27,C0265,P004,4,680.0,West,2720.0
O004749,2025-07-03,C0333,P019,4,269.0,North,1076.0
O004750,2025-04-26,C0188,P001,1,31.0,East,31.0
O004751,2025-06-11,C0063,P011,3,508.0,West,1524.0
O004752,2026-06-27,C0308,P016,2,420.0,South,840.0
O004753,2025-08-25,C0279,P019,2,269.0,West,538.0
O004754,2025-03-07,C0030,P019,2,269.0,North,538.0
O004755,2025-03-11,C0171,P012,4,66.0,East,264.0
O004756,2026-03-23,C0452,P003,4,358.0,East,1432.0
O004757,2026-02-20,C0021,P018,2,1129.0,East,2258.0
O004758,2026-06-16,C0299,P017,4,1000.0,East,4000.0
O004759,2026-03-17,C0201,P005,1,1124.0,East,1124.0
O004760,2026-04-09,C0135,P016,1,420.0,West,420.0
O004761,2026-01-31,C0272,P014,4,1059.0,West,4236.0
O004762,2026-01-30,C0023,P019,2,269.0,South,538.0
O004763,2025-11-22,C0442,P006,2,393.0,West,786.0
O004764,2025-04-01,C0087,P003,2,358.0,West,716.0
O004765,2025-03-11,C0031,P006,2,393.0,East,786.0
O004766,2025-06-15,C0121,P012,4,66.0,West,264.0
O004767,2025-08-02,C0069,P020,3,410.0,North,1230.0
O004768,2025-12-01,C0134,P011,3,508.0,South,1524.0
O004769,2026-01-04,C0371,P007,2,995.0,North,1990.0
O004770,2025-02-18,C0449,P001,2,31.0,South,62.0
O004771,2025-02-21,C0315,P016,2,420.0,West,840.0
O004772,2025-10-16,C0496,P016,3,420.0,South,1260.0
O004773,2025-08-27,C0412,P017,1,1000.0,West,1000.0
O004774,2025-05-13,C0146,P015,3,730.0,North,2190.0
O004775,2025-06-15,C0472,P009,4,485.0,West,1940.0
O004776,2026-01-09,C0333,P005,3,1124.0,North,3372.0
O004777,2026-01-08,C0481,P020,4,410.0,East,1640.0
O004778,2026-04-23,C0394,P008,2,729.0,West,1458.0
O004779,2026-04-24,C0263,P001,4,31.0,North,124.0
O004780,2025-10-27,C0293,P007,2,995.0,West,1990.0
O004781,2025-03-23,C0480,P011,1,508.0,East,508.0
O004782,2025-03-28,C0429,P020,2,410.0,South,820.0
O004783,2025-08-13,C0086,P013,2,797.0,South,1594.0
O004784,2025-01-16,C0016,P013,1,797.0,North,797.0
O004785,2025-12-24,C0216,P007,2,995.0,North,1990.0
O004786,2025-06-12,C0116,P011,2,508.0,West,1016.0
O004787,2026-05-29,C0118,P018,2,1129.0,North,2258.0
O004788,2025-12-16,C0270,P001,3,31.0,South,93.0
O004789,2026-04-09,C0395,P012,4,66.0,South,264.0
O004790,2026-01-10,C0467,P003,2,358.0,South,716.0
O004791,2025-04-02,C0343,P001,3,31.0,North,93.0
O004792,2025-06-30,C0162,P004,2,680.0,East,1360.0
O004793,2025-10-28,C0188,P006,4,393.0,East,1572.0
O004794,2025-07-08,C0104,P005,2,1124.0,East,2248.0
O004795,2025-11-10,C0141,P011,4,508.0,West,2032.0
O004796,2026-05-08,C0167,P020,3,410.0,South,1230.0
O004797,2025-05-08,C0300,P013,3,797.0,North,2391.0
O004798,2026-06-03,C0028,P011,2,508.0,East,1016.0
O004799,2026-03-02,C0424,P006,1,393.0,South,393.0
O004800,2025-07-06,C0272,P019,4,269.0,West,1076.0
O004801,2026-03-29,C0050,P015,2,730.0,North,1460.0
O004802,2026-04-16,C0371,P013,3,797.0,North,2391.0
O004803,2025-08-12,C0156,P010,2,1132.0,North,2264.0
O004804,2025-06-03,C0324,P001,4,31.0,South,124.0
O004805,2025-12-17,C0348,P013,2,797.0,North,1594.0
O004806,2025-05-27,C0121,P006,4,393.0,West,1572.0
O004807,2025-12-15,C0444,P020,3,410.0,South,1230.0
O004808,2025-07-01,C0140,P012,1,66.0,West,66.0
O004809,2025-06-28,C0016,P017,1,1000.0,North,1000.0
O004810,2025-02-08,C0309,P018,3,1129.0,West,3387.0
O004811,2025-01-03,C0438,P008,3,729.0,West,2187.0
O004812,2025-03-05,C0049,P014,2,1059.0,East,2118.0
O004813,2025-01-29,C0164,P005,3,1124.0,East,3372.0
O004814,2026-01-07,C0062,P002,3,235.0,South,705.0
O004815,2026-06-07,C0340,P011,4,508.0,North,2032.0
O004816,2025-04-07,C0154,P003,2,358.0,South,716.0
O004817,2026-03-18,C0312,P016,4,420.0,North,1680.0
O004818,2025-07-22,C0376,P016,2,420.0,South,840.0
O004819,2026-02-15,C0346,P009,2,485.0,East,970.0
O004820,2025-01-21,C0150,P013,1,797.0,South,797.0
O004821,2025-04-12,C0376,P010,1,1132.0,South,1132.0
O004822,2025-02-15,C0073,P017,3,1000.0,North,3000.0
O004823,2025-03-07,C0069,P017,2,1000.0,North,2000.0
O004824,2025-06-13,C0465,P010,3,1132.0,West,3396.0
O004825,2025-04-21,C0177,P008,4,729.0,East,2916.0
O004826,2025-12-04,C0354,P007,3,995.0,North,2985.0
O004827,2025-05-03,C0002,P014,4,1059.0,West,4236.0
O004828,2026-03-23,C0309,P018,1,1129.0,West,1129.0
O004829,2025-10-18,C0119,P019,1,269.0,West,269.0
O004830,2026-02-16,C0007,P018,4,1129.0,North,4516.0
O004831,2025-10-08,C0255,P014,4,1059.0,North,4236.0
O004832,2025-02-12,C0484,P010,4,1132.0,East,4528.0
O004833,2026-05-01,C0461,P001,3,31.0,North,93.0
O004834,2025-02-20,C0404,P009,4,485.0,West,1940.0
O004835,2025-07-29,C0478,P018,2,1129.0,East,2258.0
O004836,2025-05-06,C0414,P013,4,797.0,East,3188.0
O004837,2026-05-07,C0075,P017,1,1000.0,West,1000.0
O004838,2026-05-24,C0351,P016,4,420.0,East,1680.0
O004839,2025-09-15,C0195,P011,1,508.0,South,508.0
O004840,2025-07-07,C0187,P009,1,485.0,West,485.0
O004841,2025-08-18,C0450,P007,3,995.0,North,2985.0
O004842,2025-07-08,C0496,P001,4,31.0,South,124.0
O004843,2026-02-19,C0003,P009,1,485.0,West,485.0
O004844,2025-01-10,C0184,P010,2,1132.0,West,2264.0
O004845,2025-04-24,C0335,P016,4,420.0,North,1680.0
O004846,2025-03-17,C0273,P018,4,1129.0,West,4516.0
O004847,2026-05-17,C0368,P014,1,1059.0,West,1059.0
O004848,2025-03-26,C0052,P011,3,508.0,West,1524.0
O004849,2025-02-18,C0263,P004,3,680.0,North,2040.0
O004850,2026-05-10,C0368,P019,4,269.0,West,1076.0
O004851,2026-01-22,C0133,P013,4,797.0,North,3188.0
O004852,2026-01-24,C0482,P001,3,31.0,East,93.0
O004853,2025-08-06,C0225,P019,3,269.0,South,807.0
O004854,2025-12-12,C0310,P015,2,730.0,South,1460.0
O004855,2025-08-18,C0061,P020,4,410.0,South,1640.0
O004856,2025-09-12,C0365,P015,4,730.0,West,2920.0
O004857,2025-08-24,C0016,P011,4,508.0,North,2032.0
O004858,2025-01-26,C0229,P005,3,1124.0,West,3372.0
O004859,2025-09-18,C0195,P010,1,1132.0,South,1132.0
O004860,2025-09-28,C0251,P018,2,1129.0,South,2258.0
O004861,2025-05-03,C0443,P007,3,995.0,South,2985.0
O004862,2025-09-14,C0303,P001,3,31.0,East,93.0
O004863,2026-02-25,C0048,P003,2,358.0,East,716.0
O004864,2025-09-16,C0235,P001,4,31.0,North,124.0
O004865,2025-02-16,C0121,P017,1,1000.0,West,1000.0
O004866,2026-06-09,C0499,P015,2,730.0,West,1460.0
O004867,2025-07-27,C0320,P005,1,1124.0,South,1124.0
O004868,2025-11-07,C0050,P016,4,420.0,North,1680.0
O004869,2025-05-29,C0469,P012,1,66.0,North,66.0
O004870,2026-03-14,C0041,P019,4,269.0,North,1076.0
O004871,2025-06-04,C0456,P014,3,1059.0,South,3177.0
O004872,2025-03-31,C0022,P003,4,358.0,North,1432.0
O004873,2025-12-24,C0371,P019,2,269.0,North,538.0
O004874,2025-06-23,C0182,P001,2,31.0,North,62.0
O004875,2025-08-05,C0005,P001,4,31.0,North,124.0
O004876,2026-04-01,C0145,P010,4,1132.0,South,4528.0
O004877,2025-07-18,C0357,P003,3,358.0,North,1074.0
O004878,2026-05-01,C0078,P013,3,797.0,North,2391.0
O004879,2026-06-17,C0231,P006,4,393.0,West,1572.0
O004880,2025-07-19,C0297,P011,1,508.0,West,508.0
O004881,2026-01-06,C0348,P006,3,393.0,North,1179.0
O004882,2026-03-24,C0479,P003,1,358.0,West,358.0
O004883,2025-09-05,C0209,P016,3,420.0,North,1260.0
O004884,2025-09-21,C0163,P009,3,485.0,East,1455.0
O004885,2025-02-27,C0168,P008,3,729.0,North,2187.0
O004886,2025-10-29,C0278,P003,3,358.0,East,1074.0
O004887,2025-01-31,C0237,P005,4,1124.0,South,4496.0
O004888,2026-05-13,C0176,P014,3,1059.0,North,3177.0
O004889,2025-09-06,C0053,P005,1,1124.0,West,1124.0
O004890,2025-09-28,C0349,P019,3,269.0,South,807.0
O004891,2026-01-29,C0010,P005,3,1124.0,West,3372.0
O004892,2026-05-17,C0146,P020,2,410.0,North,820.0
O004893,2025-03-25,C0227,P020,3,410.0,West,1230.0
O004894,2025-12-31,C0236,P002,2,235.0,West,470.0
O004895,2025-12-08,C0464,P007,2,995.0,East,1990.0
O004896,2026-02-11,C0242,P001,4,31.0,West,124.0
O004897,2026-03-01,C0305,P018,2,1129.0,West,2258.0
O004898,2025-04-03,C0071,P010,2,1132.0,West,2264.0
O004899,2026-02-16,C0158,P006,1,393.0,West,393.0
O004900,2026-03-08,C0019,P007,1,995.0,South,995.0
O004901,2025-06-08,C0055,P012,2,66.0,East,132.0
O004902,2025-01-14,C0444,P018,4,1129.0,South,4516.0
O004903,2026-01-08,C0215,P011,1,508.0,West,508.0
O004904,2025-08-13,C0456,P019,1,269.0,South,269.0
O004905,2026-05-20,C0209,P004,4,680.0,North,2720.0
O004906,2025-03-14,C0021,P019,3,269.0,East,807.0
O004907,2025-09-06,C0282,P013,1,797.0,South,797.0
O004908,2026-05-26,C0249,P019,2,269.0,West,538.0
O004909,2025-08-04,C0028,P002,2,235.0,East,470.0
O004910,2026-06-25,C0423,P009,2,485.0,North,970.0
O004911,2025-08-08,C0417,P008,4,729.0,South,2916.0
O004912,2025-08-09,C0296,P014,2,1059.0,East,2118.0
O004913,2026-01-24,C0211,P009,3,485.0,East,1455.0
O004914,2025-02-11,C0285,P013,4,797.0,East,3188.0
O004915,2025-10-10,C0020,P018,1,1129.0,South,1129.0
O004916,2025-02-27,C0020,P006,4,393.0,South,1572.0
O004917,2026-06-21,C0330,P003,2,358.0,North,716.0
O004918,2025-03-14,C0396,P010,4,1132.0,West,4528.0
O004919,2025-05-09,C0120,P010,4,1132.0,East,4528.0
O004920,2026-03-02,C0097,P010,4,1132.0,East,4528.0
O004921,2025-05-05,C0120,P009,4,485.0,East,1940.0
O004922,2025-03-08,C0025,P012,3,66.0,South,198.0
O004923,2025-01-06,C0153,P008,4,729.0,North,2916.0
O004924,2025-11-10,C0245,P009,2,485.0,North,970.0
O004925,2025-11-22,C0260,P017,1,1000.0,North,1000.0
O004926,2026-05-21,C0004,P008,3,729.0,East,2187.0
O004927,2025-03-23,C0393,P018,4,1129.0,South,4516.0
O004928,2025-01-02,C0143,P020,1,410.0,South,410.0
O004929,2025-07-23,C0282,P017,3,1000.0,South,3000.0
O004930,2026-02-08,C0335,P006,2,393.0,North,786.0
O004931,2025-04-13,C0346,P010,2,1132.0,East,2264.0
O004932,2026-06-20,C0220,P001,1,31.0,West,31.0
O004933,2026-01-03,C0327,P001,4,31.0,East,124.0
O004934,2025-07-31,C0160,P009,1,485.0,West,485.0
O004935,2025-07-28,C0076,P020,3,410.0,West,1230.0
O004936,2025-04-27,C0099,P003,1,358.0,North,358.0
O004937,2026-04-23,C0180,P006,1,393.0,North,393.0
O004938,2025-04-15,C0127,P007,4,995.0,West,3980.0
O004939,2026-05-10,C0032,P009,2,485.0,North,970.0
O004940,2025-02-15,C0265,P005,4,1124.0,West,4496.0
O004941,2025-11-27,C0334,P016,2,420.0,North,840.0
O004942,2025-08-04,C0013,P002,4,235.0,West,940.0
O004943,2026-05-07,C0440,P003,2,358.0,North,716.0
O004944,2026-03-25,C0380,P003,4,358.0,South,1432.0
O004945,2026-06-20,C0428,P020,2,410.0,West,820.0
O004946,2026-05-26,C0481,P010,2,1132.0,East,2264.0
O004947,2026-04-03,C0352,P003,1,358.0,West,358.0
O004948,2026-06-20,C0339,P015,2,730.0,South,1460.0
O004949,2026-06-24,C0414,P014,4,1059.0,East,4236.0
O004950,2026-04-29,C0400,P004,3,680.0,West,2040.0
O004951,2025-01-16,C0396,P010,2,1132.0,West,2264.0
O004952,2025-08-31,C0202,P011,2,508.0,North,1016.0
O004953,2025-07-26,C0450,P011,2,508.0,North,1016.0
O004954,2025-09-28,C0018,P008,2,729.0,East,1458.0
O004955,2025-04-25,C0397,P009,2,485.0,West,970.0
O004956,2025-10-26,C0093,P008,1,729.0,West,729.0
O004957,2026-04-28,C0280,P012,1,66.0,West,66.0
O004958,2026-02-01,C0358,P017,2,1000.0,East,2000.0
O004959,2026-01-29,C0396,P015,2,730.0,West,1460.0
O004960,2025-03-16,C0316,P019,2,269.0,East,538.0
O004961,2026-04-27,C0060,P020,3,410.0,South,1230.0
O004962,2025-04-13,C0477,P006,4,393.0,North,1572.0
O004963,2025-10-24,C0214,P005,2,1124.0,North,2248.0
O004964,2025-06-27,C0100,P008,3,729.0,North,2187.0
O004965,2025-08-03,C0001,P018,3,1129.0,South,3387.0
O004966,2025-11-11,C0043,P015,2,730.0,North,1460.0
O004967,2025-02-08,C0311,P003,4,358.0,South,1432.0
O004968,2025-09-16,C0168,P014,1,1059.0,North,1059.0
O004969,2025-01-07,C0192,P015,2,730.0,West,1460.0
O004970,2025-02-18,C0034,P013,2,797.0,West,1594.0
O004971,2026-06-22,C0034,P020,1,410.0,West,410.0
O004972,2025-06-10,C0176,P009,4,485.0,North,1940.0
O004973,2025-06-25,C0417,P017,1,1000.0,South,1000.0
O004974,2025-01-02,C0196,P019,2,269.0,South,538.0
O004975,2026-03-31,C0486,P004,2,680.0,West,1360.0
O004976,2025-10-03,C0158,P020,3,410.0,West,1230.0
O004977,2026-05-13,C0245,P010,1,1132.0,North,1132.0
O004978,2025-01-28,C0500,P003,3,358.0,West,1074.0
O004979,2025-11-29,C0366,P019,3,269.0,South,807.0
O004980,2025-01-01,C0340,P009,3,485.0,North,1455.0
O004981,2025-07-07,C0346,P005,3,1124.0,East,3372.0
O004982,2025-02-25,C0335,P014,1,1059.0,North,1059.0
O004983,2025-04-22,C0071,P007,1,995.0,West,995.0
O004984,2025-11-06,C0327,P006,1,393.0,East,393.0
O004985,2025-02-05,C0114,P008,2,729.0,West,1458.0
O004986,2026-03-15,C0285,P002,4,235.0,East,940.0
O004987,2025-11-21,C0407,P014,3,1059.0,South,3177.0
O004988,2025-11-03,C0418,P007,2,995.0,South,1990.0
O004989,2026-06-18,C0468,P003,1,358.0,West,358.0
O004990,2025-04-19,C0143,P020,1,410.0,South,410.0
O004991,2026-01-07,C0097,P006,2,393.0,East,786.0
O004992,2025-12-23,C0309,P014,3,1059.0,West,3177.0
O004993,2025-06-30,C0401,P012,1,66.0,North,66.0
O004994,2025-12-22,C0320,P018,3,1129.0,South,3387.0
O004995,2025-03-09,C0212,P012,3,66.0,East,198.0
O004996,2025-10-19,C0317,P007,4,995.0,South,3980.0
O004997,2025-06-30,C0185,P005,1,1124.0,South,1124.0
O004998,2026-04-11,C0205,P012,2,66.0,East,132.0
O004999,2026-03-10,C0364,P009,4,485.0,East,1940.0
O005000,2026-04-09,C0216,P011,3,508.0,North,1524.0
O005001,2026-06-18,C0246,P004,2,680.0,West,1360.0
O005002,2025-03-07,C0239,P014,4,1059.0,East,4236.0
O005003,2025-01-21,C0293,P012,4,66.0,West,264.0
O005004,2026-01-19,C0391,P018,4,1129.0,West,4516.0
O005005,2025-02-08,C0008,P007,3,995.0,West,2985.0
O005006,2025-10-12,C0471,P001,3,31.0,North,93.0
O005007,2025-12-02,C0078,P013,1,797.0,North,797.0
O005008,2025-07-07,C0324,P016,4,420.0,South,1680.0
O005009,2025-08-31,C0277,P005,2,1124.0,West,2248.0
O005010,2025-03-14,C0445,P019,3,269.0,West,807.0
O005011,2026-04-24,C0494,P009,4,485.0,North,1940.0
O005012,2025-04-11,C0202,P009,2,485.0,North,970.0
O005013,2026-05-29,C0214,P012,3,66.0,North,198.0
O005014,2025-06-25,C0094,P018,2,1129.0,East,2258.0
O005015,2025-08-26,C0478,P010,2,1132.0,East,2264.0
O005016,2025-02-28,C0464,P017,1,1000.0,East,1000.0
O005017,2025-04-09,C0075,P019,3,269.0,West,807.0
O005018,2026-05-10,C0470,P011,3,508.0,West,1524.0
O005019,2026-05-29,C0157,P016,3,420.0,East,1260.0
O005020,2025-10-24,C0153,P008,3,729.0,North,2187.0
O005021,2025-07-30,C0442,P015,1,730.0,West,730.0
O005022,2025-05-03,C0142,P011,1,508.0,South,508.0
O005023,2025-08-17,C0078,P007,4,995.0,North,3980.0
O005024,2026-01-23,C0322,P002,3,235.0,West,705.0
O005025,2025-05-20,C0182,P019,2,269.0,North,538.0
O005026,2026-06-25,C0461,P009,1,485.0,North,485.0
O005027,2026-01-26,C0195,P018,2,1129.0,South,2258.0
O005028,2025-09-27,C0158,P013,2,797.0,West,1594.0
O005029,2025-01-12,C0146,P001,2,31.0,North,62.0
O005030,2026-01-24,C0054,P019,4,269.0,West,1076.0
O005031,2025-12-03,C0356,P013,4,797.0,East,3188.0
O005032,2026-05-21,C0277,P014,3,1059.0,West,3177.0
O005033,2025-04-16,C0309,P017,1,1000.0,West,1000.0
O005034,2025-02-01,C0083,P020,3,410.0,South,1230.0
O005035,2025-03-15,C0400,P001,4,31.0,West,124.0
O005036,2025-06-20,C0156,P005,4,1124.0,North,4496.0
O005037,2025-03-10,C0004,P020,2,410.0,East,820.0
O005038,2025-12-28,C0499,P014,3,1059.0,West,3177.0
O005039,2026-03-09,C0311,P018,2,1129.0,South,2258.0
O005040,2025-04-10,C0271,P013,4,797.0,West,3188.0
O005041,2025-01-09,C0064,P012,3,66.0,South,198.0
O005042,2025-01-29,C0449,P015,3,730.0,South,2190.0
O005043,2025-04-24,C0112,P004,1,680.0,North,680.0
O005044,2026-04-07,C0239,P009,4,485.0,East,1940.0
O005045,2025-05-23,C0144,P003,4,358.0,South,1432.0
O005046,2026-01-25,C0374,P011,1,508.0,East,508.0
O005047,2025-06-06,C0020,P015,4,730.0,South,2920.0
O005048,2025-12-01,C0064,P016,2,420.0,South,840.0
O005049,2025-09-17,C0289,P007,2,995.0,South,1990.0
O005050,2025-03-23,C0081,P007,2,995.0,West,1990.0
O005051,2026-03-17,C0197,P009,3,485.0,West,1455.0
O005052,2025-06-21,C0382,P017,2,1000.0,East,2000.0
O005053,2025-08-19,C0069,P013,4,797.0,North,3188.0
O005054,2025-03-16,C0186,P009,1,485.0,East,485.0
O005055,2025-09-27,C0167,P009,2,485.0,South,970.0
O005056,2025-03-03,C0205,P020,2,410.0,East,820.0
O005057,2025-11-16,C0492,P012,3,66.0,East,198.0
O005058,2025-04-12,C0164,P019,4,269.0,East,1076.0
O005059,2026-03-05,C0094,P015,1,730.0,East,730.0
O005060,2025-09-12,C0249,P018,4,1129.0,West,4516.0
O005061,2026-06-16,C0068,P008,2,729.0,West,1458.0
O005062,2025-04-22,C0343,P006,4,393.0,North,1572.0
O005063,2025-11-09,C0021,P006,1,393.0,East,393.0
O005064,2026-04-06,C0319,P003,2,358.0,North,716.0
O005065,2026-04-07,C0085,P003,4,358.0,South,1432.0
O005066,2025-04-02,C0390,P002,1,235.0,West,235.0
O005067,2025-02-21,C0024,P005,2,1124.0,South,2248.0
O005068,2026-06-04,C0111,P020,2,410.0,South,820.0
O005069,2025-04-08,C0437,P012,4,66.0,North,264.0
O005070,2025-08-24,C0351,P006,3,393.0,East,1179.0
O005071,2026-01-09,C0083,P016,3,420.0,South,1260.0
O005072,2025-08-22,C0358,P005,1,1124.0,East,1124.0
O005073,2025-02-01,C0460,P006,4,393.0,North,1572.0
O005074,2025-10-16,C0078,P004,1,680.0,North,680.0
O005075,2026-06-26,C0434,P014,4,1059.0,North,4236.0
O005076,2025-04-24,C0380,P003,1,358.0,South,358.0
O005077,2025-07-23,C0140,P017,1,1000.0,West,1000.0
O005078,2025-01-29,C0440,P005,4,1124.0,North,4496.0
O005079,2026-04-19,C0376,P006,3,393.0,South,1179.0
O005080,2025-09-10,C0271,P020,1,410.0,West,410.0
O005081,2026-01-21,C0339,P004,4,680.0,South,2720.0
O005082,2025-03-03,C0476,P013,4,797.0,West,3188.0
O005083,2026-05-30,C0424,P008,4,729.0,South,2916.0
O005084,2026-03-06,C0169,P011,2,508.0,North,1016.0
O005085,2026-06-21,C0197,P019,4,269.0,West,1076.0
O005086,2025-05-21,C0453,P005,4,1124.0,South,4496.0
O005087,2025-10-27,C0262,P005,2,1124.0,West,2248.0
O005088,2025-11-07,C0215,P003,2,358.0,West,716.0
O005089,2026-04-16,C0067,P002,3,235.0,North,705.0
O005090,2026-01-28,C0229,P003,4,358.0,West,1432.0
O005091,2026-03-21,C0161,P015,1,730.0,South,730.0
O005092,2025-06-21,C0427,P007,2,995.0,South,1990.0
O005093,2025-01-31,C0122,P003,2,358.0,West,716.0
O005094,2025-02-16,C0149,P015,3,730.0,North,2190.0
O005095,2025-05-10,C0340,P011,3,508.0,North,1524.0
O005096,2025-12-18,C0193,P016,3,420.0,West,1260.0
O005097,2025-02-27,C0231,P013,4,797.0,West,3188.0
O005098,2025-04-16,C0111,P002,4,235.0,South,940.0
O005099,2025-11-26,C0145,P020,4,410.0,South,1640.0
O005100,2026-01-18,C0221,P012,2,66.0,East,132.0
O005101,2025-06-11,C0392,P007,3,995.0,South,2985.0
O005102,2025-10-13,C0064,P001,2,31.0,South,62.0
O005103,2025-03-12,C0126,P014,1,1059.0,South,1059.0
O005104,2026-03-30,C0218,P010,4,1132.0,West,4528.0
O005105,2026-02-01,C0284,P003,2,358.0,North,716.0
O005106,2026-05-30,C0354,P011,1,508.0,North,508.0
O005107,2025-01-26,C0474,P020,2,410.0,West,820.0
O005108,2025-11-09,C0397,P015,1,730.0,West,730.0
O005109,2025-05-06,C0236,P006,2,393.0,West,786.0
O005110,2026-02-12,C0485,P018,2,1129.0,East,2258.0
O005111,2025-07-17,C0013,P013,4,797.0,West,3188.0
O005112,2025-07-07,C0422,P015,2,730.0,West,1460.0
O005113,2026-04-29,C0153,P003,2,358.0,North,716.0
O005114,2026-03-26,C0239,P015,3,730.0,East,2190.0
O005115,2026-06-07,C0190,P001,2,31.0,North,62.0
O005116,2025-12-20,C0151,P010,4,1132.0,West,4528.0
O005117,2025-04-10,C0086,P018,2,1129.0,South,2258.0
O005118,2025-10-05,C0021,P008,4,729.0,East,2916.0
O005119,2026-05-06,C0182,P012,3,66.0,North,198.0
O005120,2025-09-12,C0319,P005,4,1124.0,North,4496.0
O005121,2026-01-16,C0158,P001,3,31.0,West,93.0
O005122,2026-06-26,C0459,P008,3,729.0,North,2187.0
O005123,2025-09-21,C0452,P005,3,1124.0,East,3372.0
O005124,2025-11-25,C0481,P017,3,1000.0,East,3000.0
O005125,2025-04-25,C0367,P015,3,730.0,West,2190.0
O005126,2025-10-03,C0076,P004,4,680.0,West,2720.0
O005127,2026-05-03,C0329,P013,3,797.0,South,2391.0
O005128,2025-10-08,C0416,P017,3,1000.0,South,3000.0
O005129,2025-10-02,C0203,P013,3,797.0,North,2391.0
O005130,2025-11-24,C0229,P002,3,235.0,West,705.0
O005131,2025-07-30,C0152,P004,3,680.0,North,2040.0
O005132,2025-01-26,C0263,P002,1,235.0,North,235.0
O005133,2025-01-27,C0072,P012,2,66.0,North,132.0
O005134,2025-03-24,C0225,P019,2,269.0,South,538.0
O005135,2026-02-17,C0473,P018,3,1129.0,North,3387.0
O005136,2025-06-16,C0385,P010,3,1132.0,West,3396.0
O005137,2025-06-18,C0131,P005,1,1124.0,South,1124.0
O005138,2025-08-17,C0360,P011,3,508.0,East,1524.0
O005139,2026-01-02,C0028,P001,1,31.0,East,31.0
O005140,2026-06-12,C0299,P003,2,358.0,East,716.0
O005141,2026-06-22,C0097,P017,4,1000.0,East,4000.0
O005142,2026-06-08,C0046,P015,2,730.0,East,1460.0
O005143,2025-03-13,C0001,P014,4,1059.0,South,4236.0
O005144,2025-04-16,C0166,P015,4,730.0,West,2920.0
O005145,2025-10-09,C0245,P016,4,420.0,North,1680.0
O005146,2025-05-13,C0219,P004,3,680.0,East,2040.0
O005147,2026-06-18,C0102,P019,1,269.0,East,269.0
O005148,2025-09-26,C0291,P008,4,729.0,North,2916.0
O005149,2026-02-16,C0458,P006,1,393.0,South,393.0
O005150,2025-01-18,C0204,P016,2,420.0,West,840.0
O005151,2025-04-27,C0202,P003,4,358.0,North,1432.0
O005152,2025-05-24,C0054,P008,2,729.0,West,1458.0
O005153,2026-02-26,C0482,P005,1,1124.0,East,1124.0
O005154,2026-01-04,C0280,P005,1,1124.0,West,1124.0
O005155,2025-02-19,C0412,P012,2,66.0,West,132.0
O005156,2025-04-16,C0278,P001,1,31.0,East,31.0
O005157,2025-08-04,C0493,P007,2,995.0,South,1990.0
O005158,2026-03-01,C0016,P011,1,508.0,North,508.0
O005159,2025-03-13,C0013,P010,3,1132.0,West,3396.0
O005160,2026-03-22,C0356,P003,2,358.0,East,716.0
O005161,2025-07-05,C0356,P008,4,729.0,East,2916.0
O005162,2025-03-11,C0318,P001,4,31.0,North,124.0
O005163,2025-05-30,C0427,P008,4,729.0,South,2916.0
O005164,2025-09-03,C0087,P020,1,410.0,West,410.0
O005165,2026-06-22,C0078,P011,2,508.0,North,1016.0
O005166,2025-04-09,C0416,P007,1,995.0,South,995.0
O005167,2025-10-05,C0067,P016,4,420.0,North,1680.0
O005168,2026-03-31,C0347,P007,3,995.0,East,2985.0
O005169,2025-04-14,C0211,P013,4,797.0,East,3188.0
O005170,2025-08-21,C0214,P010,4,1132.0,North,4528.0
O005171,2026-01-29,C0185,P017,4,1000.0,South,4000.0
O005172,2026-05-16,C0449,P003,3,358.0,South,1074.0
O005173,2025-09-08,C0453,P007,3,995.0,South,2985.0
O005174,2026-06-05,C0433,P011,2,508.0,East,1016.0
O005175,2025-03-20,C0033,P013,3,797.0,North,2391.0
O005176,2025-02-21,C0115,P005,2,1124.0,East,2248.0
O005177,2025-08-14,C0275,P019,3,269.0,East,807.0
O005178,2025-02-20,C0420,P015,2,730.0,West,1460.0
O005179,2025-07-05,C0499,P001,4,31.0,West,124.0
O005180,2025-02-03,C0198,P005,3,1124.0,West,3372.0
O005181,2025-05-11,C0380,P013,1,797.0,South,797.0
O005182,2026-03-19,C0143,P010,1,1132.0,South,1132.0
O005183,2026-03-08,C0228,P005,2,1124.0,South,2248.0
O005184,2026-05-12,C0120,P001,3,31.0,East,93.0
O005185,2026-02-07,C0353,P010,3,1132.0,East,3396.0
O005186,2025-11-19,C0024,P018,1,1129.0,South,1129.0
O005187,2025-07-29,C0027,P008,3,729.0,North,2187.0
O005188,2025-11-25,C0433,P020,3,410.0,East,1230.0
O005189,2026-01-07,C0075,P003,2,358.0,West,716.0
O005190,2026-04-05,C0241,P019,4,269.0,West,1076.0
O005191,2025-05-13,C0023,P019,1,269.0,South,269.0
O005192,2025-05-01,C0161,P002,4,235.0,South,940.0
O005193,2026-03-28,C0041,P017,3,1000.0,North,3000.0
O005194,2025-05-09,C0238,P016,3,420.0,North,1260.0
O005195,2025-04-01,C0239,P010,2,1132.0,East,2264.0
O005196,2025-01-29,C0056,P016,4,420.0,West,1680.0
O005197,2026-06-08,C0413,P005,4,1124.0,West,4496.0
O005198,2025-11-29,C0415,P020,2,410.0,East,820.0
O005199,2025-10-24,C0449,P003,4,358.0,South,1432.0
O005200,2025-05-10,C0098,P003,2,358.0,South,716.0
O005201,2025-10-20,C0146,P002,2,235.0,North,470.0
O005202,2025-06-22,C0466,P004,3,680.0,South,2040.0
O005203,2025-01-24,C0262,P018,3,1129.0,West,3387.0
O005204,2025-04-09,C0436,P002,3,235.0,West,705.0
O005205,2026-02-10,C0040,P006,2,393.0,South,786.0
O005206,2025-12-22,C0193,P003,3,358.0,West,1074.0
O005207,2025-05-19,C0239,P003,1,358.0,East,358.0
O005208,2026-05-18,C0042,P002,1,235.0,South,235.0
O005209,2025-06-23,C0222,P003,3,358.0,East,1074.0
O005210,2025-01-29,C0196,P017,2,1000.0,South,2000.0
O005211,2026-05-11,C0288,P014,1,1059.0,East,1059.0
O005212,2025-12-17,C0010,P007,3,995.0,West,2985.0
O005213,2025-10-26,C0235,P006,1,393.0,North,393.0
O005214,2025-07-11,C0325,P008,1,729.0,West,729.0
O005215,2025-03-05,C0265,P019,1,269.0,West,269.0
O005216,2025-08-03,C0069,P019,4,269.0,North,1076.0
O005217,2025-06-15,C0445,P012,1,66.0,West,66.0
O005218,2026-06-27,C0139,P005,3,1124.0,South,3372.0
O005219,2025-08-20,C0355,P005,1,1124.0,North,1124.0
O005220,2026-06-25,C0219,P014,3,1059.0,East,3177.0
O005221,2025-07-14,C0196,P017,1,1000.0,South,1000.0
O005222,2026-05-21,C0074,P016,1,420.0,West,420.0
O005223,2025-11-30,C0103,P004,4,680.0,South,2720.0
O005224,2025-10-31,C0225,P008,1,729.0,South,729.0
O005225,2026-03-13,C0123,P003,3,358.0,South,1074.0
O005226,2025-11-19,C0102,P005,4,1124.0,East,4496.0
O005227,2026-05-17,C0264,P007,4,995.0,East,3980.0
O005228,2026-01-28,C0433,P018,1,1129.0,East,1129.0
O005229,2025-05-29,C0408,P008,1,729.0,North,729.0
O005230,2026-02-09,C0487,P011,2,508.0,North,1016.0
O005231,2025-10-10,C0161,P014,1,1059.0,South,1059.0
O005232,2025-12-28,C0233,P018,2,1129.0,East,2258.0
O005233,2026-01-14,C0491,P013,3,797.0,South,2391.0
O005234,2025-07-17,C0275,P006,1,393.0,East,393.0
O005235,2025-12-22,C0258,P013,1,797.0,East,797.0
O005236,2026-06-24,C0311,P001,2,31.0,South,62.0
O005237,2026-03-05,C0139,P011,2,508.0,South,1016.0
O005238,2025-01-17,C0227,P007,4,995.0,West,3980.0
O005239,2026-01-14,C0273,P010,4,1132.0,West,4528.0
O005240,2026-05-21,C0426,P002,1,235.0,East,235.0
O005241,2025-03-17,C0317,P016,3,420.0,South,1260.0
O005242,2025-08-19,C0387,P005,4,1124.0,South,4496.0
O005243,2025-09-05,C0086,P016,4,420.0,South,1680.0
O005244,2025-10-29,C0291,P016,4,420.0,North,1680.0
O005245,2025-08-03,C0469,P015,2,730.0,North,1460.0
O005246,2025-06-07,C0217,P009,1,485.0,South,485.0
O005247,2025-03-10,C0359,P001,2,31.0,West,62.0
O005248,2026-01-28,C0066,P009,3,485.0,East,1455.0
O005249,2025-03-26,C0257,P011,2,508.0,West,1016.0
O005250,2025-09-24,C0135,P005,1,1124.0,West,1124.0
O005251,2025-03-10,C0404,P006,2,393.0,West,786.0
O005252,2025-12-13,C0427,P008,3,729.0,South,2187.0
O005253,2026-02-27,C0375,P015,1,730.0,North,730.0
O005254,2025-06-23,C0390,P016,1,420.0,West,420.0
O005255,2025-04-25,C0055,P018,1,1129.0,East,1129.0
O005256,2025-08-08,C0356,P012,1,66.0,East,66.0
O005257,2025-01-31,C0243,P004,3,680.0,West,2040.0
O005258,2026-06-07,C0252,P016,1,420.0,South,420.0
O005259,2025-12-09,C0021,P011,3,508.0,East,1524.0
O005260,2026-01-12,C0307,P007,3,995.0,East,2985.0
O005261,2025-05-10,C0430,P015,2,730.0,North,1460.0
O005262,2026-06-23,C0163,P017,2,1000.0,East,2000.0
O005263,2025-01-02,C0356,P015,1,730.0,East,730.0
O005264,2025-04-11,C0264,P010,4,1132.0,East,4528.0
O005265,2026-06-17,C0498,P004,4,680.0,North,2720.0
O005266,2025-02-27,C0068,P017,1,1000.0,West,1000.0
O005267,2026-01-24,C0107,P004,3,680.0,South,2040.0
O005268,2025-12-07,C0400,P011,2,508.0,West,1016.0
O005269,2025-01-20,C0067,P004,1,680.0,North,680.0
O005270,2025-09-12,C0199,P012,1,66.0,West,66.0
O005271,2025-11-13,C0192,P010,3,1132.0,West,3396.0
O005272,2025-02-07,C0002,P014,2,1059.0,West,2118.0
O005273,2026-06-21,C0257,P018,4,1129.0,West,4516.0
O005274,2026-01-21,C0442,P006,4,393.0,West,1572.0
O005275,2025-01-26,C0001,P005,1,1124.0,South,1124.0
O005276,2026-03-30,C0358,P002,1,235.0,East,235.0
O005277,2025-11-19,C0115,P013,1,797.0,East,797.0
O005278,2026-05-28,C0391,P014,1,1059.0,West,1059.0
O005279,2025-01-13,C0088,P003,1,358.0,East,358.0
O005280,2026-01-06,C0197,P011,4,508.0,West,2032.0
O005281,2025-10-18,C0469,P004,1,680.0,North,680.0
O005282,2025-11-28,C0092,P013,2,797.0,West,1594.0
O005283,2025-09-18,C0274,P008,3,729.0,West,2187.0
O005284,2025-07-24,C0344,P008,4,729.0,South,2916.0
O005285,2026-01-22,C0160,P013,3,797.0,West,2391.0
O005286,2026-04-13,C0173,P010,3,1132.0,East,3396.0
O005287,2026-02-19,C0033,P013,1,797.0,North,797.0
O005288,2025-03-10,C0458,P013,3,797.0,South,2391.0
O005289,2026-04-17,C0073,P017,2,1000.0,North,2000.0
O005290,2025-04-14,C0433,P006,1,393.0,East,393.0
O005291,2025-06-10,C0417,P002,4,235.0,South,940.0
O005292,2025-07-19,C0481,P017,2,1000.0,East,2000.0
O005293,2025-08-04,C0455,P012,4,66.0,North,264.0
O005294,2025-07-31,C0196,P006,1,393.0,South,393.0
O005295,2026-05-23,C0284,P005,1,1124.0,North,1124.0
O005296,2025-01-16,C0087,P005,4,1124.0,West,4496.0
O005297,2026-05-13,C0309,P009,3,485.0,West,1455.0
O005298,2025-11-28,C0224,P003,4,358.0,South,1432.0
O005299,2025-09-13,C0044,P020,2,410.0,West,820.0
O005300,2025-06-21,C0336,P005,3,1124.0,North,3372.0
O005301,2026-05-13,C0494,P007,1,995.0,North,995.0
O005302,2026-04-16,C0439,P012,2,66.0,West,132.0
O005303,2026-01-19,C0138,P007,2,995.0,West,1990.0
O005304,2026-05-22,C0270,P010,1,1132.0,South,1132.0
O005305,2026-06-11,C0359,P008,3,729.0,West,2187.0
O005306,2025-11-21,C0036,P017,1,1000.0,West,1000.0
O005307,2025-08-02,C0034,P005,2,1124.0,West,2248.0
O005308,2025-07-27,C0088,P015,2,730.0,East,1460.0
O005309,2025-06-18,C0146,P009,2,485.0,North,970.0
O005310,2025-11-26,C0016,P011,1,508.0,North,508.0
O005311,2025-10-07,C0233,P013,4,797.0,East,3188.0
O005312,2025-11-01,C0421,P018,2,1129.0,West,2258.0
O005313,2025-05-26,C0041,P017,2,1000.0,North,2000.0
O005314,2026-05-31,C0255,P009,3,485.0,North,1455.0
O005315,2025-03-31,C0281,P010,4,1132.0,West,4528.0
O005316,2026-03-29,C0126,P005,3,1124.0,South,3372.0
O005317,2025-03-01,C0008,P011,2,508.0,West,1016.0
O005318,2025-11-07,C0472,P015,4,730.0,West,2920.0
O005319,2026-06-12,C0468,P002,1,235.0,West,235.0
O005320,2025-08-15,C0368,P020,1,410.0,West,410.0
O005321,2026-04-19,C0350,P014,3,1059.0,East,3177.0
O005322,2026-06-25,C0340,P005,4,1124.0,North,4496.0
O005323,2025-03-20,C0402,P006,3,393.0,West,1179.0
O005324,2026-03-09,C0324,P015,4,730.0,South,2920.0
O005325,2025-06-02,C0176,P004,4,680.0,North,2720.0
O005326,2026-02-05,C0228,P010,3,1132.0,South,3396.0
O005327,2025-10-06,C0454,P019,3,269.0,West,807.0
O005328,2025-02-26,C0323,P009,1,485.0,East,485.0
O005329,2025-07-05,C0402,P010,3,1132.0,West,3396.0
O005330,2026-02-02,C0367,P004,4,680.0,West,2720.0
O005331,2025-06-07,C0488,P004,2,680.0,South,1360.0
O005332,2025-12-25,C0018,P006,3,393.0,East,1179.0
O005333,2026-03-16,C0056,P008,3,729.0,West,2187.0
O005334,2026-04-11,C0407,P016,4,420.0,South,1680.0
O005335,2026-03-22,C0035,P008,2,729.0,West,1458.0
O005336,2026-05-03,C0390,P016,1,420.0,West,420.0
O005337,2026-06-14,C0118,P006,2,393.0,North,786.0
O005338,2025-03-14,C0282,P017,4,1000.0,South,4000.0
O005339,2025-01-17,C0254,P001,4,31.0,South,124.0
O005340,2026-06-15,C0213,P019,4,269.0,East,1076.0
O005341,2025-11-22,C0061,P018,4,1129.0,South,4516.0
O005342,2026-06-30,C0088,P017,2,1000.0,East,2000.0
O005343,2025-07-21,C0271,P017,2,1000.0,West,2000.0
O005344,2025-12-10,C0347,P012,2,66.0,East,132.0
O005345,2026-06-07,C0032,P012,3,66.0,North,198.0
O005346,2026-02-04,C0396,P006,4,393.0,West,1572.0
O005347,2025-08-06,C0133,P007,3,995.0,North,2985.0
O005348,2026-03-21,C0064,P008,3,729.0,South,2187.0
O005349,2025-08-10,C0199,P003,3,358.0,West,1074.0
O005350,2026-01-18,C0256,P017,1,1000.0,East,1000.0
O005351,2025-01-07,C0342,P008,3,729.0,South,2187.0
O005352,2025-09-29,C0155,P011,4,508.0,West,2032.0
O005353,2025-01-16,C0463,P020,3,410.0,West,1230.0
O005354,2026-02-28,C0231,P018,4,1129.0,West,4516.0
O005355,2026-06-08,C0301,P016,1,420.0,North,420.0
O005356,2025-01-21,C0035,P013,2,797.0,West,1594.0
O005357,2025-08-16,C0026,P009,4,485.0,West,1940.0
O005358,2025-10-15,C0023,P019,3,269.0,South,807.0
O005359,2025-05-14,C0141,P007,4,995.0,West,3980.0
O005360,2025-10-10,C0474,P017,3,1000.0,West,3000.0
O005361,2026-02-08,C0387,P008,2,729.0,South,1458.0
O005362,2025-03-07,C0285,P008,4,729.0,East,2916.0
O005363,2026-03-13,C0450,P003,3,358.0,North,1074.0
O005364,2025-09-16,C0320,P016,4,420.0,South,1680.0
O005365,2025-04-13,C0156,P012,2,66.0,North,132.0
O005366,2025-04-11,C0471,P015,2,730.0,North,1460.0
O005367,2025-07-17,C0420,P004,2,680.0,West,1360.0
O005368,2025-08-14,C0113,P007,4,995.0,West,3980.0
O005369,2026-04-08,C0390,P011,4,508.0,West,2032.0
O005370,2025-08-25,C0139,P005,3,1124.0,South,3372.0
O005371,2025-01-26,C0422,P013,2,797.0,West,1594.0
O005372,2025-05-01,C0374,P011,3,508.0,East,1524.0
O005373,2026-05-21,C0418,P005,4,1124.0,South,4496.0
O005374,2025-07-01,C0209,P008,1,729.0,North,729.0
O005375,2026-06-27,C0323,P017,2,1000.0,East,2000.0
O005376,2025-11-11,C0364,P011,3,508.0,East,1524.0
O005377,2025-09-30,C0430,P019,2,269.0,North,538.0
O005378,2025-08-20,C0482,P018,3,1129.0,East,3387.0
O005379,2026-02-24,C0086,P010,3,1132.0,South,3396.0
O005380,2026-03-18,C0285,P005,1,1124.0,East,1124.0
O005381,2026-05-11,C0060,P001,4,31.0,South,124.0
O005382,2025-01-24,C0054,P017,2,1000.0,West,2000.0
O005383,2025-04-19,C0093,P017,4,1000.0,West,4000.0
O005384,2026-05-17,C0325,P001,1,31.0,West,31.0
O005385,2025-01-25,C0458,P001,4,31.0,South,124.0
O005386,2025-07-06,C0458,P009,1,485.0,South,485.0
O005387,2025-10-15,C0373,P004,4,680.0,North,2720.0
O005388,2025-12-04,C0265,P009,3,485.0,West,1455.0
O005389,2025-02-06,C0382,P014,3,1059.0,East,3177.0
O005390,2025-05-17,C0213,P015,1,730.0,East,730.0
O005391,2026-05-23,C0333,P016,2,420.0,North,840.0
O005392,2025-08-15,C0010,P016,1,420.0,West,420.0
O005393,2025-11-16,C0358,P013,2,797.0,East,1594.0
O005394,2025-07-01,C0203,P014,3,1059.0,North,3177.0
O005395,2025-03-27,C0196,P009,4,485.0,South,1940.0
O005396,2026-04-12,C0058,P009,3,485.0,North,1455.0
O005397,2025-02-22,C0494,P004,1,680.0,North,680.0
O005398,2025-08-23,C0256,P010,1,1132.0,East,1132.0
O005399,2026-03-09,C0223,P003,4,358.0,North,1432.0
O005400,2026-05-11,C0369,P009,1,485.0,North,485.0
O005401,2025-04-10,C0180,P019,3,269.0,North,807.0
O005402,2026-02-07,C0418,P016,4,420.0,South,1680.0
O005403,2026-01-31,C0362,P016,2,420.0,East,840.0
O005404,2026-06-11,C0035,P017,1,1000.0,West,1000.0
O005405,2026-02-19,C0359,P018,2,1129.0,West,2258.0
O005406,2026-04-08,C0103,P010,4,1132.0,South,4528.0
O005407,2026-06-25,C0161,P019,1,269.0,South,269.0
O005408,2025-12-30,C0200,P015,4,730.0,West,2920.0
O005409,2025-05-10,C0160,P015,1,730.0,West,730.0
O005410,2025-03-25,C0183,P011,1,508.0,West,508.0
O005411,2025-09-28,C0353,P008,1,729.0,East,729.0
O005412,2025-09-01,C0136,P016,4,420.0,South,1680.0
O005413,2026-01-23,C0430,P010,4,1132.0,North,4528.0
O005414,2025-08-02,C0398,P009,3,485.0,South,1455.0
O005415,2025-06-15,C0226,P015,3,730.0,North,2190.0
O005416,2025-02-28,C0392,P005,4,1124.0,South,4496.0
O005417,2026-05-19,C0243,P020,4,410.0,West,1640.0
O005418,2025-05-03,C0106,P002,1,235.0,North,235.0
O005419,2026-02-17,C0071,P016,3,420.0,West,1260.0
O005420,2025-05-19,C0077,P018,3,1129.0,West,3387.0
O005421,2025-08-17,C0054,P016,4,420.0,West,1680.0
O005422,2025-10-01,C0277,P005,3,1124.0,West,3372.0
O005423,2026-03-15,C0111,P001,4,31.0,South,124.0
O005424,2025-04-28,C0224,P019,3,269.0,South,807.0
O005425,2026-04-28,C0075,P010,2,1132.0,West,2264.0
O005426,2026-01-30,C0014,P013,2,797.0,North,1594.0
O005427,2026-04-05,C0459,P011,3,508.0,North,1524.0
O005428,2025-03-19,C0258,P015,4,730.0,East,2920.0
O005429,2026-02-16,C0482,P002,2,235.0,East,470.0
O005430,2025-03-16,C0189,P006,1,393.0,East,393.0
O005431,2025-10-22,C0364,P011,4,508.0,East,2032.0
O005432,2025-01-21,C0239,P015,2,730.0,East,1460.0
O005433,2025-06-20,C0401,P009,1,485.0,North,485.0
O005434,2025-01-15,C0334,P012,2,66.0,North,132.0
O005435,2025-07-30,C0473,P004,2,680.0,North,1360.0
O005436,2025-03-27,C0304,P014,1,1059.0,East,1059.0
O005437,2025-05-29,C0091,P003,1,358.0,North,358.0
O005438,2026-01-07,C0392,P017,3,1000.0,South,3000.0
O005439,2026-04-25,C0184,P013,2,797.0,West,1594.0
O005440,2025-05-31,C0017,P008,1,729.0,South,729.0
O005441,2025-05-21,C0453,P012,3,66.0,South,198.0
O005442,2025-03-10,C0012,P012,1,66.0,West,66.0
O005443,2025-09-17,C0166,P012,3,66.0,West,198.0
O005444,2026-06-05,C0146,P002,3,235.0,North,705.0
O005445,2026-01-06,C0282,P010,1,1132.0,South,1132.0
O005446,2026-02-23,C0479,P009,1,485.0,West,485.0
O005447,2025-04-11,C0037,P001,2,31.0,South,62.0
O005448,2025-08-31,C0070,P004,2,680.0,West,1360.0
O005449,2026-05-27,C0169,P014,3,1059.0,North,3177.0
O005450,2025-04-05,C0335,P016,1,420.0,North,420.0
O005451,2025-08-14,C0170,P018,2,1129.0,East,2258.0
O005452,2026-06-02,C0497,P002,3,235.0,East,705.0
O005453,2025-08-02,C0253,P006,2,393.0,West,786.0
O005454,2025-03-08,C0346,P003,3,358.0,East,1074.0
O005455,2026-01-31,C0499,P020,2,410.0,West,820.0
O005456,2025-01-12,C0460,P019,1,269.0,North,269.0
O005457,2025-08-25,C0297,P013,4,797.0,West,3188.0
O005458,2026-02-03,C0431,P017,4,1000.0,North,4000.0
O005459,2026-02-11,C0142,P014,3,1059.0,South,3177.0
O005460,2026-04-25,C0385,P011,4,508.0,West,2032.0
O005461,2025-08-10,C0273,P016,4,420.0,West,1680.0
O005462,2025-06-05,C0225,P011,3,508.0,South,1524.0
O005463,2026-03-04,C0183,P018,4,1129.0,West,4516.0
O005464,2025-06-07,C0221,P002,2,235.0,East,470.0
O005465,2026-02-20,C0053,P008,2,729.0,West,1458.0
O005466,2025-11-22,C0118,P014,2,1059.0,North,2118.0
O005467,2026-01-06,C0365,P002,1,235.0,West,235.0
O005468,2025-12-10,C0159,P013,2,797.0,North,1594.0
O005469,2025-09-19,C0446,P010,4,1132.0,West,4528.0
O005470,2025-10-10,C0136,P008,4,729.0,South,2916.0
O005471,2025-08-17,C0414,P007,2,995.0,East,1990.0
O005472,2025-10-07,C0077,P013,1,797.0,West,797.0
O005473,2025-10-17,C0336,P019,2,269.0,North,538.0
O005474,2025-02-16,C0450,P015,1,730.0,North,730.0
O005475,2025-08-02,C0045,P002,1,235.0,South,235.0
O005476,2025-01-24,C0018,P005,2,1124.0,East,2248.0
O005477,2025-11-17,C0355,P019,1,269.0,North,269.0
O005478,2025-10-01,C0429,P001,4,31.0,South,124.0
O005479,2025-11-09,C0403,P007,2,995.0,East,1990.0
O005480,2025-12-29,C0205,P018,4,1129.0,East,4516.0
O005481,2026-01-15,C0499,P001,1,31.0,West,31.0
O005482,2026-04-15,C0324,P001,3,31.0,South,93.0
O005483,2025-04-26,C0083,P007,2,995.0,South,1990.0
O005484,2025-02-11,C0050,P017,3,1000.0,North,3000.0
O005485,2026-01-14,C0281,P006,3,393.0,West,1179.0
O005486,2025-07-25,C0166,P020,3,410.0,West,1230.0
O005487,2026-04-11,C0243,P012,3,66.0,West,198.0
O005488,2025-10-07,C0377,P020,4,410.0,West,1640.0
O005489,2025-04-28,C0479,P015,2,730.0,West,1460.0
O005490,2025-08-25,C0164,P013,4,797.0,East,3188.0
O005491,2025-11-05,C0324,P012,1,66.0,South,66.0
O005492,2026-04-01,C0056,P002,1,235.0,West,235.0
O005493,2026-04-20,C0039,P018,2,1129.0,East,2258.0
O005494,2025-04-10,C0319,P004,4,680.0,North,2720.0
O005495,2025-09-18,C0128,P010,1,1132.0,West,1132.0
O005496,2025-11-01,C0391,P011,3,508.0,West,1524.0
O005497,2025-12-20,C0122,P006,1,393.0,West,393.0
O005498,2025-10-13,C0247,P006,4,393.0,South,1572.0
O005499,2025-11-24,C0186,P009,4,485.0,East,1940.0
O005500,2025-04-13,C0208,P020,4,410.0,East,1640.0
O005501,2025-03-04,C0315,P013,3,797.0,West,2391.0
O005502,2025-10-09,C0304,P005,2,1124.0,East,2248.0
O005503,2026-03-17,C0389,P006,1,393.0,West,393.0
O005504,2025-10-20,C0239,P004,1,680.0,East,680.0
O005505,2025-01-07,C0215,P006,3,393.0,West,1179.0
O005506,2025-04-02,C0292,P018,4,1129.0,North,4516.0
O005507,2025-07-09,C0224,P013,1,797.0,South,797.0
O005508,2026-04-21,C0088,P003,2,358.0,East,716.0
O005509,2026-05-26,C0025,P010,1,1132.0,South,1132.0
O005510,2026-04-07,C0429,P004,4,680.0,South,2720.0
O005511,2025-02-22,C0220,P015,1,730.0,West,730.0
O005512,2026-05-01,C0275,P012,4,66.0,East,264.0
O005513,2026-05-05,C0135,P015,2,730.0,West,1460.0
O005514,2025-12-30,C0492,P010,3,1132.0,East,3396.0
O005515,2025-04-22,C0442,P012,4,66.0,West,264.0
O005516,2026-02-13,C0233,P008,4,729.0,East,2916.0
O005517,2025-01-07,C0465,P003,1,358.0,West,358.0
O005518,2025-07-16,C0066,P007,3,995.0,East,2985.0
O005519,2026-01-02,C0080,P018,4,1129.0,North,4516.0
O005520,2025-09-07,C0423,P003,1,358.0,North,358.0
O005521,2025-08-28,C0255,P015,2,730.0,North,1460.0
O005522,2026-01-15,C0125,P002,3,235.0,North,705.0
O005523,2026-04-16,C0146,P015,1,730.0,North,730.0
O005524,2026-03-31,C0103,P013,3,797.0,South,2391.0
O005525,2026-01-01,C0385,P020,4,410.0,West,1640.0
O005526,2025-10-17,C0447,P010,1,1132.0,West,1132.0
O005527,2026-02-07,C0387,P008,2,729.0,South,1458.0
O005528,2025-02-27,C0383,P016,2,420.0,East,840.0
O005529,2026-06-05,C0277,P016,1,420.0,West,420.0
O005530,2025-10-31,C0382,P002,1,235.0,East,235.0
O005531,2025-04-25,C0124,P009,3,485.0,North,1455.0
O005532,2025-07-29,C0414,P008,1,729.0,East,729.0
O005533,2025-02-10,C0267,P011,3,508.0,East,1524.0
O005534,2025-06-22,C0278,P001,4,31.0,East,124.0
O005535,2025-08-22,C0111,P011,1,508.0,South,508.0
O005536,2026-02-07,C0381,P018,4,1129.0,North,4516.0
O005537,2025-02-08,C0313,P015,2,730.0,North,1460.0
O005538,2025-04-29,C0089,P009,3,485.0,West,1455.0
O005539,2025-12-01,C0387,P009,3,485.0,South,1455.0
O005540,2025-12-02,C0158,P001,2,31.0,West,62.0
O005541,2026-06-23,C0216,P007,4,995.0,North,3980.0
O005542,2025-03-15,C0384,P012,3,66.0,West,198.0
O005543,2025-07-10,C0301,P010,2,1132.0,North,2264.0
O005544,2025-11-20,C0036,P019,2,269.0,West,538.0
O005545,2025-05-27,C0087,P016,2,420.0,West,840.0
O005546,2025-10-11,C0118,P006,1,393.0,North,393.0
O005547,2025-08-01,C0328,P011,4,508.0,East,2032.0
O005548,2026-01-29,C0448,P019,2,269.0,West,538.0
O005549,2025-12-05,C0182,P019,4,269.0,North,1076.0
O005550,2025-01-22,C0068,P018,3,1129.0,West,3387.0
O005551,2025-04-15,C0434,P015,1,730.0,North,730.0
O005552,2026-04-11,C0359,P016,2,420.0,West,840.0
O005553,2026-04-04,C0491,P014,2,1059.0,South,2118.0
O005554,2026-03-08,C0159,P008,2,729.0,North,1458.0
O005555,2025-08-09,C0285,P008,3,729.0,East,2187.0
O005556,2026-01-14,C0443,P002,1,235.0,South,235.0
O005557,2025-08-10,C0164,P006,4,393.0,East,1572.0
O005558,2025-09-15,C0461,P013,4,797.0,North,3188.0
O005559,2026-01-02,C0361,P013,4,797.0,South,3188.0
O005560,2025-12-15,C0073,P012,4,66.0,North,264.0
O005561,2025-08-13,C0119,P002,4,235.0,West,940.0
O005562,2025-08-24,C0341,P020,4,410.0,South,1640.0
O005563,2025-07-02,C0499,P012,4,66.0,West,264.0
O005564,2026-03-20,C0195,P017,1,1000.0,South,1000.0
O005565,2025-01-06,C0089,P006,1,393.0,West,393.0
O005566,2025-08-24,C0345,P007,3,995.0,South,2985.0
O005567,2025-05-07,C0076,P006,2,393.0,West,786.0
O005568,2025-04-14,C0221,P004,1,680.0,East,680.0
O005569,2026-04-25,C0139,P009,2,485.0,South,970.0
O005570,2025-06-04,C0372,P005,3,1124.0,North,3372.0
O005571,2025-09-14,C0395,P010,1,1132.0,South,1132.0
O005572,2025-08-23,C0241,P015,3,730.0,West,2190.0
O005573,2026-05-15,C0154,P008,1,729.0,South,729.0
O005574,2025-10-16,C0053,P004,1,680.0,West,680.0
O005575,2026-05-25,C0142,P005,4,1124.0,South,4496.0
O005576,2025-10-25,C0320,P007,2,995.0,South,1990.0
O005577,2025-05-17,C0464,P006,3,393.0,East,1179.0
O005578,2026-01-11,C0394,P013,4,797.0,West,3188.0
O005579,2025-03-28,C0031,P019,1,269.0,East,269.0
O005580,2026-02-23,C0223,P010,1,1132.0,North,1132.0
O005581,2025-07-18,C0292,P015,3,730.0,North,2190.0
O005582,2026-04-08,C0266,P003,1,358.0,West,358.0
O005583,2026-03-13,C0282,P018,3,1129.0,South,3387.0
O005584,2025-11-06,C0276,P014,1,1059.0,East,1059.0
O005585,2025-10-08,C0381,P003,4,358.0,North,1432.0
O005586,2025-11-19,C0044,P011,3,508.0,West,1524.0
O005587,2025-06-01,C0062,P010,4,1132.0,South,4528.0
O005588,2025-10-29,C0201,P017,2,1000.0,East,2000.0
O005589,2025-10-05,C0335,P013,2,797.0,North,1594.0
O005590,2025-01-08,C0009,P002,4,235.0,East,940.0
O005591,2025-08-23,C0071,P013,2,797.0,West,1594.0
O005592,2025-10-29,C0090,P019,4,269.0,South,1076.0
O005593,2025-02-07,C0024,P005,4,1124.0,South,4496.0
O005594,2025-05-16,C0140,P016,4,420.0,West,1680.0
O005595,2026-02-25,C0316,P010,2,1132.0,East,2264.0
O005596,2025-08-07,C0340,P012,4,66.0,North,264.0
O005597,2025-12-14,C0376,P020,2,410.0,South,820.0
O005598,2026-06-30,C0078,P013,4,797.0,North,3188.0
O005599,2025-03-20,C0214,P016,4,420.0,North,1680.0
O005600,2025-09-30,C0016,P001,2,31.0,North,62.0
O005601,2025-06-10,C0029,P009,4,485.0,East,1940.0
O005602,2025-11-04,C0416,P016,4,420.0,South,1680.0
O005603,2026-01-09,C0467,P019,2,269.0,South,538.0
O005604,2025-01-09,C0375,P015,1,730.0,North,730.0
O005605,2026-03-20,C0291,P018,3,1129.0,North,3387.0
O005606,2025-04-23,C0043,P012,2,66.0,North,132.0
O005607,2025-07-24,C0352,P014,4,1059.0,West,4236.0
O005608,2026-02-09,C0375,P003,3,358.0,North,1074.0
O005609,2025-07-16,C0053,P004,3,680.0,West,2040.0
O005610,2025-04-25,C0276,P006,4,393.0,East,1572.0
O005611,2025-05-01,C0371,P016,4,420.0,North,1680.0
O005612,2025-03-06,C0232,P013,1,797.0,East,797.0
O005613,2025-10-03,C0212,P012,4,66.0,East,264.0
O005614,2025-08-27,C0008,P012,3,66.0,West,198.0
O005615,2025-10-29,C0122,P002,4,235.0,West,940.0
O005616,2026-01-27,C0483,P013,3,797.0,South,2391.0
O005617,2026-06-06,C0042,P003,2,358.0,South,716.0
O005618,2026-01-04,C0333,P013,2,797.0,North,1594.0
O005619,2025-08-21,C0233,P002,3,235.0,East,705.0
O005620,2025-07-14,C0070,P019,2,269.0,West,538.0
O005621,2025-01-12,C0367,P009,1,485.0,West,485.0
O005622,2025-06-26,C0016,P020,3,410.0,North,1230.0
O005623,2025-08-05,C0069,P001,3,31.0,North,93.0
O005624,2025-01-11,C0053,P013,4,797.0,West,3188.0
O005625,2026-03-22,C0173,P002,1,235.0,East,235.0
O005626,2025-06-13,C0435,P015,4,730.0,North,2920.0
O005627,2025-02-22,C0482,P019,1,269.0,East,269.0
O005628,2025-08-06,C0262,P016,1,420.0,West,420.0
O005629,2025-12-26,C0379,P011,1,508.0,West,508.0
O005630,2026-01-20,C0289,P015,3,730.0,South,2190.0
O005631,2025-02-25,C0463,P006,2,393.0,West,786.0
O005632,2025-04-28,C0015,P014,2,1059.0,North,2118.0
O005633,2025-09-10,C0270,P006,4,393.0,South,1572.0
O005634,2025-06-29,C0167,P019,4,269.0,South,1076.0
O005635,2026-02-19,C0063,P005,2,1124.0,West,2248.0
O005636,2025-08-23,C0261,P011,2,508.0,East,1016.0
O005637,2025-03-21,C0500,P004,1,680.0,West,680.0
O005638,2025-01-22,C0121,P009,4,485.0,West,1940.0
O005639,2026-04-22,C0346,P009,4,485.0,East,1940.0
O005640,2026-03-16,C0240,P017,4,1000.0,North,4000.0
O005641,2025-04-03,C0465,P008,4,729.0,West,2916.0
O005642,2025-07-11,C0107,P015,2,730.0,South,1460.0
O005643,2025-04-13,C0495,P009,2,485.0,South,970.0
O005644,2026-01-31,C0180,P005,3,1124.0,North,3372.0
O005645,2025-01-07,C0016,P004,3,680.0,North,2040.0
O005646,2025-08-19,C0355,P020,2,410.0,North,820.0
O005647,2025-08-28,C0422,P018,1,1129.0,West,1129.0
O005648,2025-03-31,C0309,P009,2,485.0,West,970.0
O005649,2025-08-20,C0215,P003,1,358.0,West,358.0
O005650,2026-04-02,C0077,P009,4,485.0,West,1940.0
O005651,2025-08-21,C0225,P009,3,485.0,South,1455.0
O005652,2025-12-20,C0093,P004,1,680.0,West,680.0
O005653,2025-11-29,C0181,P007,4,995.0,South,3980.0
O005654,2026-03-15,C0174,P007,2,995.0,North,1990.0
O005655,2026-01-10,C0354,P008,3,729.0,North,2187.0
O005656,2025-10-19,C0354,P001,2,31.0,North,62.0
O005657,2025-12-11,C0219,P009,4,485.0,East,1940.0
O005658,2026-03-04,C0143,P012,4,66.0,South,264.0
O005659,2025-05-10,C0315,P006,2,393.0,West,786.0
O005660,2025-05-21,C0434,P013,4,797.0,North,3188.0
O005661,2026-02-19,C0393,P005,4,1124.0,South,4496.0
O005662,2025-04-03,C0282,P019,1,269.0,South,269.0
O005663,2025-10-11,C0259,P001,2,31.0,East,62.0
O005664,2025-08-11,C0356,P018,2,1129.0,East,2258.0
O005665,2026-04-08,C0047,P008,3,729.0,South,2187.0
O005666,2026-06-29,C0005,P008,1,729.0,North,729.0
O005667,2025-10-03,C0062,P015,1,730.0,South,730.0
O005668,2025-05-20,C0468,P019,4,269.0,West,1076.0
O005669,2025-12-23,C0084,P010,3,1132.0,North,3396.0
O005670,2025-01-23,C0133,P016,3,420.0,North,1260.0
O005671,2025-09-27,C0394,P011,1,508.0,West,508.0
O005672,2025-11-29,C0336,P012,3,66.0,North,198.0
O005673,2025-03-26,C0063,P016,1,420.0,West,420.0
O005674,2025-01-31,C0281,P016,3,420.0,West,1260.0
O005675,2025-08-28,C0044,P020,1,410.0,West,410.0
O005676,2025-12-29,C0153,P003,1,358.0,North,358.0
O005677,2026-01-24,C0414,P009,4,485.0,East,1940.0
O005678,2025-10-26,C0270,P008,4,729.0,South,2916.0
O005679,2026-01-06,C0342,P010,3,1132.0,South,3396.0
O005680,2025-04-09,C0171,P013,4,797.0,East,3188.0
O005681,2025-02-16,C0156,P018,2,1129.0,North,2258.0
O005682,2026-02-26,C0478,P013,2,797.0,East,1594.0
O005683,2026-04-25,C0275,P013,3,797.0,East,2391.0
O005684,2025-03-03,C0358,P015,1,730.0,East,730.0
O005685,2025-04-19,C0426,P013,4,797.0,East,3188.0
O005686,2025-04-29,C0020,P016,3,420.0,South,1260.0
O005687,2026-01-17,C0483,P008,2,729.0,South,1458.0
O005688,2026-01-27,C0214,P019,1,269.0,North,269.0
O005689,2025-02-21,C0079,P010,4,1132.0,South,4528.0
O005690,2025-10-16,C0139,P012,1,66.0,South,66.0
O005691,2025-12-03,C0438,P014,1,1059.0,West,1059.0
O005692,2025-07-23,C0098,P006,4,393.0,South,1572.0
O005693,2025-08-26,C0377,P009,4,485.0,West,1940.0
O005694,2026-01-17,C0152,P007,2,995.0,North,1990.0
O005695,2025-05-16,C0198,P006,2,393.0,West,786.0
O005696,2026-02-11,C0273,P001,1,31.0,West,31.0
O005697,2026-05-23,C0156,P014,1,1059.0,North,1059.0
O005698,2025-12-28,C0050,P006,2,393.0,North,786.0
O005699,2026-01-16,C0479,P012,2,66.0,West,132.0
O005700,2025-09-11,C0228,P017,1,1000.0,South,1000.0
O005701,2026-04-22,C0439,P005,3,1124.0,West,3372.0
O005702,2025-04-24,C0457,P011,3,508.0,North,1524.0
O005703,2025-01-20,C0010,P005,3,1124.0,West,3372.0
O005704,2026-06-12,C0149,P012,4,66.0,North,264.0
O005705,2025-05-25,C0058,P003,2,358.0,North,716.0
O005706,2025-07-27,C0162,P009,3,485.0,East,1455.0
O005707,2026-06-15,C0351,P006,3,393.0,East,1179.0
O005708,2026-01-11,C0477,P002,2,235.0,North,470.0
O005709,2026-05-19,C0107,P002,4,235.0,South,940.0
O005710,2025-06-15,C0427,P012,3,66.0,South,198.0
O005711,2025-06-30,C0395,P008,4,729.0,South,2916.0
O005712,2026-03-20,C0289,P002,4,235.0,South,940.0
O005713,2025-11-28,C0186,P009,1,485.0,East,485.0
O005714,2026-05-18,C0046,P016,2,420.0,East,840.0
O005715,2025-03-20,C0445,P015,1,730.0,West,730.0
O005716,2026-01-31,C0446,P014,3,1059.0,West,3177.0
O005717,2025-04-13,C0129,P020,1,410.0,North,410.0
O005718,2026-02-06,C0405,P004,2,680.0,South,1360.0
O005719,2025-08-12,C0318,P004,4,680.0,North,2720.0
O005720,2026-06-02,C0448,P011,4,508.0,West,2032.0
O005721,2025-08-24,C0087,P018,3,1129.0,West,3387.0
O005722,2026-03-03,C0249,P005,2,1124.0,West,2248.0
O005723,2025-04-26,C0329,P002,4,235.0,South,940.0
O005724,2025-06-12,C0440,P015,3,730.0,North,2190.0
O005725,2025-08-14,C0257,P011,2,508.0,West,1016.0
O005726,2025-08-18,C0277,P017,2,1000.0,West,2000.0
O005727,2025-07-01,C0278,P016,1,420.0,East,420.0
O005728,2025-09-06,C0438,P015,4,730.0,West,2920.0
O005729,2025-11-14,C0004,P003,2,358.0,East,716.0
O005730,2025-07-29,C0065,P020,4,410.0,South,1640.0
O005731,2026-01-27,C0435,P015,4,730.0,North,2920.0
O005732,2025-04-06,C0202,P019,2,269.0,North,538.0
O005733,2025-03-27,C0063,P013,4,797.0,West,3188.0
O005734,2026-02-19,C0143,P016,1,420.0,South,420.0
O005735,2026-01-29,C0244,P012,3,66.0,South,198.0
O005736,2026-05-16,C0292,P017,3,1000.0,North,3000.0
O005737,2025-05-13,C0285,P016,2,420.0,East,840.0
O005738,2025-11-10,C0180,P009,1,485.0,North,485.0
O005739,2025-08-09,C0174,P006,3,393.0,North,1179.0
O005740,2026-03-14,C0325,P019,1,269.0,West,269.0
O005741,2025-02-15,C0413,P013,2,797.0,West,1594.0
O005742,2025-07-11,C0111,P008,1,729.0,South,729.0
O005743,2026-06-04,C0175,P012,2,66.0,East,132.0
O005744,2026-01-14,C0475,P009,3,485.0,East,1455.0
O005745,2025-11-30,C0153,P004,3,680.0,North,2040.0
O005746,2025-02-08,C0464,P013,3,797.0,East,2391.0
O005747,2025-10-20,C0400,P002,3,235.0,West,705.0
O005748,2025-06-11,C0356,P003,4,358.0,East,1432.0
O005749,2025-11-27,C0217,P005,1,1124.0,South,1124.0
O005750,2025-04-14,C0297,P018,1,1129.0,West,1129.0
O005751,2025-06-10,C0449,P014,1,1059.0,South,1059.0
O005752,2025-02-23,C0453,P002,2,235.0,South,470.0
O005753,2025-02-03,C0489,P015,3,730.0,West,2190.0
O005754,2025-08-30,C0404,P008,3,729.0,West,2187.0
O005755,2025-04-23,C0453,P016,4,420.0,South,1680.0
O005756,2025-11-14,C0420,P003,4,358.0,West,1432.0
O005757,2025-01-23,C0477,P020,3,410.0,North,1230.0
O005758,2025-04-28,C0240,P020,1,410.0,North,410.0
O005759,2025-07-31,C0226,P005,1,1124.0,North,1124.0
O005760,2026-02-22,C0186,P004,3,680.0,East,2040.0
O005761,2025-04-23,C0048,P012,2,66.0,East,132.0
O005762,2025-02-13,C0466,P019,1,269.0,South,269.0
O005763,2025-05-08,C0386,P015,3,730.0,West,2190.0
O005764,2025-06-07,C0208,P013,3,797.0,East,2391.0
O005765,2026-01-29,C0157,P005,4,1124.0,East,4496.0
O005766,2026-05-27,C0225,P012,4,66.0,South,264.0
O005767,2025-02-14,C0144,P019,3,269.0,South,807.0
O005768,2025-04-18,C0419,P002,2,235.0,East,470.0
O005769,2025-08-07,C0111,P007,3,995.0,South,2985.0
O005770,2026-03-19,C0318,P005,1,1124.0,North,1124.0
O005771,2025-11-11,C0363,P020,2,410.0,South,820.0
O005772,2025-06-26,C0362,P011,2,508.0,East,1016.0
O005773,2025-08-16,C0465,P018,4,1129.0,West,4516.0
O005774,2025-09-24,C0132,P018,3,1129.0,North,3387.0
O005775,2026-01-14,C0113,P007,4,995.0,West,3980.0
O005776,2026-05-04,C0324,P010,1,1132.0,South,1132.0
O005777,2025-10-17,C0435,P020,4,410.0,North,1640.0
O005778,2025-12-23,C0089,P014,1,1059.0,West,1059.0
O005779,2025-07-23,C0161,P020,3,410.0,South,1230.0
O005780,2025-08-01,C0334,P020,3,410.0,North,1230.0
O005781,2025-11-19,C0408,P011,4,508.0,North,2032.0
O005782,2025-06-30,C0075,P002,4,235.0,West,940.0
O005783,2026-05-14,C0281,P013,4,797.0,West,3188.0
O005784,2025-11-16,C0412,P013,1,797.0,West,797.0
O005785,2025-03-24,C0007,P009,2,485.0,North,970.0
O005786,2025-10-30,C0113,P017,2,1000.0,West,2000.0
O005787,2025-09-19,C0036,P015,4,730.0,West,2920.0
O005788,2025-07-19,C0266,P016,4,420.0,West,1680.0
O005789,2025-08-28,C0113,P010,3,1132.0,West,3396.0
O005790,2025-10-22,C0292,P020,4,410.0,North,1640.0
O005791,2026-05-27,C0223,P012,3,66.0,North,198.0
O005792,2026-01-31,C0211,P005,1,1124.0,East,1124.0
O005793,2025-05-18,C0018,P020,1,410.0,East,410.0
O005794,2025-05-09,C0241,P017,1,1000.0,West,1000.0
O005795,2025-02-18,C0134,P010,1,1132.0,South,1132.0
O005796,2025-10-20,C0220,P006,4,393.0,West,1572.0
O005797,2026-06-20,C0391,P020,4,410.0,West,1640.0
O005798,2025-11-07,C0102,P006,3,393.0,East,1179.0
O005799,2026-06-21,C0140,P012,4,66.0,West,264.0
O005800,2025-08-22,C0169,P019,3,269.0,North,807.0
O005801,2025-07-28,C0498,P002,1,235.0,North,235.0
O005802,2025-04-04,C0191,P013,3,797.0,North,2391.0
O005803,2025-11-23,C0482,P020,3,410.0,East,1230.0
O005804,2025-08-13,C0025,P011,4,508.0,South,2032.0
O005805,2025-01-11,C0465,P015,1,730.0,West,730.0
O005806,2025-11-25,C0437,P013,2,797.0,North,1594.0
O005807,2025-01-12,C0033,P003,4,358.0,North,1432.0
O005808,2025-02-04,C0343,P014,4,1059.0,North,4236.0
O005809,2026-03-23,C0329,P008,2,729.0,South,1458.0
O005810,2026-03-28,C0006,P009,1,485.0,North,485.0
O005811,2025-08-08,C0446,P015,2,730.0,West,1460.0
O005812,2026-03-17,C0194,P018,3,1129.0,East,3387.0
O005813,2026-06-19,C0230,P008,2,729.0,East,1458.0
O005814,2025-08-17,C0137,P011,1,508.0,East,508.0
O005815,2025-12-10,C0323,P005,1,1124.0,East,1124.0
O005816,2025-03-21,C0400,P015,2,730.0,West,1460.0
O005817,2025-12-19,C0473,P015,4,730.0,North,2920.0
O005818,2026-01-31,C0216,P007,2,995.0,North,1990.0
O005819,2025-10-17,C0495,P018,3,1129.0,South,3387.0
O005820,2026-03-31,C0349,P012,2,66.0,South,132.0
O005821,2025-05-08,C0364,P012,2,66.0,East,132.0
O005822,2026-06-27,C0183,P004,2,680.0,West,1360.0
O005823,2025-12-25,C0168,P011,3,508.0,North,1524.0
O005824,2026-06-11,C0282,P006,2,393.0,South,786.0
O005825,2025-11-09,C0038,P010,4,1132.0,North,4528.0
O005826,2025-03-16,C0163,P015,3,730.0,East,2190.0
O005827,2026-06-30,C0471,P001,4,31.0,North,124.0
O005828,2025-07-15,C0452,P017,3,1000.0,East,3000.0
O005829,2025-01-29,C0443,P003,1,358.0,South,358.0
O005830,2025-01-16,C0490,P011,1,508.0,West,508.0
O005831,2026-02-27,C0142,P018,3,1129.0,South,3387.0
O005832,2026-02-09,C0248,P010,3,1132.0,West,3396.0
O005833,2026-06-15,C0431,P009,3,485.0,North,1455.0
O005834,2025-03-18,C0103,P007,1,995.0,South,995.0
O005835,2025-08-17,C0199,P011,3,508.0,West,1524.0
O005836,2025-10-24,C0200,P008,1,729.0,West,729.0
O005837,2026-05-25,C0042,P002,1,235.0,South,235.0
O005838,2026-06-22,C0435,P005,3,1124.0,North,3372.0
O005839,2025-11-22,C0147,P009,3,485.0,East,1455.0
O005840,2025-12-29,C0066,P001,3,31.0,East,93.0
O005841,2025-12-25,C0431,P017,1,1000.0,North,1000.0
O005842,2025-11-20,C0193,P010,2,1132.0,West,2264.0
O005843,2025-11-22,C0298,P008,3,729.0,North,2187.0
O005844,2025-06-14,C0038,P018,2,1129.0,North,2258.0
O005845,2026-03-31,C0141,P010,2,1132.0,West,2264.0
O005846,2025-06-02,C0106,P009,2,485.0,North,970.0
O005847,2025-05-07,C0428,P004,4,680.0,West,2720.0
O005848,2025-07-12,C0152,P002,2,235.0,North,470.0
O005849,2026-06-14,C0352,P019,2,269.0,West,538.0
O005850,2025-01-10,C0414,P010,1,1132.0,East,1132.0
O005851,2025-04-02,C0326,P017,4,1000.0,West,4000.0
O005852,2025-05-19,C0038,P003,1,358.0,North,358.0
O005853,2026-04-26,C0097,P019,1,269.0,East,269.0
O005854,2026-03-25,C0108,P019,2,269.0,West,538.0
O005855,2025-11-29,C0119,P019,1,269.0,West,269.0
O005856,2025-12-06,C0151,P019,3,269.0,West,807.0
O005857,2025-02-21,C0074,P015,2,730.0,West,1460.0
O005858,2026-04-11,C0057,P018,3,1129.0,North,3387.0
O005859,2026-04-20,C0366,P017,2,1000.0,South,2000.0
O005860,2026-02-05,C0335,P010,2,1132.0,North,2264.0
O005861,2026-03-15,C0252,P014,2,1059.0,South,2118.0
O005862,2026-05-24,C0407,P019,4,269.0,South,1076.0
O005863,2025-06-02,C0292,P018,2,1129.0,North,2258.0
O005864,2026-05-29,C0313,P011,3,508.0,North,1524.0
O005865,2026-05-18,C0255,P011,2,508.0,North,1016.0
O005866,2025-01-06,C0254,P012,2,66.0,South,132.0
O005867,2026-05-15,C0385,P008,1,729.0,West,729.0
O005868,2025-04-28,C0456,P016,2,420.0,South,840.0
O005869,2026-04-30,C0259,P008,2,729.0,East,1458.0
O005870,2026-04-13,C0270,P014,2,1059.0,South,2118.0
O005871,2025-06-10,C0465,P018,2,1129.0,West,2258.0
O005872,2025-09-27,C0034,P004,2,680.0,West,1360.0
O005873,2025-02-25,C0495,P017,2,1000.0,South,2000.0
O005874,2025-08-16,C0326,P013,4,797.0,West,3188.0
O005875,2025-05-29,C0325,P005,3,1124.0,West,3372.0
O005876,2025-02-15,C0238,P003,4,358.0,North,1432.0
O005877,2025-05-24,C0179,P009,3,485.0,West,1455.0
O005878,2025-12-06,C0489,P020,4,410.0,West,1640.0
O005879,2026-02-17,C0104,P018,2,1129.0,East,2258.0
O005880,2026-06-04,C0029,P020,4,410.0,East,1640.0
O005881,2025-12-10,C0227,P019,3,269.0,West,807.0
O005882,2026-01-22,C0466,P019,1,269.0,South,269.0
O005883,2026-04-18,C0232,P016,1,420.0,East,420.0
O005884,2025-10-02,C0304,P001,2,31.0,East,62.0
O005885,2025-12-19,C0350,P005,2,1124.0,East,2248.0
O005886,2025-03-07,C0335,P015,3,730.0,North,2190.0
O005887,2025-03-20,C0117,P012,1,66.0,West,66.0
O005888,2025-07-21,C0207,P001,2,31.0,North,62.0
O005889,2025-04-23,C0400,P014,4,1059.0,West,4236.0
O005890,2025-04-01,C0185,P018,4,1129.0,South,4516.0
O005891,2025-05-21,C0481,P018,1,1129.0,East,1129.0
O005892,2025-10-16,C0138,P006,3,393.0,West,1179.0
O005893,2026-02-15,C0403,P001,2,31.0,East,62.0
O005894,2026-01-12,C0485,P017,2,1000.0,East,2000.0
O005895,2026-01-19,C0498,P018,2,1129.0,North,2258.0
O005896,2025-06-01,C0323,P015,1,730.0,East,730.0
O005897,2025-11-15,C0164,P012,4,66.0,East,264.0
O005898,2026-01-04,C0388,P013,3,797.0,North,2391.0
O005899,2026-04-07,C0075,P020,1,410.0,West,410.0
O005900,2025-01-12,C0233,P002,1,235.0,East,235.0
O005901,2025-06-05,C0417,P004,2,680.0,South,1360.0
O005902,2026-04-22,C0284,P003,4,358.0,North,1432.0
O005903,2026-02-05,C0480,P019,3,269.0,East,807.0
O005904,2025-06-26,C0377,P008,3,729.0,West,2187.0
O005905,2025-12-07,C0255,P012,2,66.0,North,132.0
O005906,2025-02-26,C0464,P012,3,66.0,East,198.0
O005907,2026-03-24,C0009,P010,4,1132.0,East,4528.0
O005908,2025-07-22,C0203,P001,2,31.0,North,62.0
O005909,2025-07-21,C0390,P005,2,1124.0,West,2248.0
O005910,2025-11-26,C0379,P020,4,410.0,West,1640.0
O005911,2025-12-29,C0305,P011,3,508.0,West,1524.0
O005912,2026-03-30,C0091,P009,4,485.0,North,1940.0
O005913,2025-12-22,C0381,P014,3,1059.0,North,3177.0
O005914,2025-08-04,C0332,P003,3,358.0,West,1074.0
O005915,2025-01-23,C0150,P005,3,1124.0,South,3372.0
O005916,2025-06-04,C0360,P009,4,485.0,East,1940.0
O005917,2025-07-05,C0176,P018,4,1129.0,North,4516.0
O005918,2025-09-06,C0485,P006,1,393.0,East,393.0
O005919,2025-05-14,C0405,P007,4,995.0,South,3980.0
O005920,2025-11-17,C0033,P016,2,420.0,North,840.0
O005921,2026-01-25,C0465,P008,2,729.0,West,1458.0
O005922,2026-03-10,C0184,P010,2,1132.0,West,2264.0
O005923,2025-01-22,C0157,P005,2,1124.0,East,2248.0
O005924,2025-05-05,C0053,P011,1,508.0,West,508.0
O005925,2025-03-20,C0296,P013,4,797.0,East,3188.0
O005926,2025-02-20,C0202,P020,4,410.0,North,1640.0
O005927,2025-06-25,C0274,P002,3,235.0,West,705.0
O005928,2025-09-10,C0175,P014,4,1059.0,East,4236.0
O005929,2025-09-03,C0244,P009,3,485.0,South,1455.0
O005930,2025-04-16,C0269,P010,3,1132.0,South,3396.0
O005931,2025-07-12,C0411,P010,2,1132.0,South,2264.0
O005932,2025-11-12,C0446,P010,1,1132.0,West,1132.0
O005933,2025-10-29,C0074,P019,1,269.0,West,269.0
O005934,2025-09-25,C0096,P011,4,508.0,South,2032.0
O005935,2025-06-19,C0361,P011,3,508.0,South,1524.0
O005936,2026-03-31,C0173,P003,2,358.0,East,716.0
O005937,2025-10-19,C0387,P019,3,269.0,South,807.0
O005938,2025-05-21,C0406,P001,2,31.0,West,62.0
O005939,2025-05-26,C0155,P012,3,66.0,West,198.0
O005940,2026-03-01,C0183,P015,4,730.0,West,2920.0
O005941,2025-11-10,C0323,P014,4,1059.0,East,4236.0
O005942,2025-07-03,C0289,P003,3,358.0,South,1074.0
O005943,2025-05-08,C0258,P020,1,410.0,East,410.0
O005944,2025-10-14,C0075,P013,2,797.0,West,1594.0
O005945,2025-09-10,C0174,P018,1,1129.0,North,1129.0
O005946,2026-01-21,C0330,P016,1,420.0,North,420.0
O005947,2025-08-18,C0231,P006,3,393.0,West,1179.0
O005948,2025-09-28,C0247,P010,2,1132.0,South,2264.0
O005949,2026-02-19,C0161,P017,2,1000.0,South,2000.0
O005950,2025-07-17,C0186,P017,4,1000.0,East,4000.0
O005951,2025-11-19,C0391,P008,3,729.0,West,2187.0
O005952,2025-02-25,C0143,P004,3,680.0,South,2040.0
O005953,2025-07-22,C0282,P015,3,730.0,South,2190.0
O005954,2025-05-18,C0395,P001,4,31.0,South,124.0
O005955,2026-02-26,C0128,P007,4,995.0,West,3980.0
O005956,2025-02-26,C0166,P010,2,1132.0,West,2264.0
O005957,2025-03-12,C0027,P007,4,995.0,North,3980.0
O005958,2026-01-07,C0246,P001,3,31.0,West,93.0
O005959,2026-05-29,C0487,P017,3,1000.0,North,3000.0
O005960,2025-03-25,C0135,P012,1,66.0,West,66.0
O005961,2025-02-12,C0385,P017,4,1000.0,West,4000.0
O005962,2025-05-13,C0202,P015,3,730.0,North,2190.0
O005963,2026-01-30,C0021,P016,3,420.0,East,1260.0
O005964,2025-03-06,C0079,P014,2,1059.0,South,2118.0
O005965,2025-10-17,C0158,P003,4,358.0,West,1432.0
O005966,2026-01-11,C0094,P019,3,269.0,East,807.0
O005967,2026-04-12,C0008,P012,2,66.0,West,132.0
O005968,2025-08-01,C0472,P019,1,269.0,West,269.0
O005969,2025-05-28,C0339,P018,1,1129.0,South,1129.0
O005970,2026-04-16,C0259,P014,2,1059.0,East,2118.0
O005971,2025-05-29,C0055,P020,4,410.0,East,1640.0
O005972,2025-03-29,C0399,P009,3,485.0,West,1455.0
O005973,2025-11-20,C0036,P003,4,358.0,West,1432.0
O005974,2026-01-31,C0006,P012,2,66.0,North,132.0
O005975,2026-02-08,C0377,P020,3,410.0,West,1230.0
O005976,2025-03-23,C0042,P017,3,1000.0,South,3000.0
O005977,2025-10-13,C0050,P005,3,1124.0,North,3372.0
O005978,2026-01-17,C0112,P008,4,729.0,North,2916.0
O005979,2025-09-27,C0146,P019,4,269.0,North,1076.0
O005980,2025-10-19,C0230,P004,2,680.0,East,1360.0
O005981,2026-03-29,C0211,P015,1,730.0,East,730.0
O005982,2025-01-24,C0497,P019,2,269.0,East,538.0
O005983,2025-11-07,C0306,P015,3,730.0,West,2190.0
O005984,2026-04-06,C0030,P014,2,1059.0,North,2118.0
O005985,2025-07-27,C0461,P016,1,420.0,North,420.0
O005986,2026-03-14,C0295,P010,2,1132.0,North,2264.0
O005987,2026-06-22,C0116,P014,1,1059.0,West,1059.0
O005988,2025-12-02,C0396,P020,1,410.0,West,410.0
O005989,2026-02-26,C0226,P011,3,508.0,North,1524.0
O005990,2025-11-17,C0059,P002,1,235.0,North,235.0
O005991,2026-05-12,C0076,P019,4,269.0,West,1076.0
O005992,2025-06-12,C0428,P003,2,358.0,West,716.0
O005993,2026-06-25,C0216,P004,2,680.0,North,1360.0
O005994,2025-06-14,C0132,P011,4,508.0,North,2032.0
O005995,2025-10-22,C0420,P013,4,797.0,West,3188.0
O005996,2025-02-11,C0498,P018,3,1129.0,North,3387.0
O005997,2025-10-12,C0304,P018,2,1129.0,East,2258.0
O005998,2026-01-22,C0398,P019,4,269.0,South,1076.0
O005999,2025-05-18,C0081,P012,3,66.0,West,198.0
O006000,2025-07-06,C0305,P001,2,31.0,West,62.0
O006001,2026-03-07,C0067,P006,2,393.0,North,786.0
O006002,2026-02-20,C0230,P003,4,358.0,East,1432.0
O006003,2026-03-02,C0471,P017,1,1000.0,North,1000.0
O006004,2026-02-20,C0333,P003,1,358.0,North,358.0
O006005,2025-01-26,C0393,P001,4,31.0,South,124.0
O006006,2026-01-06,C0277,P003,1,358.0,West,358.0
O006007,2026-01-20,C0361,P004,2,680.0,South,1360.0
O006008,2025-02-25,C0072,P006,3,393.0,North,1179.0
O006009,2025-09-10,C0209,P007,3,995.0,North,2985.0
O006010,2025-04-16,C0272,P008,4,729.0,West,2916.0
O006011,2025-05-10,C0144,P013,3,797.0,South,2391.0
O006012,2026-01-11,C0251,P004,4,680.0,South,2720.0
O006013,2025-11-04,C0284,P006,1,393.0,North,393.0
O006014,2025-04-01,C0179,P011,2,508.0,West,1016.0
O006015,2026-01-28,C0440,P001,1,31.0,North,31.0
O006016,2026-06-18,C0080,P008,4,729.0,North,2916.0
O006017,2025-04-20,C0057,P002,2,235.0,North,470.0
O006018,2025-12-06,C0366,P008,2,729.0,South,1458.0
O006019,2025-12-22,C0308,P020,2,410.0,South,820.0
O006020,2025-06-17,C0174,P009,1,485.0,North,485.0
O006021,2026-03-28,C0462,P004,2,680.0,East,1360.0
O006022,2025-04-15,C0238,P017,1,1000.0,North,1000.0
O006023,2025-05-30,C0492,P007,1,995.0,East,995.0
O006024,2025-05-26,C0166,P010,2,1132.0,West,2264.0
O006025,2025-10-26,C0084,P005,4,1124.0,North,4496.0
O006026,2025-06-16,C0493,P010,2,1132.0,South,2264.0
O006027,2025-02-17,C0048,P012,2,66.0,East,132.0
O006028,2025-08-27,C0127,P020,1,410.0,West,410.0
O006029,2025-01-07,C0169,P006,2,393.0,North,786.0
O006030,2026-04-09,C0354,P001,4,31.0,North,124.0
O006031,2026-03-29,C0374,P003,2,358.0,East,716.0
O006032,2026-01-06,C0443,P007,4,995.0,South,3980.0
O006033,2026-05-02,C0349,P011,3,508.0,South,1524.0
O006034,2025-07-30,C0067,P012,3,66.0,North,198.0
O006035,2025-06-14,C0330,P009,3,485.0,North,1455.0
O006036,2025-05-05,C0340,P001,2,31.0,North,62.0
O006037,2025-12-03,C0194,P004,1,680.0,East,680.0
O006038,2025-07-11,C0155,P002,4,235.0,West,940.0
O006039,2025-08-02,C0160,P002,3,235.0,West,705.0
O006040,2025-11-24,C0184,P017,4,1000.0,West,4000.0
O006041,2026-01-16,C0266,P002,1,235.0,West,235.0
O006042,2025-08-27,C0168,P004,4,680.0,North,2720.0
O006043,2026-06-16,C0145,P011,4,508.0,South,2032.0
O006044,2025-03-23,C0186,P019,3,269.0,East,807.0
O006045,2025-12-29,C0374,P013,4,797.0,East,3188.0
O006046,2026-05-20,C0353,P018,3,1129.0,East,3387.0
O006047,2025-07-21,C0262,P019,1,269.0,West,269.0
O006048,2026-05-19,C0423,P015,3,730.0,North,2190.0
O006049,2025-02-06,C0495,P012,4,66.0,South,264.0
O006050,2026-02-06,C0274,P011,1,508.0,West,508.0
O006051,2025-06-25,C0457,P001,2,31.0,North,62.0
O006052,2026-06-29,C0328,P016,2,420.0,East,840.0
O006053,2026-04-12,C0345,P013,1,797.0,South,797.0
O006054,2025-07-20,C0223,P006,1,393.0,North,393.0
O006055,2026-06-24,C0042,P006,4,393.0,South,1572.0
O006056,2026-01-29,C0004,P010,2,1132.0,East,2264.0
O006057,2025-02-11,C0276,P002,1,235.0,East,235.0
O006058,2026-01-28,C0284,P003,2,358.0,North,716.0
O006059,2026-03-17,C0424,P006,2,393.0,South,786.0
O006060,2026-05-21,C0193,P016,4,420.0,West,1680.0
O006061,2025-11-16,C0104,P006,1,393.0,East,393.0
O006062,2025-08-03,C0247,P013,3,797.0,South,2391.0
O006063,2025-03-12,C0300,P004,1,680.0,North,680.0
O006064,2025-08-24,C0023,P015,2,730.0,South,1460.0
O006065,2025-10-08,C0441,P006,3,393.0,North,1179.0
O006066,2025-06-11,C0303,P001,3,31.0,East,93.0
O006067,2025-07-10,C0013,P009,2,485.0,West,970.0
O006068,2025-01-09,C0144,P012,3,66.0,South,198.0
O006069,2025-03-01,C0218,P011,3,508.0,West,1524.0
O006070,2025-08-13,C0183,P013,1,797.0,West,797.0
O006071,2025-10-14,C0351,P001,2,31.0,East,62.0
O006072,2025-06-18,C0242,P019,4,269.0,West,1076.0
O006073,2025-03-03,C0193,P004,3,680.0,West,2040.0
O006074,2025-12-15,C0465,P005,2,1124.0,West,2248.0
O006075,2026-03-18,C0272,P017,1,1000.0,West,1000.0
O006076,2025-01-14,C0375,P005,1,1124.0,North,1124.0
O006077,2025-06-13,C0165,P019,1,269.0,North,269.0
O006078,2026-02-24,C0180,P003,3,358.0,North,1074.0
O006079,2026-06-04,C0117,P011,4,508.0,West,2032.0
O006080,2025-01-28,C0266,P002,1,235.0,West,235.0
O006081,2026-03-22,C0378,P014,4,1059.0,North,4236.0
O006082,2025-07-27,C0038,P006,2,393.0,North,786.0
O006083,2026-04-15,C0044,P019,1,269.0,West,269.0
O006084,2025-04-14,C0351,P001,3,31.0,East,93.0
O006085,2026-03-02,C0074,P007,1,995.0,West,995.0
O006086,2025-04-11,C0438,P002,3,235.0,West,705.0
O006087,2026-06-25,C0369,P019,2,269.0,North,538.0
O006088,2026-06-06,C0226,P001,4,31.0,North,124.0
O006089,2025-04-16,C0307,P009,4,485.0,East,1940.0
O006090,2025-10-04,C0308,P017,4,1000.0,South,4000.0
O006091,2025-03-06,C0454,P010,1,1132.0,West,1132.0
O006092,2025-07-07,C0348,P006,1,393.0,North,393.0
O006093,2025-11-13,C0476,P003,2,358.0,West,716.0
O006094,2025-05-18,C0315,P020,4,410.0,West,1640.0
O006095,2025-12-09,C0013,P015,2,730.0,West,1460.0
O006096,2025-04-15,C0425,P020,3,410.0,North,1230.0
O006097,2026-06-30,C0012,P006,1,393.0,West,393.0
O006098,2026-01-15,C0050,P003,4,358.0,North,1432.0
O006099,2025-04-20,C0488,P010,1,1132.0,South,1132.0
O006100,2026-06-29,C0313,P012,4,66.0,North,264.0
O006101,2025-12-20,C0434,P001,4,31.0,North,124.0
O006102,2025-11-13,C0249,P016,1,420.0,West,420.0
O006103,2025-09-23,C0119,P017,1,1000.0,West,1000.0
O006104,2025-03-06,C0057,P010,2,1132.0,North,2264.0
O006105,2025-11-29,C0182,P012,1,66.0,North,66.0
O006106,2026-05-28,C0450,P019,1,269.0,North,269.0
O006107,2025-05-13,C0264,P008,1,729.0,East,729.0
O006108,2026-06-24,C0106,P008,3,729.0,North,2187.0
O006109,2026-06-19,C0191,P010,3,1132.0,North,3396.0
O006110,2026-05-11,C0137,P010,3,1132.0,East,3396.0
O006111,2026-01-04,C0188,P018,2,1129.0,East,2258.0
O006112,2025-04-09,C0120,P010,2,1132.0,East,2264.0
O006113,2025-11-13,C0242,P007,4,995.0,West,3980.0
O006114,2025-05-03,C0319,P004,2,680.0,North,1360.0
O006115,2025-11-16,C0072,P001,1,31.0,North,31.0
O006116,2026-05-10,C0243,P011,4,508.0,West,2032.0
O006117,2026-04-02,C0131,P019,1,269.0,South,269.0
O006118,2026-06-06,C0457,P005,4,1124.0,North,4496.0
O006119,2026-06-04,C0269,P008,2,729.0,South,1458.0
O006120,2025-11-11,C0393,P002,3,235.0,South,705.0
O006121,2026-06-26,C0479,P002,1,235.0,West,235.0
O006122,2026-04-24,C0473,P014,4,1059.0,North,4236.0
O006123,2025-01-20,C0052,P009,3,485.0,West,1455.0
O006124,2025-05-10,C0492,P010,1,1132.0,East,1132.0
O006125,2025-10-20,C0062,P013,1,797.0,South,797.0
O006126,2025-05-12,C0119,P001,3,31.0,West,93.0
O006127,2025-12-22,C0365,P014,2,1059.0,West,2118.0
O006128,2025-02-23,C0264,P002,3,235.0,East,705.0
O006129,2026-01-22,C0239,P004,2,680.0,East,1360.0
O006130,2025-09-22,C0351,P019,4,269.0,East,1076.0
O006131,2025-08-03,C0381,P001,2,31.0,North,62.0
O006132,2026-04-05,C0255,P004,4,680.0,North,2720.0
O006133,2026-04-03,C0173,P011,4,508.0,East,2032.0
O006134,2025-02-12,C0309,P013,4,797.0,West,3188.0
O006135,2025-10-05,C0237,P018,4,1129.0,South,4516.0
O006136,2025-05-10,C0319,P010,1,1132.0,North,1132.0
O006137,2025-12-16,C0095,P005,4,1124.0,West,4496.0
O006138,2026-06-28,C0337,P001,1,31.0,West,31.0
O006139,2025-04-16,C0495,P014,1,1059.0,South,1059.0
O006140,2025-01-01,C0057,P016,4,420.0,North,1680.0
O006141,2026-03-08,C0438,P018,2,1129.0,West,2258.0
O006142,2025-11-02,C0403,P003,2,358.0,East,716.0
O006143,2026-06-11,C0067,P003,3,358.0,North,1074.0
O006144,2025-02-22,C0046,P004,1,680.0,East,680.0
O006145,2026-06-04,C0094,P007,1,995.0,East,995.0
O006146,2025-11-26,C0138,P013,2,797.0,West,1594.0
O006147,2025-11-21,C0369,P009,1,485.0,North,485.0
O006148,2025-04-24,C0093,P003,2,358.0,West,716.0
O006149,2025-05-27,C0232,P017,3,1000.0,East,3000.0
O006150,2025-06-15,C0402,P015,4,730.0,West,2920.0
O006151,2026-01-14,C0396,P010,4,1132.0,West,4528.0
O006152,2025-05-19,C0049,P015,4,730.0,East,2920.0
O006153,2025-10-26,C0023,P001,3,31.0,South,93.0
O006154,2025-10-03,C0062,P010,1,1132.0,South,1132.0
O006155,2025-06-27,C0267,P007,3,995.0,East,2985.0
O006156,2025-12-20,C0329,P007,1,995.0,South,995.0
O006157,2025-06-03,C0118,P003,1,358.0,North,358.0
O006158,2025-07-20,C0440,P007,4,995.0,North,3980.0
O006159,2025-04-25,C0088,P009,2,485.0,East,970.0
O006160,2025-03-09,C0089,P008,2,729.0,West,1458.0
O006161,2026-03-21,C0055,P003,4,358.0,East,1432.0
O006162,2026-03-21,C0153,P005,1,1124.0,North,1124.0
O006163,2025-11-22,C0239,P013,3,797.0,East,2391.0
O006164,2025-12-25,C0265,P013,4,797.0,West,3188.0
O006165,2025-05-25,C0268,P008,4,729.0,West,2916.0
O006166,2025-10-02,C0395,P018,3,1129.0,South,3387.0
O006167,2026-05-24,C0113,P007,1,995.0,West,995.0
O006168,2025-06-28,C0166,P010,4,1132.0,West,4528.0
O006169,2026-04-22,C0156,P010,4,1132.0,North,4528.0
O006170,2026-02-18,C0008,P011,1,508.0,West,508.0
O006171,2025-06-02,C0202,P012,3,66.0,North,198.0
O006172,2025-04-14,C0217,P013,3,797.0,South,2391.0
O006173,2025-03-16,C0431,P008,2,729.0,North,1458.0
O006174,2025-05-08,C0292,P017,2,1000.0,North,2000.0
O006175,2025-12-11,C0381,P014,3,1059.0,North,3177.0
O006176,2026-06-15,C0050,P017,2,1000.0,North,2000.0
O006177,2025-06-08,C0107,P019,2,269.0,South,538.0
O006178,2026-06-22,C0009,P016,1,420.0,East,420.0
O006179,2026-03-02,C0233,P009,4,485.0,East,1940.0
O006180,2025-01-23,C0188,P020,2,410.0,East,820.0
O006181,2025-02-16,C0456,P010,2,1132.0,South,2264.0
O006182,2026-06-09,C0323,P009,1,485.0,East,485.0
O006183,2025-05-24,C0309,P001,3,31.0,West,93.0
O006184,2026-02-23,C0338,P003,2,358.0,West,716.0
O006185,2025-03-26,C0110,P011,4,508.0,North,2032.0
O006186,2026-02-20,C0483,P007,2,995.0,South,1990.0
O006187,2026-04-27,C0145,P018,4,1129.0,South,4516.0
O006188,2026-04-01,C0228,P013,3,797.0,South,2391.0
O006189,2025-10-24,C0309,P018,2,1129.0,West,2258.0
O006190,2025-04-22,C0412,P016,4,420.0,West,1680.0
O006191,2025-08-18,C0114,P016,4,420.0,West,1680.0
O006192,2025-04-06,C0063,P010,4,1132.0,West,4528.0
O006193,2026-01-13,C0399,P009,3,485.0,West,1455.0
O006194,2025-06-05,C0275,P008,4,729.0,East,2916.0
O006195,2026-02-25,C0124,P019,1,269.0,North,269.0
O006196,2025-04-15,C0086,P003,3,358.0,South,1074.0
O006197,2025-11-26,C0070,P009,4,485.0,West,1940.0
O006198,2026-03-15,C0047,P002,3,235.0,South,705.0
O006199,2025-05-12,C0199,P019,3,269.0,West,807.0
O006200,2026-01-17,C0364,P008,1,729.0,East,729.0
O006201,2025-05-18,C0432,P018,4,1129.0,West,4516.0
O006202,2025-09-27,C0201,P008,3,729.0,East,2187.0
O006203,2026-01-31,C0276,P005,3,1124.0,East,3372.0
O006204,2026-04-09,C0037,P006,4,393.0,South,1572.0
O006205,2026-03-26,C0203,P010,1,1132.0,North,1132.0
O006206,2025-11-27,C0130,P015,2,730.0,East,1460.0
O006207,2025-09-10,C0448,P004,4,680.0,West,2720.0
O006208,2025-10-12,C0470,P003,2,358.0,West,716.0
O006209,2025-10-01,C0496,P009,4,485.0,South,1940.0
O006210,2025-01-20,C0292,P016,4,420.0,North,1680.0
O006211,2025-08-27,C0389,P016,3,420.0,West,1260.0
O006212,2025-09-27,C0064,P015,4,730.0,South,2920.0
O006213,2026-02-22,C0263,P009,1,485.0,North,485.0
O006214,2025-11-06,C0454,P017,1,1000.0,West,1000.0
O006215,2025-01-31,C0120,P012,4,66.0,East,264.0
O006216,2025-04-14,C0278,P008,3,729.0,East,2187.0
O006217,2025-07-05,C0202,P014,3,1059.0,North,3177.0
O006218,2025-05-08,C0046,P018,2,1129.0,East,2258.0
O006219,2025-07-29,C0168,P012,4,66.0,North,264.0
O006220,2026-02-18,C0445,P014,2,1059.0,West,2118.0
O006221,2025-10-08,C0110,P020,3,410.0,North,1230.0
O006222,2025-09-10,C0046,P005,1,1124.0,East,1124.0
O006223,2025-01-19,C0212,P001,3,31.0,East,93.0
O006224,2025-05-16,C0028,P013,1,797.0,East,797.0
O006225,2025-08-11,C0087,P014,2,1059.0,West,2118.0
O006226,2025-01-03,C0291,P002,3,235.0,North,705.0
O006227,2025-08-24,C0385,P016,1,420.0,West,420.0
O006228,2026-04-10,C0157,P005,2,1124.0,East,2248.0
O006229,2025-08-16,C0265,P001,3,31.0,West,93.0
O006230,2026-05-14,C0265,P012,4,66.0,West,264.0
O006231,2026-06-05,C0022,P019,3,269.0,North,807.0
O006232,2025-05-19,C0256,P010,2,1132.0,East,2264.0
O006233,2025-10-03,C0191,P012,3,66.0,North,198.0
O006234,2025-10-18,C0450,P019,2,269.0,North,538.0
O006235,2025-02-22,C0464,P016,1,420.0,East,420.0
O006236,2025-04-20,C0232,P017,3,1000.0,East,3000.0
O006237,2025-01-04,C0186,P013,2,797.0,East,1594.0
O006238,2025-02-16,C0326,P007,2,995.0,West,1990.0
O006239,2025-04-04,C0183,P003,4,358.0,West,1432.0
O006240,2025-08-01,C0397,P005,1,1124.0,West,1124.0
O006241,2026-03-12,C0481,P004,4,680.0,East,2720.0
O006242,2026-05-23,C0403,P015,4,730.0,East,2920.0
O006243,2025-07-24,C0463,P017,3,1000.0,West,3000.0
O006244,2026-01-16,C0417,P012,2,66.0,South,132.0
O006245,2025-03-14,C0202,P014,2,1059.0,North,2118.0
O006246,2026-05-31,C0065,P004,2,680.0,South,1360.0
O006247,2025-03-17,C0444,P017,3,1000.0,South,3000.0
O006248,2025-03-18,C0396,P011,3,508.0,West,1524.0
O006249,2026-02-14,C0043,P006,1,393.0,North,393.0
O006250,2025-04-16,C0221,P004,4,680.0,East,2720.0
O006251,2026-04-21,C0017,P013,1,797.0,South,797.0
O006252,2025-10-02,C0324,P020,1,410.0,South,410.0
O006253,2025-03-29,C0285,P015,3,730.0,East,2190.0
O006254,2025-03-18,C0183,P018,2,1129.0,West,2258.0
O006255,2025-03-18,C0391,P017,3,1000.0,West,3000.0
O006256,2026-03-18,C0044,P019,3,269.0,West,807.0
O006257,2026-06-24,C0461,P010,3,1132.0,North,3396.0
O006258,2025-09-02,C0389,P005,1,1124.0,West,1124.0
O006259,2026-01-17,C0188,P012,2,66.0,East,132.0
O006260,2025-05-22,C0390,P015,3,730.0,West,2190.0
O006261,2026-01-03,C0482,P004,1,680.0,East,680.0
O006262,2025-03-25,C0263,P008,3,729.0,North,2187.0
O006263,2025-05-23,C0174,P020,4,410.0,North,1640.0
O006264,2025-12-18,C0441,P017,2,1000.0,North,2000.0
O006265,2026-06-29,C0054,P006,1,393.0,West,393.0
O006266,2025-06-01,C0220,P016,4,420.0,West,1680.0
O006267,2025-06-07,C0046,P005,3,1124.0,East,3372.0
O006268,2026-03-22,C0394,P014,4,1059.0,West,4236.0
O006269,2025-10-30,C0260,P002,4,235.0,North,940.0
O006270,2026-03-26,C0195,P017,1,1000.0,South,1000.0
O006271,2025-08-12,C0409,P006,2,393.0,West,786.0
O006272,2025-02-12,C0471,P011,2,508.0,North,1016.0
O006273,2025-09-21,C0347,P002,1,235.0,East,235.0
O006274,2025-01-03,C0462,P001,3,31.0,East,93.0
O006275,2025-09-25,C0061,P005,4,1124.0,South,4496.0
O006276,2025-01-16,C0166,P008,2,729.0,West,1458.0
O006277,2025-11-30,C0160,P004,2,680.0,West,1360.0
O006278,2026-04-09,C0151,P019,4,269.0,West,1076.0
O006279,2025-02-28,C0111,P005,3,1124.0,South,3372.0
O006280,2025-06-26,C0488,P005,4,1124.0,South,4496.0
O006281,2025-03-04,C0037,P016,1,420.0,South,420.0
O006282,2025-11-03,C0003,P018,1,1129.0,West,1129.0
O006283,2025-09-03,C0483,P011,3,508.0,South,1524.0
O006284,2025-10-16,C0013,P017,2,1000.0,West,2000.0
O006285,2025-11-28,C0162,P003,2,358.0,East,716.0
O006286,2026-06-11,C0344,P018,3,1129.0,South,3387.0
O006287,2025-09-12,C0449,P004,3,680.0,South,2040.0
O006288,2026-05-25,C0332,P019,1,269.0,West,269.0
O006289,2026-04-08,C0264,P009,1,485.0,East,485.0
O006290,2025-07-18,C0083,P005,3,1124.0,South,3372.0
O006291,2025-09-28,C0265,P004,2,680.0,West,1360.0
O006292,2025-03-05,C0412,P016,4,420.0,West,1680.0
O006293,2025-08-18,C0334,P010,4,1132.0,North,4528.0
O006294,2025-09-06,C0380,P009,4,485.0,South,1940.0
O006295,2025-09-03,C0219,P016,1,420.0,East,420.0
O006296,2025-06-06,C0146,P020,3,410.0,North,1230.0
O006297,2025-03-29,C0298,P017,2,1000.0,North,2000.0
O006298,2025-11-09,C0297,P018,1,1129.0,West,1129.0
O006299,2025-03-07,C0454,P015,3,730.0,West,2190.0
O006300,2025-01-20,C0161,P020,3,410.0,South,1230.0
O006301,2025-02-02,C0229,P009,4,485.0,West,1940.0
O006302,2025-03-14,C0234,P006,4,393.0,South,1572.0
O006303,2025-12-09,C0089,P006,2,393.0,West,786.0
O006304,2025-05-13,C0333,P011,2,508.0,North,1016.0
O006305,2025-02-24,C0310,P020,4,410.0,South,1640.0
O006306,2025-03-02,C0215,P003,4,358.0,West,1432.0
O006307,2026-06-04,C0420,P012,3,66.0,West,198.0
O006308,2025-09-29,C0097,P015,2,730.0,East,1460.0
O006309,2025-09-03,C0213,P007,3,995.0,East,2985.0
O006310,2025-06-25,C0354,P018,2,1129.0,North,2258.0
O006311,2025-11-13,C0312,P015,2,730.0,North,1460.0
O006312,2025-05-11,C0100,P008,1,729.0,North,729.0
O006313,2025-04-12,C0145,P009,4,485.0,South,1940.0
O006314,2025-11-06,C0010,P015,1,730.0,West,730.0
O006315,2025-10-19,C0471,P016,2,420.0,North,840.0
O006316,2026-05-10,C0044,P020,3,410.0,West,1230.0
O006317,2025-12-27,C0251,P003,2,358.0,South,716.0
O006318,2025-12-04,C0386,P005,1,1124.0,West,1124.0
O006319,2025-01-10,C0227,P003,4,358.0,West,1432.0
O006320,2025-02-18,C0398,P002,3,235.0,South,705.0
O006321,2026-05-02,C0249,P002,1,235.0,West,235.0
O006322,2025-11-17,C0495,P004,2,680.0,South,1360.0
O006323,2025-05-13,C0493,P003,4,358.0,South,1432.0
O006324,2025-03-24,C0169,P009,2,485.0,North,970.0
O006325,2025-02-26,C0130,P012,2,66.0,East,132.0
O006326,2026-01-11,C0019,P009,4,485.0,South,1940.0
O006327,2025-12-15,C0336,P019,1,269.0,North,269.0
O006328,2025-09-28,C0235,P012,1,66.0,North,66.0
O006329,2026-04-28,C0492,P016,1,420.0,East,420.0
O006330,2025-04-21,C0345,P001,1,31.0,South,31.0
O006331,2025-03-17,C0001,P010,3,1132.0,South,3396.0
O006332,2025-06-07,C0130,P010,3,1132.0,East,3396.0
O006333,2026-06-16,C0496,P004,4,680.0,South,2720.0
O006334,2025-11-25,C0027,P011,4,508.0,North,2032.0
O006335,2025-05-02,C0002,P011,4,508.0,West,2032.0
O006336,2025-02-10,C0250,P011,3,508.0,West,1524.0
O006337,2025-06-16,C0222,P006,2,393.0,East,786.0
O006338,2025-01-23,C0435,P015,3,730.0,North,2190.0
O006339,2025-10-06,C0138,P002,1,235.0,West,235.0
O006340,2026-04-14,C0275,P003,1,358.0,East,358.0
O006341,2026-02-04,C0490,P005,2,1124.0,West,2248.0
O006342,2025-01-09,C0464,P011,4,508.0,East,2032.0
O006343,2025-01-13,C0141,P012,3,66.0,West,198.0
O006344,2025-02-21,C0432,P003,2,358.0,West,716.0
O006345,2025-07-28,C0256,P009,2,485.0,East,970.0
O006346,2026-02-06,C0370,P003,3,358.0,North,1074.0
O006347,2025-07-10,C0312,P002,2,235.0,North,470.0
O006348,2025-02-20,C0456,P006,4,393.0,South,1572.0
O006349,2026-01-28,C0440,P006,3,393.0,North,1179.0
O006350,2025-10-27,C0434,P017,3,1000.0,North,3000.0
O006351,2025-07-15,C0095,P008,2,729.0,West,1458.0
O006352,2026-02-21,C0173,P001,4,31.0,East,124.0
O006353,2026-02-24,C0473,P008,4,729.0,North,2916.0
O006354,2026-06-06,C0443,P015,1,730.0,South,730.0
O006355,2025-12-22,C0423,P018,3,1129.0,North,3387.0
O006356,2025-05-28,C0405,P013,1,797.0,South,797.0
O006357,2025-12-31,C0439,P008,4,729.0,West,2916.0
O006358,2025-12-30,C0057,P020,4,410.0,North,1640.0
O006359,2026-02-06,C0498,P018,1,1129.0,North,1129.0
O006360,2026-05-07,C0102,P013,3,797.0,East,2391.0
O006361,2025-08-17,C0169,P014,1,1059.0,North,1059.0
O006362,2026-06-21,C0477,P015,4,730.0,North,2920.0
O006363,2025-09-25,C0070,P006,4,393.0,West,1572.0
O006364,2026-02-09,C0338,P001,2,31.0,West,62.0
O006365,2025-01-11,C0049,P007,2,995.0,East,1990.0
O006366,2025-11-16,C0428,P001,1,31.0,West,31.0
O006367,2025-05-06,C0419,P015,2,730.0,East,1460.0
O006368,2025-11-02,C0347,P006,4,393.0,East,1572.0
O006369,2026-05-26,C0005,P005,3,1124.0,North,3372.0
O006370,2025-03-30,C0455,P012,3,66.0,North,198.0
O006371,2025-12-21,C0202,P003,1,358.0,North,358.0
O006372,2025-12-18,C0202,P020,2,410.0,North,820.0
O006373,2025-01-14,C0179,P014,1,1059.0,West,1059.0
O006374,2025-09-14,C0057,P006,2,393.0,North,786.0
O006375,2025-07-28,C0186,P004,3,680.0,East,2040.0
O006376,2025-10-08,C0092,P015,2,730.0,West,1460.0
O006377,2026-03-19,C0292,P017,2,1000.0,North,2000.0
O006378,2026-01-24,C0394,P005,1,1124.0,West,1124.0
O006379,2026-04-28,C0434,P006,3,393.0,North,1179.0
O006380,2025-05-27,C0483,P010,2,1132.0,South,2264.0
O006381,2025-10-06,C0227,P009,3,485.0,West,1455.0
O006382,2026-06-05,C0421,P004,2,680.0,West,1360.0
O006383,2026-03-10,C0112,P009,3,485.0,North,1455.0
O006384,2025-05-24,C0148,P008,2,729.0,East,1458.0
O006385,2025-10-16,C0269,P003,4,358.0,South,1432.0
O006386,2026-01-21,C0203,P020,3,410.0,North,1230.0
O006387,2025-01-14,C0378,P001,4,31.0,North,124.0
O006388,2025-09-14,C0365,P020,4,410.0,West,1640.0
O006389,2025-12-12,C0403,P005,4,1124.0,East,4496.0
O006390,2025-12-11,C0348,P003,2,358.0,North,716.0
O006391,2026-02-04,C0358,P004,3,680.0,East,2040.0
O006392,2025-07-26,C0056,P019,2,269.0,West,538.0
O006393,2025-06-21,C0301,P015,2,730.0,North,1460.0
O006394,2026-04-09,C0316,P019,3,269.0,East,807.0
O006395,2025-09-27,C0452,P016,1,420.0,East,420.0
O006396,2025-08-09,C0185,P008,2,729.0,South,1458.0
O006397,2025-06-01,C0054,P014,4,1059.0,West,4236.0
O006398,2025-07-02,C0037,P005,2,1124.0,South,2248.0
O006399,2026-02-03,C0211,P001,1,31.0,East,31.0
O006400,2025-03-13,C0293,P019,4,269.0,West,1076.0
O006401,2026-02-22,C0270,P005,2,1124.0,South,2248.0
O006402,2025-10-10,C0351,P003,3,358.0,East,1074.0
O006403,2025-03-15,C0220,P017,4,1000.0,West,4000.0
O006404,2025-12-21,C0228,P007,1,995.0,South,995.0
O006405,2026-05-12,C0428,P017,2,1000.0,West,2000.0
O006406,2025-11-24,C0358,P013,3,797.0,East,2391.0
O006407,2026-06-19,C0211,P014,4,1059.0,East,4236.0
O006408,2026-03-23,C0298,P012,4,66.0,North,264.0
O006409,2026-01-08,C0001,P011,3,508.0,South,1524.0
O006410,2025-12-28,C0023,P001,1,31.0,South,31.0
O006411,2025-04-03,C0448,P003,4,358.0,West,1432.0
O006412,2025-11-17,C0284,P012,1,66.0,North,66.0
O006413,2025-11-20,C0496,P009,1,485.0,South,485.0
O006414,2026-01-19,C0388,P002,3,235.0,North,705.0
O006415,2025-12-12,C0425,P014,4,1059.0,North,4236.0
O006416,2025-04-13,C0188,P005,2,1124.0,East,2248.0
O006417,2025-08-03,C0018,P003,3,358.0,East,1074.0
O006418,2025-07-11,C0447,P012,3,66.0,West,198.0
O006419,2025-07-13,C0445,P012,1,66.0,West,66.0
O006420,2026-01-15,C0049,P007,2,995.0,East,1990.0
O006421,2026-02-07,C0047,P001,3,31.0,South,93.0
O006422,2025-01-11,C0115,P003,1,358.0,East,358.0
O006423,2025-07-06,C0039,P011,4,508.0,East,2032.0
O006424,2025-01-15,C0217,P013,1,797.0,South,797.0
O006425,2025-10-24,C0210,P010,2,1132.0,North,2264.0
O006426,2026-02-15,C0262,P019,2,269.0,West,538.0
O006427,2025-02-21,C0211,P004,1,680.0,East,680.0
O006428,2025-01-28,C0053,P005,4,1124.0,West,4496.0
O006429,2025-01-17,C0460,P011,2,508.0,North,1016.0
O006430,2025-12-17,C0281,P009,2,485.0,West,970.0
O006431,2026-03-04,C0355,P013,4,797.0,North,3188.0
O006432,2025-08-17,C0321,P017,3,1000.0,East,3000.0
O006433,2025-07-29,C0133,P015,2,730.0,North,1460.0
O006434,2026-03-07,C0449,P013,1,797.0,South,797.0
O006435,2025-10-21,C0264,P011,4,508.0,East,2032.0
O006436,2025-04-14,C0295,P001,2,31.0,North,62.0
O006437,2025-07-23,C0111,P008,3,729.0,South,2187.0
O006438,2025-02-22,C0043,P005,2,1124.0,North,2248.0
O006439,2026-01-10,C0338,P016,3,420.0,West,1260.0
O006440,2025-02-23,C0238,P004,2,680.0,North,1360.0
O006441,2025-10-03,C0379,P019,2,269.0,West,538.0
O006442,2025-12-01,C0457,P018,1,1129.0,North,1129.0
O006443,2025-01-31,C0389,P002,4,235.0,West,940.0
O006444,2025-05-15,C0247,P013,4,797.0,South,3188.0
O006445,2025-02-27,C0004,P016,1,420.0,East,420.0
O006446,2025-04-15,C0364,P008,4,729.0,East,2916.0
O006447,2025-09-23,C0349,P019,4,269.0,South,1076.0
O006448,2026-06-06,C0385,P003,2,358.0,West,716.0
O006449,2026-05-11,C0350,P019,2,269.0,East,538.0
O006450,2025-09-10,C0312,P017,2,1000.0,North,2000.0
O006451,2025-10-22,C0173,P009,3,485.0,East,1455.0
O006452,2025-06-07,C0193,P017,3,1000.0,West,3000.0
O006453,2025-03-08,C0003,P001,4,31.0,West,124.0
O006454,2025-10-26,C0278,P004,4,680.0,East,2720.0
O006455,2026-04-08,C0456,P015,4,730.0,South,2920.0
O006456,2025-04-11,C0056,P012,1,66.0,West,66.0
O006457,2025-02-25,C0274,P017,2,1000.0,West,2000.0
O006458,2025-11-28,C0409,P012,4,66.0,West,264.0
O006459,2026-01-28,C0176,P016,4,420.0,North,1680.0
O006460,2026-01-16,C0116,P013,2,797.0,West,1594.0
O006461,2025-04-02,C0084,P011,3,508.0,North,1524.0
O006462,2026-03-23,C0159,P015,4,730.0,North,2920.0
O006463,2025-04-19,C0286,P016,4,420.0,North,1680.0
O006464,2025-11-13,C0080,P006,4,393.0,North,1572.0
O006465,2025-06-17,C0066,P011,4,508.0,East,2032.0
O006466,2026-03-11,C0209,P015,2,730.0,North,1460.0
O006467,2026-03-18,C0010,P005,2,1124.0,West,2248.0
O006468,2025-08-06,C0199,P003,2,358.0,West,716.0
O006469,2025-08-10,C0059,P002,3,235.0,North,705.0
O006470,2026-06-12,C0234,P001,4,31.0,South,124.0
O006471,2025-10-05,C0307,P015,3,730.0,East,2190.0
O006472,2026-04-11,C0244,P002,3,235.0,South,705.0
O006473,2025-01-30,C0379,P020,2,410.0,West,820.0
O006474,2025-12-25,C0393,P006,4,393.0,South,1572.0
O006475,2025-10-15,C0054,P012,4,66.0,West,264.0
O006476,2025-03-27,C0446,P016,3,420.0,West,1260.0
O006477,2025-08-22,C0337,P014,1,1059.0,West,1059.0
O006478,2025-11-09,C0393,P004,1,680.0,South,680.0
O006479,2025-12-31,C0009,P008,4,729.0,East,2916.0
O006480,2025-09-26,C0101,P012,4,66.0,North,264.0
O006481,2025-05-11,C0408,P014,3,1059.0,North,3177.0
O006482,2025-12-17,C0295,P020,3,410.0,North,1230.0
O006483,2025-06-29,C0203,P013,2,797.0,North,1594.0
O006484,2026-04-25,C0392,P005,3,1124.0,South,3372.0
O006485,2025-06-12,C0153,P012,3,66.0,North,198.0
O006486,2025-04-06,C0110,P010,1,1132.0,North,1132.0
O006487,2026-05-25,C0322,P019,1,269.0,West,269.0
O006488,2025-12-31,C0266,P013,1,797.0,West,797.0
O006489,2025-12-19,C0373,P009,1,485.0,North,485.0
O006490,2026-03-12,C0152,P011,3,508.0,North,1524.0
O006491,2025-03-24,C0496,P005,4,1124.0,South,4496.0
O006492,2025-08-13,C0464,P013,1,797.0,East,797.0
O006493,2026-02-16,C0083,P010,2,1132.0,South,2264.0
O006494,2025-04-28,C0443,P018,2,1129.0,South,2258.0
O006495,2026-04-27,C0415,P015,3,730.0,East,2190.0
O006496,2025-07-11,C0395,P020,2,410.0,South,820.0
O006497,2025-04-17,C0134,P012,1,66.0,South,66.0
O006498,2026-01-17,C0326,P004,4,680.0,West,2720.0
O006499,2026-01-25,C0160,P005,4,1124.0,West,4496.0
O006500,2025-09-01,C0039,P008,1,729.0,East,729.0
O006501,2026-04-13,C0176,P005,2,1124.0,North,2248.0
O006502,2026-06-22,C0013,P001,1,31.0,West,31.0
O006503,2025-07-29,C0315,P018,4,1129.0,West,4516.0
O006504,2025-03-14,C0067,P019,1,269.0,North,269.0
O006505,2025-11-05,C0440,P019,1,269.0,North,269.0
O006506,2025-07-05,C0248,P010,2,1132.0,West,2264.0
O006507,2025-09-10,C0041,P009,3,485.0,North,1455.0
O006508,2025-01-13,C0184,P001,3,31.0,West,93.0
O006509,2025-10-26,C0035,P020,2,410.0,West,820.0
O006510,2025-03-17,C0422,P003,1,358.0,West,358.0
O006511,2025-02-20,C0337,P013,2,797.0,West,1594.0
O006512,2025-05-29,C0451,P006,2,393.0,West,786.0
O006513,2025-05-02,C0290,P006,2,393.0,East,786.0
O006514,2025-07-30,C0076,P018,1,1129.0,West,1129.0
O006515,2025-10-07,C0472,P005,4,1124.0,West,4496.0
O006516,2026-06-22,C0070,P017,1,1000.0,West,1000.0
O006517,2025-06-05,C0234,P003,4,358.0,South,1432.0
O006518,2025-08-26,C0011,P005,4,1124.0,North,4496.0
O006519,2026-01-11,C0368,P003,2,358.0,West,716.0
O006520,2025-03-23,C0283,P013,3,797.0,South,2391.0
O006521,2026-05-07,C0304,P015,2,730.0,East,1460.0
O006522,2025-12-22,C0024,P017,1,1000.0,South,1000.0
O006523,2025-09-30,C0274,P015,3,730.0,West,2190.0
O006524,2025-02-13,C0027,P005,3,1124.0,North,3372.0
O006525,2025-05-03,C0054,P014,1,1059.0,West,1059.0
O006526,2025-12-15,C0055,P011,1,508.0,East,508.0
O006527,2025-11-26,C0376,P014,2,1059.0,South,2118.0
O006528,2026-02-13,C0233,P007,1,995.0,East,995.0
O006529,2025-11-19,C0277,P003,4,358.0,West,1432.0
O006530,2025-04-21,C0443,P020,4,410.0,South,1640.0
O006531,2025-03-30,C0371,P010,3,1132.0,North,3396.0
O006532,2026-03-09,C0418,P011,2,508.0,South,1016.0
O006533,2025-04-09,C0120,P006,2,393.0,East,786.0
O006534,2026-06-23,C0225,P005,3,1124.0,South,3372.0
O006535,2025-05-26,C0058,P020,1,410.0,North,410.0
O006536,2025-09-14,C0255,P013,2,797.0,North,1594.0
O006537,2025-07-08,C0176,P012,3,66.0,North,198.0
O006538,2025-08-28,C0054,P019,3,269.0,West,807.0
O006539,2026-05-18,C0146,P019,4,269.0,North,1076.0
O006540,2025-09-28,C0259,P005,3,1124.0,East,3372.0
O006541,2026-06-04,C0152,P020,1,410.0,North,410.0
O006542,2025-04-24,C0385,P009,1,485.0,West,485.0
O006543,2025-12-05,C0262,P004,1,680.0,West,680.0
O006544,2025-12-25,C0019,P015,1,730.0,South,730.0
O006545,2025-11-30,C0342,P003,3,358.0,South,1074.0
O006546,2025-06-18,C0371,P007,2,995.0,North,1990.0
O006547,2025-12-05,C0171,P020,3,410.0,East,1230.0
O006548,2025-09-18,C0379,P020,2,410.0,West,820.0
O006549,2025-07-18,C0392,P014,2,1059.0,South,2118.0
O006550,2025-07-30,C0197,P014,2,1059.0,West,2118.0
O006551,2025-10-14,C0436,P009,4,485.0,West,1940.0
O006552,2026-04-17,C0073,P003,1,358.0,North,358.0
O006553,2026-04-27,C0303,P009,4,485.0,East,1940.0
O006554,2025-01-23,C0085,P004,3,680.0,South,2040.0
O006555,2025-04-19,C0284,P017,4,1000.0,North,4000.0
O006556,2025-10-23,C0302,P006,2,393.0,East,786.0
O006557,2025-01-06,C0132,P016,3,420.0,North,1260.0
O006558,2025-07-22,C0120,P018,1,1129.0,East,1129.0
O006559,2025-11-21,C0216,P013,2,797.0,North,1594.0
O006560,2025-09-01,C0136,P007,1,995.0,South,995.0
O006561,2025-11-23,C0116,P003,4,358.0,West,1432.0
O006562,2025-02-16,C0061,P006,1,393.0,South,393.0
O006563,2025-01-13,C0017,P003,3,358.0,South,1074.0
O006564,2026-01-15,C0034,P012,2,66.0,West,132.0
O006565,2025-12-31,C0020,P005,1,1124.0,South,1124.0
O006566,2025-12-08,C0208,P017,4,1000.0,East,4000.0
O006567,2025-08-09,C0458,P010,3,1132.0,South,3396.0
O006568,2025-03-14,C0162,P007,2,995.0,East,1990.0
O006569,2025-02-15,C0299,P004,4,680.0,East,2720.0
O006570,2026-05-19,C0010,P010,2,1132.0,West,2264.0
O006571,2025-10-01,C0094,P007,1,995.0,East,995.0
O006572,2025-07-27,C0414,P011,4,508.0,East,2032.0
O006573,2025-05-04,C0371,P008,4,729.0,North,2916.0
O006574,2025-01-10,C0409,P008,1,729.0,West,729.0
O006575,2025-11-25,C0383,P005,4,1124.0,East,4496.0
O006576,2025-07-06,C0441,P005,4,1124.0,North,4496.0
O006577,2026-06-27,C0366,P007,4,995.0,South,3980.0
O006578,2025-03-01,C0447,P004,1,680.0,West,680.0
O006579,2026-03-18,C0107,P002,1,235.0,South,235.0
O006580,2025-08-05,C0105,P019,2,269.0,West,538.0
O006581,2025-01-02,C0071,P002,1,235.0,West,235.0
O006582,2026-06-20,C0431,P016,4,420.0,North,1680.0
O006583,2025-12-22,C0084,P012,1,66.0,North,66.0
O006584,2025-06-14,C0209,P015,4,730.0,North,2920.0
O006585,2025-04-01,C0259,P010,4,1132.0,East,4528.0
O006586,2025-06-16,C0239,P006,4,393.0,East,1572.0
O006587,2025-07-26,C0302,P013,1,797.0,East,797.0
O006588,2025-10-09,C0232,P006,4,393.0,East,1572.0
O006589,2025-03-06,C0420,P002,2,235.0,West,470.0
O006590,2026-05-31,C0282,P014,3,1059.0,South,3177.0
O006591,2025-06-06,C0394,P018,3,1129.0,West,3387.0
O006592,2025-11-02,C0418,P006,2,393.0,South,786.0
O006593,2026-01-30,C0206,P019,3,269.0,North,807.0
O006594,2025-03-15,C0264,P014,2,1059.0,East,2118.0
O006595,2025-07-06,C0311,P013,1,797.0,South,797.0
O006596,2025-12-03,C0347,P008,3,729.0,East,2187.0
O006597,2025-08-28,C0394,P005,2,1124.0,West,2248.0
O006598,2026-06-17,C0185,P013,2,797.0,South,1594.0
O006599,2025-05-21,C0114,P006,4,393.0,West,1572.0
O006600,2025-09-22,C0079,P019,1,269.0,South,269.0
O006601,2025-05-19,C0357,P011,2,508.0,North,1016.0
O006602,2026-04-04,C0342,P016,3,420.0,South,1260.0
O006603,2025-03-11,C0301,P005,4,1124.0,North,4496.0
O006604,2026-01-20,C0050,P012,4,66.0,North,264.0
O006605,2025-07-17,C0320,P017,4,1000.0,South,4000.0
O006606,2025-07-24,C0095,P002,1,235.0,West,235.0
O006607,2026-03-07,C0258,P010,2,1132.0,East,2264.0
O006608,2025-11-21,C0429,P015,1,730.0,South,730.0
O006609,2026-03-18,C0351,P019,2,269.0,East,538.0
O006610,2025-10-15,C0062,P020,4,410.0,South,1640.0
O006611,2025-08-14,C0142,P017,3,1000.0,South,3000.0
O006612,2025-03-05,C0330,P019,3,269.0,North,807.0
O006613,2026-05-13,C0222,P019,1,269.0,East,269.0
O006614,2025-03-01,C0356,P013,4,797.0,East,3188.0
O006615,2026-02-01,C0111,P013,2,797.0,South,1594.0
O006616,2025-09-14,C0104,P016,1,420.0,East,420.0
O006617,2025-08-27,C0015,P003,4,358.0,North,1432.0
O006618,2025-02-07,C0270,P004,1,680.0,South,680.0
O006619,2025-01-25,C0159,P007,3,995.0,North,2985.0
O006620,2026-02-14,C0157,P003,4,358.0,East,1432.0
O006621,2026-04-06,C0027,P009,1,485.0,North,485.0
O006622,2026-02-21,C0085,P008,2,729.0,South,1458.0
O006623,2025-12-23,C0009,P018,3,1129.0,East,3387.0
O006624,2026-01-18,C0276,P014,2,1059.0,East,2118.0
O006625,2025-06-07,C0227,P020,1,410.0,West,410.0
O006626,2026-03-09,C0186,P005,4,1124.0,East,4496.0
O006627,2025-02-17,C0079,P003,3,358.0,South,1074.0
O006628,2025-11-24,C0216,P010,2,1132.0,North,2264.0
O006629,2026-03-09,C0433,P011,2,508.0,East,1016.0
O006630,2026-03-07,C0057,P017,4,1000.0,North,4000.0
O006631,2025-02-25,C0144,P008,1,729.0,South,729.0
O006632,2025-09-25,C0356,P009,2,485.0,East,970.0
O006633,2025-03-10,C0331,P008,1,729.0,South,729.0
O006634,2026-03-25,C0392,P020,1,410.0,South,410.0
O006635,2025-09-14,C0067,P002,1,235.0,North,235.0
O006636,2026-05-05,C0275,P004,4,680.0,East,2720.0
O006637,2025-02-18,C0494,P016,1,420.0,North,420.0
O006638,2025-11-12,C0105,P009,3,485.0,West,1455.0
O006639,2026-02-17,C0451,P009,4,485.0,West,1940.0
O006640,2026-03-10,C0420,P005,2,1124.0,West,2248.0
O006641,2025-01-02,C0473,P003,4,358.0,North,1432.0
O006642,2025-05-25,C0188,P014,2,1059.0,East,2118.0
O006643,2026-01-01,C0164,P015,3,730.0,East,2190.0
O006644,2026-02-24,C0267,P006,1,393.0,East,393.0
O006645,2026-03-20,C0051,P016,1,420.0,West,420.0
O006646,2026-03-10,C0126,P010,1,1132.0,South,1132.0
O006647,2025-02-26,C0080,P014,1,1059.0,North,1059.0
O006648,2025-06-27,C0183,P012,4,66.0,West,264.0
O006649,2025-10-20,C0310,P009,3,485.0,South,1455.0
O006650,2025-02-15,C0017,P019,2,269.0,South,538.0
O006651,2025-06-19,C0446,P012,4,66.0,West,264.0
O006652,2025-09-28,C0170,P013,1,797.0,East,797.0
O006653,2026-02-21,C0280,P013,1,797.0,West,797.0
O006654,2025-05-19,C0401,P017,1,1000.0,North,1000.0
O006655,2025-09-04,C0304,P002,2,235.0,East,470.0
O006656,2025-05-28,C0340,P020,2,410.0,North,820.0
O006657,2025-08-18,C0214,P009,4,485.0,North,1940.0
O006658,2026-01-09,C0198,P008,3,729.0,West,2187.0
O006659,2025-03-21,C0007,P007,2,995.0,North,1990.0
O006660,2025-03-06,C0398,P005,4,1124.0,South,4496.0
O006661,2025-03-29,C0011,P019,2,269.0,North,538.0
O006662,2025-03-29,C0012,P003,4,358.0,West,1432.0
O006663,2025-07-23,C0110,P013,1,797.0,North,797.0
O006664,2026-01-17,C0133,P006,2,393.0,North,786.0
O006665,2026-04-21,C0389,P011,1,508.0,West,508.0
O006666,2026-06-23,C0128,P004,3,680.0,West,2040.0
O006667,2025-08-02,C0148,P003,1,358.0,East,358.0
O006668,2025-03-15,C0054,P004,3,680.0,West,2040.0
O006669,2025-03-02,C0311,P003,2,358.0,South,716.0
O006670,2026-06-27,C0442,P013,3,797.0,West,2391.0
O006671,2025-08-07,C0079,P015,1,730.0,South,730.0
O006672,2025-01-12,C0346,P012,2,66.0,East,132.0
O006673,2026-02-19,C0097,P015,4,730.0,East,2920.0
O006674,2025-02-01,C0249,P011,2,508.0,West,1016.0
O006675,2025-06-09,C0127,P011,4,508.0,West,2032.0
O006676,2025-08-25,C0030,P013,1,797.0,North,797.0
O006677,2025-06-30,C0024,P012,2,66.0,South,132.0
O006678,2025-12-07,C0471,P006,4,393.0,North,1572.0
O006679,2026-04-03,C0201,P020,1,410.0,East,410.0
O006680,2025-03-21,C0131,P019,3,269.0,South,807.0
O006681,2026-04-18,C0122,P019,4,269.0,West,1076.0
O006682,2025-04-22,C0356,P003,3,358.0,East,1074.0
O006683,2025-10-19,C0432,P016,2,420.0,West,840.0
O006684,2026-01-18,C0327,P009,4,485.0,East,1940.0
O006685,2025-01-17,C0150,P014,1,1059.0,South,1059.0
O006686,2026-05-08,C0014,P003,1,358.0,North,358.0
O006687,2025-11-27,C0304,P003,3,358.0,East,1074.0
O006688,2026-05-01,C0029,P020,1,410.0,East,410.0
O006689,2026-02-10,C0050,P007,2,995.0,North,1990.0
O006690,2025-04-27,C0464,P019,2,269.0,East,538.0
O006691,2025-04-25,C0240,P003,3,358.0,North,1074.0
O006692,2025-12-02,C0482,P001,4,31.0,East,124.0
O006693,2025-12-02,C0394,P012,1,66.0,West,66.0
O006694,2025-05-27,C0455,P006,2,393.0,North,786.0
O006695,2025-05-02,C0473,P007,4,995.0,North,3980.0
O006696,2025-03-22,C0283,P002,2,235.0,South,470.0
O006697,2026-01-10,C0335,P018,2,1129.0,North,2258.0
O006698,2025-03-04,C0352,P015,4,730.0,West,2920.0
O006699,2026-05-19,C0156,P015,4,730.0,North,2920.0
O006700,2026-03-25,C0137,P010,1,1132.0,East,1132.0
O006701,2026-03-04,C0327,P017,3,1000.0,East,3000.0
O006702,2026-03-03,C0336,P018,3,1129.0,North,3387.0
O006703,2026-02-25,C0154,P018,2,1129.0,South,2258.0
O006704,2025-11-18,C0483,P015,3,730.0,South,2190.0
O006705,2025-06-15,C0081,P006,2,393.0,West,786.0
O006706,2026-04-06,C0087,P009,4,485.0,West,1940.0
O006707,2026-04-04,C0264,P011,2,508.0,East,1016.0
O006708,2025-07-08,C0258,P015,1,730.0,East,730.0
O006709,2026-04-09,C0479,P003,1,358.0,West,358.0
O006710,2026-01-14,C0185,P019,2,269.0,South,538.0
O006711,2025-01-02,C0180,P001,1,31.0,North,31.0
O006712,2025-12-30,C0186,P017,1,1000.0,East,1000.0
O006713,2025-03-13,C0123,P011,3,508.0,South,1524.0
O006714,2026-03-03,C0377,P018,4,1129.0,West,4516.0
O006715,2025-06-19,C0096,P011,4,508.0,South,2032.0
O006716,2025-07-24,C0093,P007,1,995.0,West,995.0
O006717,2025-12-03,C0003,P001,4,31.0,West,124.0
O006718,2026-04-17,C0392,P012,2,66.0,South,132.0
O006719,2025-07-14,C0443,P004,4,680.0,South,2720.0
O006720,2025-10-02,C0002,P008,1,729.0,West,729.0
O006721,2025-01-07,C0479,P015,4,730.0,West,2920.0
O006722,2025-06-27,C0446,P011,1,508.0,West,508.0
O006723,2025-08-30,C0371,P008,3,729.0,North,2187.0
O006724,2025-07-22,C0305,P012,1,66.0,West,66.0
O006725,2026-06-27,C0357,P003,2,358.0,North,716.0
O006726,2026-04-07,C0148,P004,2,680.0,East,1360.0
O006727,2025-03-21,C0285,P012,2,66.0,East,132.0
O006728,2026-06-07,C0145,P008,1,729.0,South,729.0
O006729,2026-02-21,C0330,P010,1,1132.0,North,1132.0
O006730,2026-01-19,C0361,P001,2,31.0,South,62.0
O006731,2026-01-26,C0406,P013,4,797.0,West,3188.0
O006732,2025-05-06,C0262,P007,1,995.0,West,995.0
O006733,2026-05-09,C0062,P020,4,410.0,South,1640.0
O006734,2025-02-16,C0491,P003,3,358.0,South,1074.0
O006735,2026-04-21,C0226,P016,3,420.0,North,1260.0
O006736,2026-04-09,C0031,P012,3,66.0,East,198.0
O006737,2025-05-03,C0190,P005,3,1124.0,North,3372.0
O006738,2026-04-19,C0375,P018,2,1129.0,North,2258.0
O006739,2025-05-14,C0268,P008,1,729.0,West,729.0
O006740,2025-01-23,C0012,P012,3,66.0,West,198.0
O006741,2025-08-23,C0191,P003,2,358.0,North,716.0
O006742,2025-02-28,C0400,P016,3,420.0,West,1260.0
O006743,2025-06-13,C0025,P010,1,1132.0,South,1132.0
O006744,2025-08-04,C0406,P017,3,1000.0,West,3000.0
O006745,2025-07-02,C0091,P010,3,1132.0,North,3396.0
O006746,2025-03-31,C0088,P003,4,358.0,East,1432.0
O006747,2025-11-07,C0332,P002,4,235.0,West,940.0
O006748,2025-09-14,C0274,P014,4,1059.0,West,4236.0
O006749,2026-06-17,C0301,P009,4,485.0,North,1940.0
O006750,2026-06-17,C0111,P017,3,1000.0,South,3000.0
O006751,2025-02-21,C0080,P004,3,680.0,North,2040.0
O006752,2025-12-04,C0324,P015,4,730.0,South,2920.0
O006753,2025-06-20,C0140,P013,1,797.0,West,797.0
O006754,2025-03-08,C0433,P019,2,269.0,East,538.0
O006755,2025-10-27,C0417,P009,3,485.0,South,1455.0
O006756,2025-08-20,C0214,P004,4,680.0,North,2720.0
O006757,2025-03-09,C0447,P008,2,729.0,West,1458.0
O006758,2026-05-21,C0018,P015,4,730.0,East,2920.0
O006759,2025-01-28,C0054,P014,4,1059.0,West,4236.0
O006760,2025-02-20,C0368,P003,1,358.0,West,358.0
O006761,2025-09-17,C0097,P017,1,1000.0,East,1000.0
O006762,2025-07-03,C0283,P008,3,729.0,South,2187.0
O006763,2025-01-23,C0234,P014,4,1059.0,South,4236.0
O006764,2025-05-09,C0467,P013,2,797.0,South,1594.0
O006765,2025-10-18,C0240,P015,3,730.0,North,2190.0
O006766,2026-05-16,C0334,P011,1,508.0,North,508.0
O006767,2025-07-05,C0409,P015,3,730.0,West,2190.0
O006768,2026-04-24,C0418,P012,3,66.0,South,198.0
O006769,2026-05-07,C0344,P009,4,485.0,South,1940.0
O006770,2026-05-28,C0486,P015,2,730.0,West,1460.0
O006771,2025-03-08,C0444,P001,1,31.0,South,31.0
O006772,2026-04-12,C0054,P012,3,66.0,West,198.0
O006773,2025-10-12,C0087,P006,3,393.0,West,1179.0
O006774,2026-02-21,C0261,P001,4,31.0,East,124.0
O006775,2025-04-10,C0236,P019,3,269.0,West,807.0
O006776,2025-07-08,C0123,P013,2,797.0,South,1594.0
O006777,2026-01-23,C0420,P006,4,393.0,West,1572.0
O006778,2025-08-29,C0054,P017,1,1000.0,West,1000.0
O006779,2026-02-21,C0216,P013,3,797.0,North,2391.0
O006780,2025-06-25,C0420,P009,3,485.0,West,1455.0
O006781,2026-01-22,C0197,P008,4,729.0,West,2916.0
O006782,2026-04-16,C0039,P015,3,730.0,East,2190.0
O006783,2025-08-21,C0454,P018,1,1129.0,West,1129.0
O006784,2026-03-28,C0365,P002,1,235.0,West,235.0
O006785,2025-10-04,C0228,P002,2,235.0,South,470.0
O006786,2025-08-17,C0237,P011,4,508.0,South,2032.0
O006787,2025-06-20,C0132,P001,3,31.0,North,93.0
O006788,2025-08-01,C0330,P018,4,1129.0,North,4516.0
O006789,2025-10-09,C0500,P007,4,995.0,West,3980.0
O006790,2025-02-10,C0321,P017,4,1000.0,East,4000.0
O006791,2025-05-02,C0469,P016,4,420.0,North,1680.0
O006792,2025-08-15,C0168,P007,4,995.0,North,3980.0
O006793,2025-10-21,C0487,P007,3,995.0,North,2985.0
O006794,2025-09-24,C0037,P002,2,235.0,South,470.0
O006795,2026-06-25,C0067,P005,2,1124.0,North,2248.0
O006796,2026-03-27,C0111,P014,2,1059.0,South,2118.0
O006797,2026-03-25,C0415,P008,3,729.0,East,2187.0
O006798,2025-03-02,C0219,P012,3,66.0,East,198.0
O006799,2026-05-17,C0209,P007,4,995.0,North,3980.0
O006800,2025-05-27,C0381,P006,2,393.0,North,786.0
O006801,2025-11-30,C0087,P013,4,797.0,West,3188.0
O006802,2025-05-22,C0461,P012,2,66.0,North,132.0
O006803,2025-02-13,C0303,P017,1,1000.0,East,1000.0
O006804,2025-05-24,C0411,P016,3,420.0,South,1260.0
O006805,2025-11-29,C0179,P001,1,31.0,West,31.0
O006806,2026-05-12,C0404,P007,2,995.0,West,1990.0
O006807,2026-01-31,C0494,P003,4,358.0,North,1432.0
O006808,2025-02-24,C0013,P006,3,393.0,West,1179.0
O006809,2025-11-03,C0447,P003,3,358.0,West,1074.0
O006810,2026-02-27,C0300,P003,4,358.0,North,1432.0
O006811,2026-02-21,C0408,P008,1,729.0,North,729.0
O006812,2025-11-21,C0125,P014,1,1059.0,North,1059.0
O006813,2025-03-21,C0375,P009,1,485.0,North,485.0
O006814,2025-01-31,C0233,P005,1,1124.0,East,1124.0
O006815,2025-04-22,C0251,P015,3,730.0,South,2190.0
O006816,2026-04-17,C0387,P017,2,1000.0,South,2000.0
O006817,2025-03-15,C0126,P010,4,1132.0,South,4528.0
O006818,2026-04-24,C0235,P008,2,729.0,North,1458.0
O006819,2026-01-22,C0138,P018,2,1129.0,West,2258.0
O006820,2026-03-09,C0449,P006,1,393.0,South,393.0
O006821,2026-02-16,C0049,P017,2,1000.0,East,2000.0
O006822,2026-04-12,C0380,P004,1,680.0,South,680.0
O006823,2025-09-05,C0186,P015,1,730.0,East,730.0
O006824,2025-04-30,C0205,P010,2,1132.0,East,2264.0
O006825,2025-03-08,C0078,P013,4,797.0,North,3188.0
O006826,2025-11-23,C0481,P001,2,31.0,East,62.0
O006827,2026-04-15,C0386,P009,2,485.0,West,970.0
O006828,2026-05-08,C0194,P005,3,1124.0,East,3372.0
O006829,2025-10-13,C0103,P011,1,508.0,South,508.0
O006830,2025-11-08,C0105,P004,3,680.0,West,2040.0
O006831,2025-11-05,C0376,P020,4,410.0,South,1640.0
O006832,2025-04-07,C0287,P016,2,420.0,South,840.0
O006833,2025-04-23,C0324,P018,3,1129.0,South,3387.0
O006834,2026-04-01,C0482,P008,3,729.0,East,2187.0
O006835,2026-04-08,C0211,P002,2,235.0,East,470.0
O006836,2025-05-12,C0250,P017,2,1000.0,West,2000.0
O006837,2025-05-01,C0293,P010,1,1132.0,West,1132.0
O006838,2025-07-16,C0201,P013,1,797.0,East,797.0
O006839,2026-04-27,C0024,P015,3,730.0,South,2190.0
O006840,2025-02-08,C0461,P009,2,485.0,North,970.0
O006841,2026-05-27,C0300,P008,1,729.0,North,729.0
O006842,2026-04-19,C0478,P006,1,393.0,East,393.0
O006843,2025-06-10,C0083,P004,4,680.0,South,2720.0
O006844,2025-10-16,C0297,P018,3,1129.0,West,3387.0
O006845,2025-07-19,C0458,P003,3,358.0,South,1074.0
O006846,2026-06-12,C0179,P004,3,680.0,West,2040.0
O006847,2026-05-18,C0298,P013,2,797.0,North,1594.0
O006848,2025-09-05,C0364,P020,4,410.0,East,1640.0
O006849,2026-01-18,C0206,P011,1,508.0,North,508.0
O006850,2025-08-06,C0040,P008,4,729.0,South,2916.0
O006851,2025-03-28,C0304,P014,1,1059.0,East,1059.0
O006852,2025-03-23,C0113,P014,1,1059.0,West,1059.0
O006853,2025-03-03,C0340,P016,4,420.0,North,1680.0
O006854,2026-05-15,C0004,P014,3,1059.0,East,3177.0
O006855,2025-02-11,C0486,P001,2,31.0,West,62.0
O006856,2025-01-12,C0108,P002,4,235.0,West,940.0
O006857,2025-04-25,C0316,P020,3,410.0,East,1230.0
O006858,2025-08-06,C0114,P001,3,31.0,West,93.0
O006859,2025-04-16,C0167,P011,2,508.0,South,1016.0
O006860,2026-06-12,C0261,P006,2,393.0,East,786.0
O006861,2026-04-17,C0106,P015,3,730.0,North,2190.0
O006862,2026-01-22,C0224,P012,2,66.0,South,132.0
O006863,2025-08-14,C0262,P005,3,1124.0,West,3372.0
O006864,2026-04-26,C0251,P012,1,66.0,South,66.0
O006865,2026-02-12,C0014,P014,2,1059.0,North,2118.0
O006866,2026-04-02,C0198,P014,1,1059.0,West,1059.0
O006867,2025-01-21,C0126,P019,2,269.0,South,538.0
O006868,2025-07-22,C0206,P005,3,1124.0,North,3372.0
O006869,2026-02-21,C0140,P003,3,358.0,West,1074.0
O006870,2026-02-20,C0062,P018,3,1129.0,South,3387.0
O006871,2026-03-24,C0283,P006,3,393.0,South,1179.0
O006872,2026-05-27,C0054,P009,3,485.0,West,1455.0
O006873,2025-03-26,C0346,P007,3,995.0,East,2985.0
O006874,2025-06-16,C0012,P018,2,1129.0,West,2258.0
O006875,2026-01-19,C0136,P002,2,235.0,South,470.0
O006876,2026-04-13,C0330,P020,1,410.0,North,410.0
O006877,2025-03-13,C0144,P010,4,1132.0,South,4528.0
O006878,2026-06-05,C0436,P012,2,66.0,West,132.0
O006879,2026-04-18,C0282,P002,2,235.0,South,470.0
O006880,2025-09-15,C0136,P013,4,797.0,South,3188.0
O006881,2025-10-02,C0489,P008,4,729.0,West,2916.0
O006882,2025-01-20,C0301,P007,1,995.0,North,995.0
O006883,2026-05-05,C0221,P003,1,358.0,East,358.0
O006884,2026-05-05,C0340,P008,3,729.0,North,2187.0
O006885,2025-11-22,C0209,P001,1,31.0,North,31.0
O006886,2026-06-13,C0403,P015,1,730.0,East,730.0
O006887,2025-03-30,C0401,P001,4,31.0,North,124.0
O006888,2026-05-01,C0359,P012,2,66.0,West,132.0
O006889,2025-12-16,C0380,P011,3,508.0,South,1524.0
O006890,2025-03-25,C0449,P016,1,420.0,South,420.0
O006891,2026-01-22,C0123,P004,4,680.0,South,2720.0
O006892,2025-03-28,C0116,P002,3,235.0,West,705.0
O006893,2025-11-03,C0157,P003,3,358.0,East,1074.0
O006894,2025-06-03,C0270,P004,4,680.0,South,2720.0
O006895,2026-03-16,C0017,P018,1,1129.0,South,1129.0
O006896,2025-09-21,C0269,P012,1,66.0,South,66.0
O006897,2026-02-25,C0349,P001,1,31.0,South,31.0
O006898,2026-05-08,C0482,P003,1,358.0,East,358.0
O006899,2026-02-15,C0219,P004,3,680.0,East,2040.0
O006900,2025-06-22,C0319,P006,2,393.0,North,786.0
O006901,2025-01-04,C0238,P017,3,1000.0,North,3000.0
O006902,2026-04-17,C0033,P008,3,729.0,North,2187.0
O006903,2025-04-20,C0285,P018,4,1129.0,East,4516.0
O006904,2025-02-06,C0037,P016,3,420.0,South,1260.0
O006905,2025-01-31,C0103,P006,1,393.0,South,393.0
O006906,2026-01-16,C0211,P019,4,269.0,East,1076.0
O006907,2025-09-25,C0430,P008,4,729.0,North,2916.0
O006908,2025-01-11,C0280,P004,4,680.0,West,2720.0
O006909,2025-12-10,C0142,P009,4,485.0,South,1940.0
O006910,2026-06-28,C0239,P008,4,729.0,East,2916.0
O006911,2025-06-15,C0229,P019,1,269.0,West,269.0
O006912,2025-12-08,C0133,P001,2,31.0,North,62.0
O006913,2026-04-27,C0125,P004,2,680.0,North,1360.0
O006914,2025-01-19,C0053,P010,4,1132.0,West,4528.0
O006915,2025-07-03,C0088,P008,2,729.0,East,1458.0
O006916,2026-06-29,C0098,P003,3,358.0,South,1074.0
O006917,2025-01-10,C0370,P012,2,66.0,North,132.0
O006918,2025-07-11,C0095,P009,3,485.0,West,1455.0
O006919,2025-11-16,C0414,P003,1,358.0,East,358.0
O006920,2026-04-20,C0188,P004,4,680.0,East,2720.0
O006921,2026-03-03,C0376,P006,3,393.0,South,1179.0
O006922,2025-02-28,C0256,P009,1,485.0,East,485.0
O006923,2026-03-12,C0073,P002,1,235.0,North,235.0
O006924,2025-04-07,C0475,P002,4,235.0,East,940.0
O006925,2026-05-11,C0412,P018,2,1129.0,West,2258.0
O006926,2025-10-05,C0362,P003,1,358.0,East,358.0
O006927,2025-09-22,C0282,P003,2,358.0,South,716.0
O006928,2025-01-09,C0018,P018,2,1129.0,East,2258.0
O006929,2026-04-02,C0164,P006,2,393.0,East,786.0
O006930,2025-09-30,C0392,P001,3,31.0,South,93.0
O006931,2025-01-08,C0146,P015,2,730.0,North,1460.0
O006932,2025-07-27,C0468,P011,2,508.0,West,1016.0
O006933,2025-05-03,C0314,P010,1,1132.0,West,1132.0
O006934,2025-02-02,C0253,P004,4,680.0,West,2720.0
O006935,2026-05-28,C0160,P014,3,1059.0,West,3177.0
O006936,2025-07-23,C0349,P002,2,235.0,South,470.0
O006937,2026-06-02,C0049,P013,4,797.0,East,3188.0
O006938,2026-06-01,C0176,P016,2,420.0,North,840.0
O006939,2026-03-19,C0466,P012,2,66.0,South,132.0
O006940,2025-12-05,C0327,P005,1,1124.0,East,1124.0
O006941,2026-03-14,C0065,P019,4,269.0,South,1076.0
O006942,2026-03-21,C0476,P003,1,358.0,West,358.0
O006943,2025-05-16,C0289,P020,1,410.0,South,410.0
O006944,2026-01-22,C0050,P002,2,235.0,North,470.0
O006945,2025-01-25,C0004,P017,2,1000.0,East,2000.0
O006946,2026-05-21,C0119,P011,2,508.0,West,1016.0
O006947,2025-11-21,C0340,P001,4,31.0,North,124.0
O006948,2025-12-04,C0373,P019,4,269.0,North,1076.0
O006949,2025-04-05,C0500,P008,4,729.0,West,2916.0
O006950,2026-06-29,C0164,P011,4,508.0,East,2032.0
O006951,2025-05-26,C0223,P008,2,729.0,North,1458.0
O006952,2025-08-19,C0358,P017,2,1000.0,East,2000.0
O006953,2026-05-10,C0156,P020,1,410.0,North,410.0
O006954,2025-02-07,C0387,P006,2,393.0,South,786.0
O006955,2026-03-01,C0262,P007,4,995.0,West,3980.0
O006956,2026-03-13,C0173,P013,3,797.0,East,2391.0
O006957,2026-01-03,C0023,P007,2,995.0,South,1990.0
O006958,2025-12-11,C0391,P011,4,508.0,West,2032.0
O006959,2025-06-09,C0376,P010,1,1132.0,South,1132.0
O006960,2026-06-25,C0061,P008,2,729.0,South,1458.0
O006961,2025-05-24,C0356,P010,3,1132.0,East,3396.0
O006962,2025-12-11,C0321,P011,4,508.0,East,2032.0
O006963,2025-09-26,C0134,P020,2,410.0,South,820.0
O006964,2025-09-25,C0024,P017,4,1000.0,South,4000.0
O006965,2025-06-18,C0293,P011,3,508.0,West,1524.0
O006966,2025-02-02,C0045,P016,3,420.0,South,1260.0
O006967,2026-01-12,C0179,P005,1,1124.0,West,1124.0
O006968,2025-08-02,C0356,P010,3,1132.0,East,3396.0
O006969,2026-03-16,C0472,P020,2,410.0,West,820.0
O006970,2026-05-07,C0358,P005,3,1124.0,East,3372.0
O006971,2026-01-28,C0429,P020,2,410.0,South,820.0
O006972,2026-05-04,C0063,P009,2,485.0,West,970.0
O006973,2025-01-29,C0029,P003,4,358.0,East,1432.0
O006974,2025-02-08,C0357,P003,2,358.0,North,716.0
O006975,2025-06-22,C0365,P010,2,1132.0,West,2264.0
O006976,2025-01-17,C0096,P007,1,995.0,South,995.0
O006977,2025-02-25,C0409,P002,4,235.0,West,940.0
O006978,2025-08-14,C0266,P008,2,729.0,West,1458.0
O006979,2025-03-08,C0291,P012,1,66.0,North,66.0
O006980,2025-07-16,C0055,P009,4,485.0,East,1940.0
O006981,2025-01-23,C0153,P011,3,508.0,North,1524.0
O006982,2025-08-25,C0219,P019,2,269.0,East,538.0
O006983,2025-05-18,C0173,P020,3,410.0,East,1230.0
O006984,2026-04-18,C0096,P017,4,1000.0,South,4000.0
O006985,2025-08-17,C0123,P013,4,797.0,South,3188.0
O006986,2025-11-13,C0012,P001,1,31.0,West,31.0
O006987,2025-07-20,C0004,P001,2,31.0,East,62.0
O006988,2025-09-15,C0362,P008,2,729.0,East,1458.0
O006989,2026-04-25,C0346,P013,1,797.0,East,797.0
O006990,2025-06-27,C0067,P006,3,393.0,North,1179.0
O006991,2025-05-03,C0145,P003,4,358.0,South,1432.0
O006992,2025-12-08,C0457,P016,1,420.0,North,420.0
O006993,2025-06-20,C0477,P010,4,1132.0,North,4528.0
O006994,2025-02-28,C0065,P007,3,995.0,South,2985.0
O006995,2026-04-10,C0082,P003,3,358.0,East,1074.0
O006996,2025-09-17,C0105,P014,3,1059.0,West,3177.0
O006997,2026-01-08,C0181,P016,2,420.0,South,840.0
O006998,2025-04-05,C0340,P004,4,680.0,North,2720.0
O006999,2025-05-05,C0441,P013,4,797.0,North,3188.0
O007000,2025-02-10,C0105,P001,1,31.0,West,31.0
O007001,2025-09-11,C0226,P005,4,1124.0,North,4496.0
O007002,2025-01-07,C0371,P018,2,1129.0,North,2258.0
O007003,2026-04-16,C0028,P012,1,66.0,East,66.0
O007004,2026-05-26,C0496,P011,3,508.0,South,1524.0
O007005,2025-03-10,C0483,P009,4,485.0,South,1940.0
O007006,2025-03-22,C0016,P007,2,995.0,North,1990.0
O007007,2026-06-26,C0277,P014,2,1059.0,West,2118.0
O007008,2025-09-19,C0333,P003,4,358.0,North,1432.0
O007009,2025-03-30,C0483,P016,2,420.0,South,840.0
O007010,2025-07-27,C0298,P007,3,995.0,North,2985.0
O007011,2025-08-01,C0054,P001,4,31.0,West,124.0
O007012,2025-09-23,C0288,P006,4,393.0,East,1572.0
O007013,2025-10-20,C0114,P006,4,393.0,West,1572.0
O007014,2025-07-26,C0038,P010,1,1132.0,North,1132.0
O007015,2025-11-29,C0454,P012,3,66.0,West,198.0
O007016,2025-03-18,C0370,P019,2,269.0,North,538.0
O007017,2025-10-15,C0230,P006,4,393.0,East,1572.0
O007018,2025-02-16,C0166,P014,4,1059.0,West,4236.0
O007019,2025-07-19,C0182,P003,2,358.0,North,716.0
O007020,2026-03-03,C0444,P010,3,1132.0,South,3396.0
O007021,2025-07-29,C0205,P009,2,485.0,East,970.0
O007022,2026-02-24,C0366,P020,2,410.0,South,820.0
O007023,2025-06-03,C0245,P019,4,269.0,North,1076.0
O007024,2026-06-06,C0359,P015,1,730.0,West,730.0
O007025,2026-02-19,C0333,P009,1,485.0,North,485.0
O007026,2025-12-19,C0431,P019,1,269.0,North,269.0
O007027,2025-06-06,C0396,P008,1,729.0,West,729.0
O007028,2025-09-18,C0309,P004,1,680.0,West,680.0
O007029,2025-03-18,C0417,P005,4,1124.0,South,4496.0
O007030,2026-05-03,C0412,P019,1,269.0,West,269.0
O007031,2025-05-11,C0121,P014,2,1059.0,West,2118.0
O007032,2026-03-31,C0259,P018,4,1129.0,East,4516.0
O007033,2025-06-12,C0210,P019,2,269.0,North,538.0
O007034,2025-01-15,C0410,P006,1,393.0,North,393.0
O007035,2025-08-20,C0310,P005,3,1124.0,South,3372.0
O007036,2025-07-14,C0296,P011,1,508.0,East,508.0
O007037,2026-06-26,C0194,P005,4,1124.0,East,4496.0
O007038,2025-12-25,C0068,P008,2,729.0,West,1458.0
O007039,2025-11-27,C0114,P005,3,1124.0,West,3372.0
O007040,2026-03-03,C0220,P011,3,508.0,West,1524.0
O007041,2026-05-12,C0220,P013,3,797.0,West,2391.0
O007042,2026-05-01,C0473,P006,2,393.0,North,786.0
O007043,2026-03-25,C0218,P005,4,1124.0,West,4496.0
O007044,2026-02-17,C0237,P018,3,1129.0,South,3387.0
O007045,2025-11-26,C0431,P010,2,1132.0,North,2264.0
O007046,2025-05-27,C0386,P016,2,420.0,West,840.0
O007047,2025-09-16,C0298,P014,1,1059.0,North,1059.0
O007048,2025-10-19,C0418,P015,2,730.0,South,1460.0
O007049,2025-05-23,C0094,P003,4,358.0,East,1432.0
O007050,2025-12-31,C0253,P003,4,358.0,West,1432.0
O007051,2025-03-31,C0405,P012,3,66.0,South,198.0
O007052,2025-06-13,C0492,P015,2,730.0,East,1460.0
O007053,2026-04-26,C0357,P011,2,508.0,North,1016.0
O007054,2025-03-25,C0428,P010,1,1132.0,West,1132.0
O007055,2025-03-18,C0215,P020,1,410.0,West,410.0
O007056,2026-06-01,C0481,P015,2,730.0,East,1460.0
O007057,2026-04-30,C0380,P018,2,1129.0,South,2258.0
O007058,2025-04-14,C0258,P014,2,1059.0,East,2118.0
O007059,2026-03-28,C0347,P006,1,393.0,East,393.0
O007060,2026-05-02,C0240,P014,1,1059.0,North,1059.0
O007061,2025-12-05,C0315,P016,4,420.0,West,1680.0
O007062,2026-04-23,C0214,P002,3,235.0,North,705.0
O007063,2025-08-11,C0098,P019,3,269.0,South,807.0
O007064,2025-01-09,C0016,P005,3,1124.0,North,3372.0
O007065,2025-02-22,C0404,P011,3,508.0,West,1524.0
O007066,2025-03-18,C0154,P011,1,508.0,South,508.0
O007067,2026-05-18,C0016,P019,1,269.0,North,269.0
O007068,2025-11-12,C0198,P018,2,1129.0,West,2258.0
O007069,2025-06-14,C0493,P008,4,729.0,South,2916.0
O007070,2025-10-06,C0108,P012,4,66.0,West,264.0
O007071,2025-01-27,C0023,P009,3,485.0,South,1455.0
O007072,2025-03-11,C0042,P003,2,358.0,South,716.0
O007073,2025-08-06,C0037,P006,2,393.0,South,786.0
O007074,2025-12-31,C0328,P001,1,31.0,East,31.0
O007075,2025-11-02,C0390,P017,2,1000.0,West,2000.0
O007076,2025-05-04,C0165,P003,4,358.0,North,1432.0
O007077,2025-01-19,C0116,P018,4,1129.0,West,4516.0
O007078,2025-09-14,C0150,P018,2,1129.0,South,2258.0
O007079,2025-10-23,C0006,P002,1,235.0,North,235.0
O007080,2025-01-22,C0032,P004,4,680.0,North,2720.0
O007081,2026-03-26,C0145,P001,1,31.0,South,31.0
O007082,2025-02-17,C0294,P010,1,1132.0,South,1132.0
O007083,2025-07-02,C0401,P005,4,1124.0,North,4496.0
O007084,2026-03-11,C0293,P005,1,1124.0,West,1124.0
O007085,2025-04-17,C0407,P009,3,485.0,South,1455.0
O007086,2025-07-07,C0177,P014,3,1059.0,East,3177.0
O007087,2025-03-27,C0445,P013,3,797.0,West,2391.0
O007088,2026-04-01,C0177,P013,2,797.0,East,1594.0
O007089,2025-05-17,C0061,P001,4,31.0,South,124.0
O007090,2025-12-02,C0077,P017,3,1000.0,West,3000.0
O007091,2026-04-14,C0416,P020,1,410.0,South,410.0
O007092,2026-02-07,C0383,P008,3,729.0,East,2187.0
O007093,2026-06-24,C0086,P003,1,358.0,South,358.0
O007094,2025-03-13,C0191,P017,4,1000.0,North,4000.0
O007095,2025-01-24,C0007,P012,3,66.0,North,198.0
O007096,2026-04-30,C0406,P018,4,1129.0,West,4516.0
O007097,2025-02-25,C0085,P014,3,1059.0,South,3177.0
O007098,2025-08-11,C0262,P011,1,508.0,West,508.0
O007099,2025-06-28,C0445,P016,1,420.0,West,420.0
O007100,2026-03-10,C0398,P004,2,680.0,South,1360.0
O007101,2026-03-26,C0400,P018,2,1129.0,West,2258.0
O007102,2026-05-07,C0259,P007,2,995.0,East,1990.0
O007103,2025-07-08,C0393,P011,3,508.0,South,1524.0
O007104,2026-02-24,C0047,P016,4,420.0,South,1680.0
O007105,2025-09-06,C0341,P016,3,420.0,South,1260.0
O007106,2025-06-13,C0498,P003,1,358.0,North,358.0
O007107,2025-09-12,C0094,P009,4,485.0,East,1940.0
O007108,2026-04-21,C0478,P008,1,729.0,East,729.0
O007109,2026-02-21,C0426,P007,2,995.0,East,1990.0
O007110,2025-06-19,C0426,P017,1,1000.0,East,1000.0
O007111,2025-11-13,C0224,P011,3,508.0,South,1524.0
O007112,2025-06-23,C0279,P004,1,680.0,West,680.0
O007113,2026-04-15,C0003,P004,1,680.0,West,680.0
O007114,2025-12-11,C0129,P005,1,1124.0,North,1124.0
O007115,2026-03-21,C0323,P008,4,729.0,East,2916.0
O007116,2025-01-18,C0249,P010,1,1132.0,West,1132.0
O007117,2025-03-11,C0229,P017,1,1000.0,West,1000.0
O007118,2025-12-04,C0327,P006,2,393.0,East,786.0
O007119,2026-06-11,C0131,P009,2,485.0,South,970.0
O007120,2026-04-01,C0228,P010,3,1132.0,South,3396.0
O007121,2025-09-26,C0177,P008,2,729.0,East,1458.0
O007122,2025-07-07,C0323,P015,1,730.0,East,730.0
O007123,2026-06-13,C0311,P018,2,1129.0,South,2258.0
O007124,2026-03-10,C0388,P005,4,1124.0,North,4496.0
O007125,2025-10-15,C0031,P018,3,1129.0,East,3387.0
O007126,2026-05-14,C0066,P001,2,31.0,East,62.0
O007127,2026-03-17,C0206,P002,3,235.0,North,705.0
O007128,2025-10-30,C0101,P010,3,1132.0,North,3396.0
O007129,2025-03-28,C0320,P006,3,393.0,South,1179.0
O007130,2026-03-14,C0031,P019,4,269.0,East,1076.0
O007131,2026-06-25,C0373,P011,1,508.0,North,508.0
O007132,2025-01-22,C0191,P018,4,1129.0,North,4516.0
O007133,2026-06-01,C0066,P016,3,420.0,East,1260.0
O007134,2026-05-18,C0415,P008,2,729.0,East,1458.0
O007135,2026-04-12,C0303,P004,2,680.0,East,1360.0
O007136,2025-04-11,C0235,P011,4,508.0,North,2032.0
O007137,2025-05-21,C0278,P010,2,1132.0,East,2264.0
O007138,2025-05-18,C0202,P016,3,420.0,North,1260.0
O007139,2025-08-16,C0500,P012,3,66.0,West,198.0
O007140,2025-10-08,C0350,P003,1,358.0,East,358.0
O007141,2026-03-07,C0225,P011,3,508.0,South,1524.0
O007142,2025-02-09,C0083,P016,2,420.0,South,840.0
O007143,2026-06-03,C0046,P003,1,358.0,East,358.0
O007144,2025-07-30,C0089,P010,2,1132.0,West,2264.0
O007145,2025-10-29,C0186,P016,4,420.0,East,1680.0
O007146,2025-03-27,C0375,P007,1,995.0,North,995.0
O007147,2026-02-01,C0189,P015,3,730.0,East,2190.0
O007148,2025-09-10,C0246,P015,1,730.0,West,730.0
O007149,2026-06-17,C0046,P010,3,1132.0,East,3396.0
O007150,2026-01-16,C0257,P003,3,358.0,West,1074.0
O007151,2026-03-20,C0352,P006,2,393.0,West,786.0
O007152,2025-02-02,C0409,P018,3,1129.0,West,3387.0
O007153,2025-09-17,C0061,P005,3,1124.0,South,3372.0
O007154,2025-08-22,C0105,P016,3,420.0,West,1260.0
O007155,2026-05-30,C0337,P013,2,797.0,West,1594.0
O007156,2025-11-04,C0014,P003,3,358.0,North,1074.0
O007157,2025-03-11,C0301,P015,4,730.0,North,2920.0
O007158,2026-03-30,C0077,P020,2,410.0,West,820.0
O007159,2026-03-15,C0230,P006,4,393.0,East,1572.0
O007160,2025-12-30,C0167,P004,1,680.0,South,680.0
O007161,2026-04-26,C0066,P015,2,730.0,East,1460.0
O007162,2025-05-24,C0032,P018,4,1129.0,North,4516.0
O007163,2025-01-24,C0096,P009,2,485.0,South,970.0
O007164,2026-03-01,C0058,P020,3,410.0,North,1230.0
O007165,2025-06-24,C0104,P004,2,680.0,East,1360.0
O007166,2025-11-21,C0312,P016,1,420.0,North,420.0
O007167,2025-12-14,C0134,P018,4,1129.0,South,4516.0
O007168,2025-01-18,C0217,P005,2,1124.0,South,2248.0
O007169,2025-02-13,C0067,P013,3,797.0,North,2391.0
O007170,2025-06-04,C0466,P006,4,393.0,South,1572.0
O007171,2026-01-12,C0178,P019,4,269.0,South,1076.0
O007172,2026-02-06,C0374,P012,4,66.0,East,264.0
O007173,2025-08-13,C0247,P015,1,730.0,South,730.0
O007174,2025-08-05,C0294,P009,3,485.0,South,1455.0
O007175,2025-01-31,C0235,P007,3,995.0,North,2985.0
O007176,2025-02-28,C0131,P014,4,1059.0,South,4236.0
O007177,2025-12-19,C0112,P019,2,269.0,North,538.0
O007178,2026-03-21,C0389,P020,4,410.0,West,1640.0
O007179,2025-08-23,C0408,P016,3,420.0,North,1260.0
O007180,2025-04-17,C0054,P004,1,680.0,West,680.0
O007181,2025-07-10,C0290,P012,1,66.0,East,66.0
O007182,2026-06-14,C0239,P018,4,1129.0,East,4516.0
O007183,2025-09-02,C0240,P008,1,729.0,North,729.0
O007184,2025-03-17,C0295,P017,1,1000.0,North,1000.0
O007185,2025-09-24,C0112,P003,2,358.0,North,716.0
O007186,2025-11-13,C0088,P004,1,680.0,East,680.0
O007187,2025-05-01,C0228,P010,2,1132.0,South,2264.0
O007188,2025-01-25,C0476,P016,4,420.0,West,1680.0
O007189,2026-03-08,C0304,P020,3,410.0,East,1230.0
O007190,2025-06-09,C0305,P002,3,235.0,West,705.0
O007191,2025-04-24,C0290,P012,2,66.0,East,132.0
O007192,2026-05-17,C0208,P016,3,420.0,East,1260.0
O007193,2025-06-15,C0356,P010,4,1132.0,East,4528.0
O007194,2025-06-24,C0391,P005,3,1124.0,West,3372.0
O007195,2025-01-01,C0274,P012,1,66.0,West,66.0
O007196,2025-03-27,C0070,P003,4,358.0,West,1432.0
O007197,2025-11-16,C0370,P012,4,66.0,North,264.0
O007198,2026-02-05,C0220,P001,3,31.0,West,93.0
O007199,2026-01-17,C0231,P002,3,235.0,West,705.0
O007200,2025-11-14,C0290,P011,2,508.0,East,1016.0
O007201,2025-09-07,C0307,P012,1,66.0,East,66.0
O007202,2026-06-09,C0361,P007,3,995.0,South,2985.0
O007203,2025-09-13,C0349,P001,3,31.0,South,93.0
O007204,2025-11-03,C0255,P013,2,797.0,North,1594.0
O007205,2025-05-24,C0452,P013,3,797.0,East,2391.0
O007206,2026-01-26,C0142,P002,1,235.0,South,235.0
O007207,2025-06-18,C0069,P010,1,1132.0,North,1132.0
O007208,2025-10-25,C0089,P001,4,31.0,West,124.0
O007209,2025-08-21,C0359,P007,4,995.0,West,3980.0
O007210,2025-09-28,C0136,P013,1,797.0,South,797.0
O007211,2025-03-01,C0143,P002,2,235.0,South,470.0
O007212,2025-10-23,C0339,P020,4,410.0,South,1640.0
O007213,2026-04-12,C0187,P007,1,995.0,West,995.0
O007214,2025-08-23,C0011,P017,1,1000.0,North,1000.0
O007215,2025-08-22,C0148,P005,4,1124.0,East,4496.0
O007216,2026-01-03,C0439,P011,1,508.0,West,508.0
O007217,2025-08-20,C0292,P011,1,508.0,North,508.0
O007218,2026-05-06,C0338,P011,1,508.0,West,508.0
O007219,2026-05-18,C0398,P017,1,1000.0,South,1000.0
O007220,2026-01-16,C0442,P019,4,269.0,West,1076.0
O007221,2026-03-04,C0038,P008,2,729.0,North,1458.0
O007222,2025-12-30,C0345,P020,1,410.0,South,410.0
O007223,2025-07-21,C0208,P014,3,1059.0,East,3177.0
O007224,2025-05-26,C0210,P010,2,1132.0,North,2264.0
O007225,2026-04-02,C0001,P007,3,995.0,South,2985.0
O007226,2025-05-15,C0360,P002,3,235.0,East,705.0
O007227,2025-09-21,C0065,P017,1,1000.0,South,1000.0
O007228,2025-03-05,C0001,P001,4,31.0,South,124.0
O007229,2026-05-06,C0243,P013,3,797.0,West,2391.0
O007230,2025-02-10,C0469,P019,3,269.0,North,807.0
O007231,2025-10-23,C0381,P014,3,1059.0,North,3177.0
O007232,2025-01-03,C0316,P018,1,1129.0,East,1129.0
O007233,2025-04-20,C0025,P020,1,410.0,South,410.0
O007234,2025-08-09,C0347,P014,4,1059.0,East,4236.0
O007235,2026-01-05,C0394,P015,1,730.0,West,730.0
O007236,2026-01-03,C0050,P014,2,1059.0,North,2118.0
O007237,2026-03-12,C0396,P005,4,1124.0,West,4496.0
O007238,2025-01-04,C0348,P016,1,420.0,North,420.0
O007239,2025-09-01,C0241,P005,1,1124.0,West,1124.0
O007240,2025-06-15,C0032,P013,3,797.0,North,2391.0
O007241,2025-01-26,C0033,P016,1,420.0,North,420.0
O007242,2026-01-30,C0200,P015,3,730.0,West,2190.0
O007243,2026-04-19,C0234,P005,1,1124.0,South,1124.0
O007244,2025-01-17,C0026,P006,1,393.0,West,393.0
O007245,2025-04-02,C0042,P013,1,797.0,South,797.0
O007246,2026-04-28,C0434,P016,1,420.0,North,420.0
O007247,2026-06-27,C0061,P010,1,1132.0,South,1132.0
O007248,2025-07-24,C0041,P002,4,235.0,North,940.0
O007249,2026-05-17,C0441,P013,1,797.0,North,797.0
O007250,2026-02-04,C0130,P017,1,1000.0,East,1000.0
O007251,2025-07-26,C0355,P001,3,31.0,North,93.0
O007252,2025-05-26,C0354,P004,2,680.0,North,1360.0
O007253,2025-04-11,C0198,P018,2,1129.0,West,2258.0
O007254,2025-08-29,C0287,P006,4,393.0,South,1572.0
O007255,2025-06-12,C0151,P012,1,66.0,West,66.0
O007256,2025-06-22,C0204,P020,2,410.0,West,820.0
O007257,2026-05-17,C0182,P013,3,797.0,North,2391.0
O007258,2025-10-11,C0371,P002,3,235.0,North,705.0
O007259,2025-12-25,C0412,P017,4,1000.0,West,4000.0
O007260,2026-01-16,C0207,P010,3,1132.0,North,3396.0
O007261,2026-06-17,C0147,P019,2,269.0,East,538.0
O007262,2025-06-12,C0204,P005,2,1124.0,West,2248.0
O007263,2025-11-03,C0498,P012,2,66.0,North,132.0
O007264,2025-12-05,C0048,P018,1,1129.0,East,1129.0
O007265,2025-02-24,C0258,P009,3,485.0,East,1455.0
O007266,2025-11-29,C0139,P011,3,508.0,South,1524.0
O007267,2025-05-07,C0172,P004,1,680.0,North,680.0
O007268,2025-08-31,C0101,P010,2,1132.0,North,2264.0
O007269,2026-02-13,C0187,P001,3,31.0,West,93.0
O007270,2026-05-18,C0384,P002,1,235.0,West,235.0
O007271,2025-10-30,C0315,P009,1,485.0,West,485.0
O007272,2026-04-09,C0376,P018,2,1129.0,South,2258.0
O007273,2025-08-23,C0294,P016,4,420.0,South,1680.0
O007274,2025-02-07,C0409,P014,1,1059.0,West,1059.0
O007275,2025-05-19,C0363,P004,2,680.0,South,1360.0
O007276,2025-07-14,C0021,P002,1,235.0,East,235.0
O007277,2026-06-11,C0298,P012,3,66.0,North,198.0
O007278,2025-01-01,C0420,P020,4,410.0,West,1640.0
O007279,2025-04-06,C0393,P005,1,1124.0,South,1124.0
O007280,2026-02-17,C0396,P004,2,680.0,West,1360.0
O007281,2026-06-22,C0010,P015,3,730.0,West,2190.0
O007282,2026-03-05,C0187,P003,1,358.0,West,358.0
O007283,2025-08-23,C0494,P017,2,1000.0,North,2000.0
O007284,2025-12-15,C0133,P008,1,729.0,North,729.0
O007285,2026-04-26,C0033,P012,1,66.0,North,66.0
O007286,2026-01-31,C0069,P008,2,729.0,North,1458.0
O007287,2025-12-17,C0080,P020,1,410.0,North,410.0
O007288,2026-02-20,C0191,P020,2,410.0,North,820.0
O007289,2025-02-20,C0101,P005,1,1124.0,North,1124.0
O007290,2025-03-22,C0485,P006,4,393.0,East,1572.0
O007291,2025-02-05,C0285,P005,1,1124.0,East,1124.0
O007292,2025-03-08,C0402,P008,2,729.0,West,1458.0
O007293,2026-04-26,C0221,P018,3,1129.0,East,3387.0
O007294,2026-04-13,C0390,P004,1,680.0,West,680.0
O007295,2025-05-22,C0053,P004,4,680.0,West,2720.0
O007296,2025-12-22,C0466,P005,4,1124.0,South,4496.0
O007297,2026-04-16,C0160,P015,4,730.0,West,2920.0
O007298,2026-03-15,C0380,P006,4,393.0,South,1572.0
O007299,2026-06-15,C0042,P016,2,420.0,South,840.0
O007300,2025-05-07,C0047,P014,4,1059.0,South,4236.0
O007301,2025-07-24,C0159,P014,3,1059.0,North,3177.0
O007302,2025-01-29,C0446,P016,1,420.0,West,420.0
O007303,2026-03-21,C0184,P004,4,680.0,West,2720.0
O007304,2026-04-09,C0246,P011,1,508.0,West,508.0
O007305,2025-10-07,C0011,P019,2,269.0,North,538.0
O007306,2025-05-31,C0154,P019,1,269.0,South,269.0
O007307,2025-08-28,C0220,P008,2,729.0,West,1458.0
O007308,2025-09-23,C0155,P010,2,1132.0,West,2264.0
O007309,2025-04-15,C0339,P005,1,1124.0,South,1124.0
O007310,2026-03-09,C0441,P016,4,420.0,North,1680.0
O007311,2026-05-12,C0365,P003,1,358.0,West,358.0
O007312,2026-03-16,C0283,P010,1,1132.0,South,1132.0
O007313,2025-06-07,C0187,P013,3,797.0,West,2391.0
O007314,2025-06-21,C0062,P007,1,995.0,South,995.0
O007315,2026-05-09,C0148,P012,3,66.0,East,198.0
O007316,2025-11-07,C0387,P014,1,1059.0,South,1059.0
O007317,2026-02-07,C0144,P010,3,1132.0,South,3396.0
O007318,2026-04-08,C0103,P009,3,485.0,South,1455.0
O007319,2026-01-02,C0300,P012,1,66.0,North,66.0
O007320,2025-09-12,C0093,P003,1,358.0,West,358.0
O007321,2025-07-27,C0463,P013,2,797.0,West,1594.0
O007322,2026-03-26,C0286,P006,3,393.0,North,1179.0
O007323,2025-04-05,C0424,P006,1,393.0,South,393.0
O007324,2026-04-23,C0119,P019,4,269.0,West,1076.0
O007325,2025-07-09,C0497,P007,4,995.0,East,3980.0
O007326,2026-04-29,C0449,P004,2,680.0,South,1360.0
O007327,2026-06-20,C0029,P005,4,1124.0,East,4496.0
O007328,2026-02-27,C0030,P001,1,31.0,North,31.0
O007329,2025-05-13,C0360,P018,3,1129.0,East,3387.0
O007330,2025-02-24,C0366,P017,1,1000.0,South,1000.0
O007331,2026-05-25,C0288,P009,4,485.0,East,1940.0
O007332,2026-06-25,C0138,P009,4,485.0,West,1940.0
O007333,2026-02-14,C0475,P010,1,1132.0,East,1132.0
O007334,2025-07-30,C0051,P020,2,410.0,West,820.0
O007335,2025-10-20,C0392,P017,1,1000.0,South,1000.0
O007336,2025-04-25,C0435,P013,2,797.0,North,1594.0
O007337,2025-09-16,C0292,P004,4,680.0,North,2720.0
O007338,2025-05-02,C0234,P018,3,1129.0,South,3387.0
O007339,2025-10-26,C0055,P018,3,1129.0,East,3387.0
O007340,2026-01-16,C0419,P009,1,485.0,East,485.0
O007341,2026-05-16,C0292,P003,2,358.0,North,716.0
O007342,2025-10-24,C0240,P007,4,995.0,North,3980.0
O007343,2025-12-28,C0312,P015,3,730.0,North,2190.0
O007344,2026-04-08,C0036,P009,1,485.0,West,485.0
O007345,2026-03-14,C0089,P009,1,485.0,West,485.0
O007346,2025-05-07,C0212,P004,4,680.0,East,2720.0
O007347,2025-07-16,C0445,P018,4,1129.0,West,4516.0
O007348,2025-08-09,C0318,P017,1,1000.0,North,1000.0
O007349,2025-04-01,C0500,P006,1,393.0,West,393.0
O007350,2026-02-15,C0365,P007,1,995.0,West,995.0
O007351,2025-01-08,C0245,P010,2,1132.0,North,2264.0
O007352,2026-06-28,C0465,P010,4,1132.0,West,4528.0
O007353,2026-04-13,C0087,P006,1,393.0,West,393.0
O007354,2025-11-16,C0409,P006,4,393.0,West,1572.0
O007355,2026-01-29,C0240,P019,1,269.0,North,269.0
O007356,2025-09-26,C0320,P008,1,729.0,South,729.0
O007357,2025-07-10,C0188,P009,1,485.0,East,485.0
O007358,2025-03-02,C0057,P001,4,31.0,North,124.0
O007359,2026-03-14,C0113,P016,1,420.0,West,420.0
O007360,2025-09-21,C0223,P006,1,393.0,North,393.0
O007361,2025-04-05,C0070,P008,4,729.0,West,2916.0
O007362,2026-04-15,C0227,P015,1,730.0,West,730.0
O007363,2026-05-29,C0256,P012,3,66.0,East,198.0
O007364,2025-07-13,C0180,P010,3,1132.0,North,3396.0
O007365,2026-04-27,C0184,P016,1,420.0,West,420.0
O007366,2025-12-02,C0191,P015,2,730.0,North,1460.0
O007367,2026-03-11,C0452,P011,4,508.0,East,2032.0
O007368,2025-07-15,C0232,P007,1,995.0,East,995.0
O007369,2025-09-06,C0276,P008,4,729.0,East,2916.0
O007370,2026-05-13,C0233,P011,2,508.0,East,1016.0
O007371,2025-07-31,C0054,P009,2,485.0,West,970.0
O007372,2026-04-11,C0257,P007,4,995.0,West,3980.0
O007373,2025-08-09,C0493,P015,2,730.0,South,1460.0
O007374,2025-09-30,C0090,P015,2,730.0,South,1460.0
O007375,2025-06-03,C0226,P016,4,420.0,North,1680.0
O007376,2025-09-06,C0247,P003,2,358.0,South,716.0
O007377,2025-10-06,C0394,P016,3,420.0,West,1260.0
O007378,2026-03-16,C0151,P015,1,730.0,West,730.0
O007379,2025-10-03,C0435,P001,3,31.0,North,93.0
O007380,2026-05-29,C0113,P014,3,1059.0,West,3177.0
O007381,2025-03-29,C0408,P011,1,508.0,North,508.0
O007382,2026-05-20,C0269,P003,3,358.0,South,1074.0
O007383,2025-08-29,C0157,P009,1,485.0,East,485.0
O007384,2025-08-24,C0442,P006,1,393.0,West,393.0
O007385,2025-05-08,C0366,P016,4,420.0,South,1680.0
O007386,2026-05-18,C0347,P011,1,508.0,East,508.0
O007387,2025-07-19,C0351,P018,1,1129.0,East,1129.0
O007388,2026-06-27,C0299,P017,2,1000.0,East,2000.0
O007389,2026-05-17,C0394,P017,2,1000.0,West,2000.0
O007390,2026-05-07,C0159,P003,3,358.0,North,1074.0
O007391,2025-01-21,C0487,P019,1,269.0,North,269.0
O007392,2025-08-22,C0330,P015,1,730.0,North,730.0
O007393,2026-02-20,C0472,P010,4,1132.0,West,4528.0
O007394,2025-05-28,C0225,P008,1,729.0,South,729.0
O007395,2025-01-29,C0014,P017,4,1000.0,North,4000.0
O007396,2025-12-27,C0355,P004,1,680.0,North,680.0
O007397,2025-11-04,C0109,P008,2,729.0,North,1458.0
O007398,2025-06-11,C0418,P002,2,235.0,South,470.0
O007399,2025-03-02,C0401,P008,2,729.0,North,1458.0
O007400,2025-05-05,C0405,P007,3,995.0,South,2985.0
O007401,2026-04-01,C0096,P009,1,485.0,South,485.0
O007402,2025-03-12,C0195,P018,2,1129.0,South,2258.0
O007403,2026-04-11,C0058,P017,4,1000.0,North,4000.0
O007404,2025-08-31,C0463,P001,2,31.0,West,62.0
O007405,2026-05-05,C0392,P012,1,66.0,South,66.0
O007406,2025-08-09,C0352,P004,2,680.0,West,1360.0
O007407,2026-04-18,C0294,P017,1,1000.0,South,1000.0
O007408,2026-06-17,C0154,P007,1,995.0,South,995.0
O007409,2026-05-09,C0064,P003,2,358.0,South,716.0
O007410,2025-03-23,C0158,P001,4,31.0,West,124.0
O007411,2026-06-06,C0265,P019,3,269.0,West,807.0
O007412,2025-01-12,C0121,P002,1,235.0,West,235.0
O007413,2025-09-20,C0288,P006,3,393.0,East,1179.0
O007414,2026-03-25,C0011,P011,2,508.0,North,1016.0
O007415,2025-07-11,C0214,P004,1,680.0,North,680.0
O007416,2025-04-24,C0162,P001,1,31.0,East,31.0
O007417,2025-01-26,C0105,P011,2,508.0,West,1016.0
O007418,2026-05-14,C0402,P016,3,420.0,West,1260.0
O007419,2026-05-23,C0147,P006,4,393.0,East,1572.0
O007420,2026-06-29,C0182,P011,2,508.0,North,1016.0
O007421,2025-03-03,C0338,P008,2,729.0,West,1458.0
O007422,2025-08-17,C0037,P020,4,410.0,South,1640.0
O007423,2025-02-04,C0082,P001,4,31.0,East,124.0
O007424,2026-04-01,C0012,P014,4,1059.0,West,4236.0
O007425,2026-05-17,C0004,P002,4,235.0,East,940.0
O007426,2025-01-25,C0495,P006,2,393.0,South,786.0
O007427,2025-02-01,C0043,P009,4,485.0,North,1940.0
O007428,2025-01-12,C0411,P014,3,1059.0,South,3177.0
O007429,2025-11-15,C0051,P008,4,729.0,West,2916.0
O007430,2025-01-01,C0261,P003,1,358.0,East,358.0
O007431,2026-03-11,C0134,P010,1,1132.0,South,1132.0
O007432,2025-05-16,C0461,P018,4,1129.0,North,4516.0
O007433,2025-07-15,C0087,P020,2,410.0,West,820.0
O007434,2025-05-13,C0362,P009,2,485.0,East,970.0
O007435,2025-03-27,C0056,P009,3,485.0,West,1455.0
O007436,2026-04-21,C0217,P019,2,269.0,South,538.0
O007437,2025-11-20,C0366,P013,3,797.0,South,2391.0
O007438,2025-06-29,C0068,P001,3,31.0,West,93.0
O007439,2026-05-31,C0500,P017,3,1000.0,West,3000.0
O007440,2025-06-24,C0352,P004,4,680.0,West,2720.0
O007441,2025-01-21,C0044,P004,2,680.0,West,1360.0
O007442,2025-04-15,C0143,P016,1,420.0,South,420.0
O007443,2026-03-19,C0346,P016,3,420.0,East,1260.0
O007444,2025-02-18,C0042,P015,1,730.0,South,730.0
O007445,2026-06-12,C0139,P006,3,393.0,South,1179.0
O007446,2025-05-25,C0073,P005,2,1124.0,North,2248.0
O007447,2025-12-06,C0267,P010,4,1132.0,East,4528.0
O007448,2025-12-20,C0194,P007,3,995.0,East,2985.0
O007449,2025-03-16,C0493,P007,3,995.0,South,2985.0
O007450,2025-11-15,C0155,P010,1,1132.0,West,1132.0
O007451,2025-03-28,C0246,P010,4,1132.0,West,4528.0
O007452,2025-02-11,C0314,P015,2,730.0,West,1460.0
O007453,2025-04-03,C0218,P006,3,393.0,West,1179.0
O007454,2026-05-22,C0456,P002,2,235.0,South,470.0
O007455,2026-06-13,C0384,P008,4,729.0,West,2916.0
O007456,2025-09-22,C0253,P020,1,410.0,West,410.0
O007457,2025-10-19,C0277,P015,4,730.0,West,2920.0
O007458,2026-04-09,C0277,P018,4,1129.0,West,4516.0
O007459,2025-04-07,C0072,P005,4,1124.0,North,4496.0
O007460,2025-04-05,C0129,P004,4,680.0,North,2720.0
O007461,2025-11-22,C0358,P010,2,1132.0,East,2264.0
O007462,2025-03-15,C0186,P019,2,269.0,East,538.0
O007463,2025-12-02,C0013,P014,1,1059.0,West,1059.0
O007464,2025-03-09,C0329,P013,3,797.0,South,2391.0
O007465,2025-03-18,C0220,P010,3,1132.0,West,3396.0
O007466,2025-07-27,C0006,P006,4,393.0,North,1572.0
O007467,2025-08-09,C0239,P013,4,797.0,East,3188.0
O007468,2025-09-19,C0471,P011,2,508.0,North,1016.0
O007469,2026-02-14,C0112,P015,3,730.0,North,2190.0
O007470,2025-11-27,C0228,P002,1,235.0,South,235.0
O007471,2025-12-10,C0442,P015,4,730.0,West,2920.0
O007472,2025-03-15,C0017,P019,2,269.0,South,538.0
O007473,2025-09-11,C0073,P017,4,1000.0,North,4000.0
O007474,2025-11-28,C0012,P020,4,410.0,West,1640.0
O007475,2026-02-02,C0086,P018,2,1129.0,South,2258.0
O007476,2025-12-11,C0499,P006,3,393.0,West,1179.0
O007477,2026-03-31,C0180,P015,3,730.0,North,2190.0
O007478,2025-04-25,C0122,P017,4,1000.0,West,4000.0
O007479,2025-11-09,C0204,P009,3,485.0,West,1455.0
O007480,2025-08-16,C0070,P012,2,66.0,West,132.0
O007481,2025-09-02,C0108,P005,3,1124.0,West,3372.0
O007482,2026-06-10,C0201,P014,4,1059.0,East,4236.0
O007483,2026-06-12,C0052,P008,4,729.0,West,2916.0
O007484,2026-03-03,C0037,P017,2,1000.0,South,2000.0
O007485,2025-02-11,C0117,P009,4,485.0,West,1940.0
O007486,2026-04-10,C0259,P003,3,358.0,East,1074.0
O007487,2025-10-05,C0482,P007,2,995.0,East,1990.0
O007488,2025-01-19,C0264,P012,4,66.0,East,264.0
O007489,2025-03-07,C0394,P003,2,358.0,West,716.0
O007490,2025-06-16,C0303,P009,2,485.0,East,970.0
O007491,2026-02-07,C0425,P014,3,1059.0,North,3177.0
O007492,2026-02-13,C0064,P018,3,1129.0,South,3387.0
O007493,2025-04-22,C0042,P011,1,508.0,South,508.0
O007494,2025-10-01,C0043,P004,2,680.0,North,1360.0
O007495,2026-02-11,C0125,P008,3,729.0,North,2187.0
O007496,2026-01-08,C0393,P018,4,1129.0,South,4516.0
O007497,2025-02-08,C0270,P013,1,797.0,South,797.0
O007498,2025-04-15,C0485,P004,1,680.0,East,680.0
O007499,2025-11-20,C0347,P010,4,1132.0,East,4528.0
O007500,2026-02-18,C0233,P008,3,729.0,East,2187.0
O007501,2026-03-05,C0480,P012,2,66.0,East,132.0
O007502,2025-03-02,C0132,P019,1,269.0,North,269.0
O007503,2025-11-03,C0002,P012,4,66.0,West,264.0
O007504,2025-12-20,C0115,P002,4,235.0,East,940.0
O007505,2026-01-28,C0481,P008,4,729.0,East,2916.0
O007506,2025-07-23,C0469,P013,4,797.0,North,3188.0
O007507,2025-09-15,C0001,P001,1,31.0,South,31.0
O007508,2026-05-01,C0492,P003,2,358.0,East,716.0
O007509,2026-06-01,C0331,P002,3,235.0,South,705.0
O007510,2026-03-22,C0065,P020,4,410.0,South,1640.0
O007511,2025-06-29,C0430,P008,4,729.0,North,2916.0
O007512,2025-12-08,C0443,P003,2,358.0,South,716.0
O007513,2025-05-13,C0459,P015,2,730.0,North,1460.0
O007514,2026-03-19,C0125,P002,3,235.0,North,705.0
O007515,2025-09-10,C0256,P017,1,1000.0,East,1000.0
O007516,2025-09-22,C0391,P006,2,393.0,West,786.0
O007517,2025-04-03,C0322,P001,1,31.0,West,31.0
O007518,2026-02-15,C0143,P004,1,680.0,South,680.0
O007519,2025-05-18,C0328,P019,4,269.0,East,1076.0
O007520,2025-07-27,C0246,P007,1,995.0,West,995.0
O007521,2025-11-03,C0116,P014,4,1059.0,West,4236.0
O007522,2025-09-23,C0377,P014,4,1059.0,West,4236.0
O007523,2025-11-14,C0303,P010,3,1132.0,East,3396.0
O007524,2025-04-23,C0090,P007,1,995.0,South,995.0
O007525,2026-01-13,C0296,P016,2,420.0,East,840.0
O007526,2026-03-30,C0042,P004,2,680.0,South,1360.0
O007527,2025-07-10,C0435,P007,2,995.0,North,1990.0
O007528,2026-03-16,C0035,P015,3,730.0,West,2190.0
O007529,2025-07-06,C0500,P017,4,1000.0,West,4000.0
O007530,2026-01-02,C0494,P003,4,358.0,North,1432.0
O007531,2025-03-30,C0489,P016,2,420.0,West,840.0
O007532,2025-07-06,C0041,P002,4,235.0,North,940.0
O007533,2025-05-12,C0341,P007,4,995.0,South,3980.0
O007534,2026-01-11,C0124,P016,3,420.0,North,1260.0
O007535,2025-04-09,C0057,P009,1,485.0,North,485.0
O007536,2025-02-03,C0294,P012,1,66.0,South,66.0
O007537,2025-06-20,C0456,P001,3,31.0,South,93.0
O007538,2026-01-01,C0235,P014,3,1059.0,North,3177.0
O007539,2025-02-28,C0096,P011,4,508.0,South,2032.0
O007540,2025-06-30,C0392,P018,3,1129.0,South,3387.0
O007541,2025-01-19,C0492,P005,4,1124.0,East,4496.0
O007542,2025-08-14,C0458,P015,1,730.0,South,730.0
O007543,2026-04-18,C0319,P007,3,995.0,North,2985.0
O007544,2025-04-05,C0343,P014,4,1059.0,North,4236.0
O007545,2025-10-24,C0132,P020,1,410.0,North,410.0
O007546,2025-06-24,C0176,P008,1,729.0,North,729.0
O007547,2025-08-10,C0052,P004,2,680.0,West,1360.0
O007548,2025-02-23,C0038,P003,1,358.0,North,358.0
O007549,2026-02-07,C0478,P012,3,66.0,East,198.0
O007550,2025-11-14,C0489,P018,3,1129.0,West,3387.0
O007551,2025-12-15,C0343,P015,4,730.0,North,2920.0
O007552,2026-03-19,C0005,P011,3,508.0,North,1524.0
O007553,2026-06-24,C0213,P011,1,508.0,East,508.0
O007554,2025-10-09,C0120,P012,4,66.0,East,264.0
O007555,2025-12-26,C0326,P019,1,269.0,West,269.0
O007556,2025-01-08,C0369,P017,2,1000.0,North,2000.0
O007557,2026-05-06,C0209,P006,4,393.0,North,1572.0
O007558,2025-12-07,C0217,P008,2,729.0,South,1458.0
O007559,2026-04-17,C0024,P015,4,730.0,South,2920.0
O007560,2025-09-06,C0342,P020,3,410.0,South,1230.0
O007561,2025-08-23,C0205,P010,1,1132.0,East,1132.0
O007562,2025-03-24,C0401,P015,4,730.0,North,2920.0
O007563,2025-04-03,C0462,P012,3,66.0,East,198.0
O007564,2026-01-29,C0226,P011,3,508.0,North,1524.0
O007565,2025-09-25,C0218,P018,3,1129.0,West,3387.0
O007566,2026-02-21,C0211,P005,2,1124.0,East,2248.0
O007567,2026-06-13,C0026,P012,3,66.0,West,198.0
O007568,2025-09-10,C0252,P005,4,1124.0,South,4496.0
O007569,2025-05-02,C0003,P010,2,1132.0,West,2264.0
O007570,2025-01-10,C0002,P014,1,1059.0,West,1059.0
O007571,2025-11-12,C0092,P016,3,420.0,West,1260.0
O007572,2025-09-30,C0002,P005,4,1124.0,West,4496.0
O007573,2025-11-02,C0150,P011,4,508.0,South,2032.0
O007574,2025-07-29,C0071,P019,2,269.0,West,538.0
O007575,2026-04-09,C0004,P008,1,729.0,East,729.0
O007576,2026-02-20,C0497,P019,2,269.0,East,538.0
O007577,2025-08-04,C0038,P020,3,410.0,North,1230.0
O007578,2025-03-21,C0359,P018,1,1129.0,West,1129.0
O007579,2026-04-25,C0468,P012,1,66.0,West,66.0
O007580,2025-01-18,C0070,P013,1,797.0,West,797.0
O007581,2025-06-14,C0201,P018,2,1129.0,East,2258.0
O007582,2026-06-09,C0308,P015,4,730.0,South,2920.0
O007583,2025-07-21,C0252,P015,2,730.0,South,1460.0
O007584,2025-12-12,C0287,P012,4,66.0,South,264.0
O007585,2026-01-01,C0410,P009,2,485.0,North,970.0
O007586,2026-03-24,C0292,P019,4,269.0,North,1076.0
O007587,2026-05-28,C0154,P012,4,66.0,South,264.0
O007588,2025-11-15,C0412,P005,1,1124.0,West,1124.0
O007589,2025-08-05,C0133,P020,4,410.0,North,1640.0
O007590,2025-02-03,C0371,P010,3,1132.0,North,3396.0
O007591,2025-09-23,C0074,P007,3,995.0,West,2985.0
O007592,2025-03-21,C0274,P011,4,508.0,West,2032.0
O007593,2026-02-17,C0271,P008,4,729.0,West,2916.0
O007594,2025-09-09,C0185,P007,4,995.0,South,3980.0
O007595,2025-01-12,C0353,P016,4,420.0,East,1680.0
O007596,2026-02-05,C0005,P016,1,420.0,North,420.0
O007597,2025-10-09,C0293,P014,3,1059.0,West,3177.0
O007598,2025-04-22,C0360,P015,1,730.0,East,730.0
O007599,2026-01-13,C0086,P020,3,410.0,South,1230.0
O007600,2025-09-25,C0214,P009,4,485.0,North,1940.0
O007601,2025-10-25,C0406,P016,3,420.0,West,1260.0
O007602,2025-11-13,C0436,P016,3,420.0,West,1260.0
O007603,2026-05-24,C0015,P005,2,1124.0,North,2248.0
O007604,2026-06-30,C0273,P003,1,358.0,West,358.0
O007605,2025-12-31,C0051,P013,4,797.0,West,3188.0
O007606,2025-09-28,C0253,P008,1,729.0,West,729.0
O007607,2026-04-19,C0045,P017,2,1000.0,South,2000.0
O007608,2026-06-21,C0191,P005,4,1124.0,North,4496.0
O007609,2025-08-22,C0122,P006,1,393.0,West,393.0
O007610,2025-02-28,C0412,P002,2,235.0,West,470.0
O007611,2025-09-08,C0187,P014,3,1059.0,West,3177.0
O007612,2025-03-27,C0214,P004,2,680.0,North,1360.0
O007613,2026-01-25,C0149,P003,4,358.0,North,1432.0
O007614,2025-06-29,C0170,P009,2,485.0,East,970.0
O007615,2025-05-29,C0209,P018,2,1129.0,North,2258.0
O007616,2025-05-01,C0453,P012,1,66.0,South,66.0
O007617,2025-09-13,C0082,P009,1,485.0,East,485.0
O007618,2025-11-05,C0401,P018,3,1129.0,North,3387.0
O007619,2025-02-28,C0196,P013,4,797.0,South,3188.0
O007620,2025-03-10,C0246,P014,3,1059.0,West,3177.0
O007621,2026-03-22,C0391,P010,3,1132.0,West,3396.0
O007622,2026-01-23,C0345,P003,2,358.0,South,716.0
O007623,2025-03-27,C0357,P007,3,995.0,North,2985.0
O007624,2025-08-15,C0040,P018,1,1129.0,South,1129.0
O007625,2025-07-03,C0168,P016,3,420.0,North,1260.0
O007626,2025-11-18,C0043,P017,4,1000.0,North,4000.0
O007627,2025-11-14,C0329,P006,3,393.0,South,1179.0
O007628,2026-02-03,C0211,P012,4,66.0,East,264.0
O007629,2025-10-20,C0179,P019,4,269.0,West,1076.0
O007630,2025-10-20,C0457,P003,3,358.0,North,1074.0
O007631,2026-04-30,C0023,P003,3,358.0,South,1074.0
O007632,2026-03-23,C0095,P018,3,1129.0,West,3387.0
O007633,2026-02-16,C0160,P011,4,508.0,West,2032.0
O007634,2026-05-23,C0244,P006,1,393.0,South,393.0
O007635,2025-09-01,C0415,P019,2,269.0,East,538.0
O007636,2026-02-24,C0017,P005,3,1124.0,South,3372.0
O007637,2025-06-03,C0112,P013,2,797.0,North,1594.0
O007638,2026-02-28,C0103,P005,3,1124.0,South,3372.0
O007639,2025-09-30,C0314,P003,4,358.0,West,1432.0
O007640,2026-06-04,C0086,P019,4,269.0,South,1076.0
O007641,2025-05-08,C0035,P017,2,1000.0,West,2000.0
O007642,2026-01-08,C0030,P003,1,358.0,North,358.0
O007643,2025-06-08,C0192,P015,4,730.0,West,2920.0
O007644,2025-06-25,C0437,P017,2,1000.0,North,2000.0
O007645,2025-07-30,C0179,P013,4,797.0,West,3188.0
O007646,2026-03-23,C0104,P014,3,1059.0,East,3177.0
O007647,2025-06-16,C0165,P016,2,420.0,North,840.0
O007648,2026-04-05,C0474,P011,2,508.0,West,1016.0
O007649,2025-12-23,C0122,P017,3,1000.0,West,3000.0
O007650,2025-10-31,C0134,P005,2,1124.0,South,2248.0
O007651,2025-08-21,C0290,P015,3,730.0,East,2190.0
O007652,2025-11-23,C0312,P018,1,1129.0,North,1129.0
O007653,2025-07-01,C0224,P016,3,420.0,South,1260.0
O007654,2025-11-30,C0025,P014,1,1059.0,South,1059.0
O007655,2025-01-29,C0371,P014,2,1059.0,North,2118.0
O007656,2025-04-03,C0013,P013,3,797.0,West,2391.0
O007657,2025-11-26,C0319,P001,2,31.0,North,62.0
O007658,2025-07-03,C0230,P006,1,393.0,East,393.0
O007659,2025-04-05,C0102,P011,4,508.0,East,2032.0
O007660,2025-12-19,C0450,P011,4,508.0,North,2032.0
O007661,2025-09-22,C0378,P016,4,420.0,North,1680.0
O007662,2025-01-19,C0376,P003,4,358.0,South,1432.0
O007663,2026-05-14,C0389,P017,4,1000.0,West,4000.0
O007664,2025-05-19,C0203,P014,1,1059.0,North,1059.0
O007665,2026-06-09,C0267,P002,4,235.0,East,940.0
O007666,2025-09-12,C0472,P009,4,485.0,West,1940.0
O007667,2025-03-26,C0462,P008,2,729.0,East,1458.0
O007668,2026-04-03,C0365,P011,3,508.0,West,1524.0
O007669,2026-06-16,C0222,P007,3,995.0,East,2985.0
O007670,2025-04-02,C0104,P002,3,235.0,East,705.0
O007671,2025-03-10,C0111,P004,3,680.0,South,2040.0
O007672,2025-02-06,C0428,P014,1,1059.0,West,1059.0
O007673,2025-05-20,C0483,P013,3,797.0,South,2391.0
O007674,2025-06-27,C0469,P013,2,797.0,North,1594.0
O007675,2025-05-17,C0069,P013,1,797.0,North,797.0
O007676,2025-07-09,C0358,P005,4,1124.0,East,4496.0
O007677,2025-12-08,C0258,P012,2,66.0,East,132.0
O007678,2025-01-05,C0168,P006,2,393.0,North,786.0
O007679,2025-09-14,C0293,P014,4,1059.0,West,4236.0
O007680,2025-08-31,C0374,P008,4,729.0,East,2916.0
O007681,2026-02-19,C0049,P008,2,729.0,East,1458.0
O007682,2025-12-09,C0250,P007,1,995.0,West,995.0
O007683,2026-01-14,C0482,P017,4,1000.0,East,4000.0
O007684,2025-05-26,C0331,P011,3,508.0,South,1524.0
O007685,2025-11-19,C0420,P010,2,1132.0,West,2264.0
O007686,2025-05-02,C0075,P013,2,797.0,West,1594.0
O007687,2025-09-09,C0201,P010,4,1132.0,East,4528.0
O007688,2025-11-07,C0454,P014,4,1059.0,West,4236.0
O007689,2026-04-20,C0034,P009,3,485.0,West,1455.0
O007690,2026-05-07,C0314,P007,3,995.0,West,2985.0
O007691,2025-12-13,C0111,P007,3,995.0,South,2985.0
O007692,2026-05-02,C0421,P018,3,1129.0,West,3387.0
O007693,2026-04-18,C0352,P016,2,420.0,West,840.0
O007694,2026-01-17,C0316,P008,4,729.0,East,2916.0
O007695,2025-10-07,C0396,P016,1,420.0,West,420.0
O007696,2025-03-13,C0237,P019,4,269.0,South,1076.0
O007697,2026-06-05,C0032,P015,4,730.0,North,2920.0
O007698,2026-01-01,C0209,P015,3,730.0,North,2190.0
O007699,2025-04-04,C0132,P006,3,393.0,North,1179.0
O007700,2026-01-08,C0106,P009,2,485.0,North,970.0
O007701,2025-12-05,C0033,P015,3,730.0,North,2190.0
O007702,2026-03-13,C0043,P007,2,995.0,North,1990.0
O007703,2025-12-02,C0368,P008,4,729.0,West,2916.0
O007704,2026-05-07,C0107,P018,4,1129.0,South,4516.0
O007705,2025-02-09,C0265,P016,4,420.0,West,1680.0
O007706,2025-12-25,C0226,P015,2,730.0,North,1460.0
O007707,2025-09-11,C0487,P003,2,358.0,North,716.0
O007708,2026-02-02,C0179,P001,2,31.0,West,62.0
O007709,2025-06-19,C0222,P013,3,797.0,East,2391.0
O007710,2026-05-26,C0370,P012,1,66.0,North,66.0
O007711,2025-09-17,C0125,P009,3,485.0,North,1455.0
O007712,2026-04-04,C0276,P002,1,235.0,East,235.0
O007713,2026-06-13,C0167,P009,3,485.0,South,1455.0
O007714,2025-12-07,C0151,P008,4,729.0,West,2916.0
O007715,2025-02-26,C0041,P005,2,1124.0,North,2248.0
O007716,2025-08-06,C0300,P013,3,797.0,North,2391.0
O007717,2026-04-09,C0381,P002,2,235.0,North,470.0
O007718,2025-09-04,C0035,P010,3,1132.0,West,3396.0
O007719,2026-01-08,C0407,P006,4,393.0,South,1572.0
O007720,2026-02-21,C0314,P007,2,995.0,West,1990.0
O007721,2025-01-31,C0304,P003,4,358.0,East,1432.0
O007722,2026-01-03,C0231,P014,1,1059.0,West,1059.0
O007723,2025-04-18,C0215,P016,2,420.0,West,840.0
O007724,2026-02-22,C0314,P006,3,393.0,West,1179.0
O007725,2026-02-02,C0101,P008,2,729.0,North,1458.0
O007726,2025-09-29,C0057,P001,1,31.0,North,31.0
O007727,2025-04-26,C0215,P020,1,410.0,West,410.0
O007728,2025-09-13,C0423,P015,3,730.0,North,2190.0
O007729,2025-03-22,C0156,P017,4,1000.0,North,4000.0
O007730,2025-05-08,C0064,P018,2,1129.0,South,2258.0
O007731,2025-08-23,C0062,P003,4,358.0,South,1432.0
O007732,2025-06-30,C0339,P006,4,393.0,South,1572.0
O007733,2025-06-06,C0369,P017,3,1000.0,North,3000.0
O007734,2026-03-30,C0368,P013,2,797.0,West,1594.0
O007735,2025-01-24,C0062,P017,1,1000.0,South,1000.0
O007736,2026-04-18,C0094,P016,3,420.0,East,1260.0
O007737,2026-02-04,C0469,P017,4,1000.0,North,4000.0
O007738,2025-05-14,C0472,P001,1,31.0,West,31.0
O007739,2026-02-25,C0341,P016,4,420.0,South,1680.0
O007740,2025-08-01,C0026,P006,2,393.0,West,786.0
O007741,2026-04-27,C0435,P008,4,729.0,North,2916.0
O007742,2025-12-14,C0121,P001,1,31.0,West,31.0
O007743,2025-06-15,C0050,P002,2,235.0,North,470.0
O007744,2025-12-14,C0371,P015,3,730.0,North,2190.0
O007745,2026-02-02,C0252,P005,4,1124.0,South,4496.0
O007746,2026-03-11,C0036,P020,2,410.0,West,820.0
O007747,2025-08-09,C0410,P015,2,730.0,North,1460.0
O007748,2025-11-04,C0289,P010,3,1132.0,South,3396.0
O007749,2026-04-11,C0379,P005,3,1124.0,West,3372.0
O007750,2025-04-09,C0100,P003,1,358.0,North,358.0
O007751,2025-08-30,C0324,P006,2,393.0,South,786.0
O007752,2025-06-07,C0329,P015,2,730.0,South,1460.0
O007753,2025-08-15,C0136,P018,1,1129.0,South,1129.0
O007754,2026-02-27,C0194,P014,4,1059.0,East,4236.0
O007755,2025-03-13,C0221,P010,2,1132.0,East,2264.0
O007756,2025-08-31,C0279,P004,2,680.0,West,1360.0
O007757,2026-06-14,C0326,P011,4,508.0,West,2032.0
O007758,2025-02-14,C0055,P020,3,410.0,East,1230.0
O007759,2026-04-17,C0427,P007,3,995.0,South,2985.0
O007760,2026-01-06,C0484,P015,3,730.0,East,2190.0
O007761,2025-04-02,C0110,P009,1,485.0,North,485.0
O007762,2025-01-22,C0149,P015,4,730.0,North,2920.0
O007763,2025-06-21,C0406,P012,3,66.0,West,198.0
O007764,2025-07-11,C0265,P018,1,1129.0,West,1129.0
O007765,2025-03-18,C0162,P006,4,393.0,East,1572.0
O007766,2025-10-08,C0187,P018,3,1129.0,West,3387.0
O007767,2025-12-30,C0410,P018,2,1129.0,North,2258.0
O007768,2025-06-28,C0129,P006,2,393.0,North,786.0
O007769,2025-08-26,C0484,P015,3,730.0,East,2190.0
O007770,2025-05-15,C0108,P019,3,269.0,West,807.0
O007771,2025-10-07,C0389,P005,1,1124.0,West,1124.0
O007772,2025-01-19,C0425,P004,2,680.0,North,1360.0
O007773,2026-01-06,C0447,P017,4,1000.0,West,4000.0
O007774,2025-04-22,C0406,P010,3,1132.0,West,3396.0
O007775,2025-08-09,C0068,P012,4,66.0,West,264.0
O007776,2025-10-31,C0432,P005,3,1124.0,West,3372.0
O007777,2025-11-21,C0066,P007,2,995.0,East,1990.0
O007778,2026-03-13,C0144,P012,3,66.0,South,198.0
O007779,2026-03-14,C0464,P002,4,235.0,East,940.0
O007780,2025-06-19,C0053,P020,2,410.0,West,820.0
O007781,2026-01-10,C0128,P017,3,1000.0,West,3000.0
O007782,2026-01-16,C0470,P013,2,797.0,West,1594.0
O007783,2025-01-14,C0491,P005,1,1124.0,South,1124.0
O007784,2026-05-15,C0321,P005,4,1124.0,East,4496.0
O007785,2026-01-26,C0207,P020,3,410.0,North,1230.0
O007786,2026-06-14,C0320,P012,3,66.0,South,198.0
O007787,2026-05-07,C0216,P012,3,66.0,North,198.0
O007788,2026-01-20,C0068,P007,4,995.0,West,3980.0
O007789,2025-07-15,C0447,P006,1,393.0,West,393.0
O007790,2025-10-27,C0062,P010,4,1132.0,South,4528.0
O007791,2025-11-04,C0210,P019,3,269.0,North,807.0
O007792,2025-09-09,C0337,P016,4,420.0,West,1680.0
O007793,2025-01-08,C0327,P002,3,235.0,East,705.0
O007794,2025-07-27,C0370,P004,4,680.0,North,2720.0
O007795,2025-05-11,C0429,P009,2,485.0,South,970.0
O007796,2025-01-26,C0052,P005,4,1124.0,West,4496.0
O007797,2026-03-30,C0116,P001,1,31.0,West,31.0
O007798,2025-07-05,C0381,P011,3,508.0,North,1524.0
O007799,2026-04-29,C0458,P019,4,269.0,South,1076.0
O007800,2025-02-20,C0383,P003,4,358.0,East,1432.0
O007801,2025-01-05,C0065,P001,2,31.0,South,62.0
O007802,2025-06-09,C0130,P004,1,680.0,East,680.0
O007803,2025-07-27,C0177,P009,1,485.0,East,485.0
O007804,2025-09-14,C0278,P016,2,420.0,East,840.0
O007805,2025-07-24,C0480,P007,1,995.0,East,995.0
O007806,2025-01-11,C0413,P005,1,1124.0,West,1124.0
O007807,2025-01-08,C0163,P013,3,797.0,East,2391.0
O007808,2026-02-13,C0465,P011,3,508.0,West,1524.0
O007809,2025-02-01,C0332,P014,3,1059.0,West,3177.0
O007810,2026-06-24,C0152,P017,4,1000.0,North,4000.0
O007811,2026-01-22,C0350,P012,4,66.0,East,264.0
O007812,2025-08-16,C0236,P019,1,269.0,West,269.0
O007813,2026-04-20,C0158,P005,4,1124.0,West,4496.0
O007814,2025-07-26,C0468,P008,3,729.0,West,2187.0
O007815,2025-11-14,C0426,P002,4,235.0,East,940.0
O007816,2025-12-14,C0327,P017,1,1000.0,East,1000.0
O007817,2025-08-22,C0106,P002,3,235.0,North,705.0
O007818,2025-02-13,C0306,P003,1,358.0,West,358.0
O007819,2025-05-22,C0255,P020,4,410.0,North,1640.0
O007820,2025-06-25,C0358,P018,2,1129.0,East,2258.0
O007821,2026-03-25,C0455,P015,2,730.0,North,1460.0
O007822,2025-03-23,C0444,P005,3,1124.0,South,3372.0
O007823,2025-05-15,C0113,P017,1,1000.0,West,1000.0
O007824,2025-06-26,C0030,P014,2,1059.0,North,2118.0
O007825,2026-01-18,C0012,P001,2,31.0,West,62.0
O007826,2025-08-31,C0177,P014,3,1059.0,East,3177.0
O007827,2025-05-21,C0479,P009,3,485.0,West,1455.0
O007828,2026-04-02,C0338,P005,1,1124.0,West,1124.0
O007829,2026-03-16,C0046,P004,2,680.0,East,1360.0
O007830,2025-02-25,C0171,P001,1,31.0,East,31.0
O007831,2026-06-11,C0130,P003,1,358.0,East,358.0
O007832,2026-02-23,C0245,P020,3,410.0,North,1230.0
O007833,2025-03-29,C0353,P011,1,508.0,East,508.0
O007834,2025-01-08,C0203,P016,4,420.0,North,1680.0
O007835,2026-04-22,C0226,P011,1,508.0,North,508.0
O007836,2025-08-03,C0080,P010,2,1132.0,North,2264.0
O007837,2026-05-12,C0310,P012,1,66.0,South,66.0
O007838,2026-05-18,C0035,P005,4,1124.0,West,4496.0
O007839,2025-09-02,C0052,P010,4,1132.0,West,4528.0
O007840,2026-04-23,C0161,P013,2,797.0,South,1594.0
O007841,2025-11-05,C0469,P019,2,269.0,North,538.0
O007842,2025-08-19,C0084,P007,1,995.0,North,995.0
O007843,2026-01-18,C0328,P016,4,420.0,East,1680.0
O007844,2025-06-04,C0435,P006,4,393.0,North,1572.0
O007845,2025-06-24,C0026,P010,1,1132.0,West,1132.0
O007846,2025-04-25,C0225,P010,2,1132.0,South,2264.0
O007847,2026-01-25,C0446,P011,4,508.0,West,2032.0
O007848,2025-11-07,C0317,P010,1,1132.0,South,1132.0
O007849,2025-10-27,C0154,P014,2,1059.0,South,2118.0
O007850,2025-01-18,C0293,P015,1,730.0,West,730.0
O007851,2025-01-12,C0414,P007,2,995.0,East,1990.0
O007852,2026-02-08,C0095,P013,2,797.0,West,1594.0
O007853,2025-08-20,C0225,P011,4,508.0,South,2032.0
O007854,2025-10-05,C0267,P007,3,995.0,East,2985.0
O007855,2025-12-19,C0437,P011,4,508.0,North,2032.0
O007856,2025-10-30,C0041,P014,1,1059.0,North,1059.0
O007857,2026-06-25,C0133,P017,2,1000.0,North,2000.0
O007858,2026-04-15,C0066,P016,4,420.0,East,1680.0
O007859,2025-03-18,C0397,P001,2,31.0,West,62.0
O007860,2026-06-05,C0447,P009,4,485.0,West,1940.0
O007861,2025-01-24,C0210,P009,1,485.0,North,485.0
O007862,2025-01-15,C0474,P010,1,1132.0,West,1132.0
O007863,2026-06-09,C0153,P019,1,269.0,North,269.0
O007864,2025-12-13,C0172,P015,4,730.0,North,2920.0
O007865,2025-06-21,C0398,P016,3,420.0,South,1260.0
O007866,2025-11-23,C0325,P011,1,508.0,West,508.0
O007867,2026-04-30,C0059,P017,4,1000.0,North,4000.0
O007868,2026-05-04,C0184,P019,3,269.0,West,807.0
O007869,2026-04-07,C0490,P013,4,797.0,West,3188.0
O007870,2026-01-13,C0180,P006,4,393.0,North,1572.0
O007871,2025-06-13,C0322,P015,1,730.0,West,730.0
O007872,2026-01-07,C0324,P016,3,420.0,South,1260.0
O007873,2026-02-28,C0012,P004,4,680.0,West,2720.0
O007874,2026-04-22,C0459,P008,4,729.0,North,2916.0
O007875,2026-01-17,C0068,P007,4,995.0,West,3980.0
O007876,2025-06-04,C0427,P017,4,1000.0,South,4000.0
O007877,2025-09-14,C0329,P016,1,420.0,South,420.0
O007878,2025-03-09,C0202,P002,4,235.0,North,940.0
O007879,2025-12-10,C0475,P017,3,1000.0,East,3000.0
O007880,2025-10-04,C0006,P004,2,680.0,North,1360.0
O007881,2026-01-26,C0015,P014,3,1059.0,North,3177.0
O007882,2026-03-25,C0042,P008,4,729.0,South,2916.0
O007883,2025-09-16,C0031,P005,4,1124.0,East,4496.0
O007884,2025-11-03,C0470,P005,3,1124.0,West,3372.0
O007885,2025-04-05,C0181,P005,2,1124.0,South,2248.0
O007886,2026-04-09,C0262,P005,1,1124.0,West,1124.0
O007887,2025-09-03,C0289,P003,2,358.0,South,716.0
O007888,2025-07-06,C0413,P006,2,393.0,West,786.0
O007889,2026-01-08,C0021,P001,2,31.0,East,62.0
O007890,2026-02-10,C0380,P008,3,729.0,South,2187.0
O007891,2026-02-12,C0182,P013,2,797.0,North,1594.0
O007892,2025-05-05,C0184,P020,1,410.0,West,410.0
O007893,2025-12-03,C0244,P006,4,393.0,South,1572.0
O007894,2025-12-07,C0350,P018,3,1129.0,East,3387.0
O007895,2025-06-27,C0149,P018,3,1129.0,North,3387.0
O007896,2025-06-19,C0256,P016,2,420.0,East,840.0
O007897,2025-02-08,C0100,P008,4,729.0,North,2916.0
O007898,2025-03-10,C0055,P017,4,1000.0,East,4000.0
O007899,2025-08-24,C0186,P008,4,729.0,East,2916.0
O007900,2026-01-16,C0320,P015,3,730.0,South,2190.0
O007901,2025-02-26,C0086,P010,1,1132.0,South,1132.0
O007902,2025-10-04,C0174,P001,4,31.0,North,124.0
O007903,2025-04-09,C0468,P009,3,485.0,West,1455.0
O007904,2026-06-11,C0022,P017,2,1000.0,North,2000.0
O007905,2025-11-21,C0244,P020,4,410.0,South,1640.0
O007906,2026-04-06,C0060,P001,2,31.0,South,62.0
O007907,2025-06-28,C0104,P009,4,485.0,East,1940.0
O007908,2025-04-29,C0139,P014,2,1059.0,South,2118.0
O007909,2026-04-14,C0303,P005,3,1124.0,East,3372.0
O007910,2026-03-31,C0159,P006,2,393.0,North,786.0
O007911,2025-01-26,C0499,P005,3,1124.0,West,3372.0
O007912,2026-05-05,C0232,P004,2,680.0,East,1360.0
O007913,2025-01-08,C0077,P016,2,420.0,West,840.0
O007914,2026-05-31,C0018,P016,2,420.0,East,840.0
O007915,2026-06-17,C0022,P010,4,1132.0,North,4528.0
O007916,2025-05-29,C0184,P014,1,1059.0,West,1059.0
O007917,2026-05-03,C0145,P013,1,797.0,South,797.0
O007918,2025-01-25,C0038,P004,4,680.0,North,2720.0
O007919,2026-03-01,C0281,P014,2,1059.0,West,2118.0
O007920,2025-10-20,C0288,P009,2,485.0,East,970.0
O007921,2025-07-04,C0143,P003,4,358.0,South,1432.0
O007922,2026-03-07,C0013,P010,3,1132.0,West,3396.0
O007923,2025-11-13,C0186,P015,3,730.0,East,2190.0
O007924,2026-02-02,C0474,P019,4,269.0,West,1076.0
O007925,2025-11-20,C0434,P002,1,235.0,North,235.0
O007926,2026-06-30,C0267,P002,3,235.0,East,705.0
O007927,2025-03-17,C0269,P009,4,485.0,South,1940.0
O007928,2026-05-01,C0097,P004,3,680.0,East,2040.0
O007929,2025-03-29,C0434,P005,4,1124.0,North,4496.0
O007930,2025-08-20,C0357,P002,3,235.0,North,705.0
O007931,2025-01-07,C0294,P007,3,995.0,South,2985.0
O007932,2025-02-21,C0001,P019,4,269.0,South,1076.0
O007933,2026-01-31,C0295,P006,1,393.0,North,393.0
O007934,2025-08-09,C0027,P016,1,420.0,North,420.0
O007935,2026-03-04,C0036,P014,3,1059.0,West,3177.0
O007936,2025-05-23,C0160,P012,3,66.0,West,198.0
O007937,2025-12-29,C0425,P006,1,393.0,North,393.0
O007938,2026-01-17,C0399,P013,4,797.0,West,3188.0
O007939,2025-10-04,C0031,P015,2,730.0,East,1460.0
O007940,2025-09-28,C0127,P014,3,1059.0,West,3177.0
O007941,2025-01-14,C0262,P008,2,729.0,West,1458.0
O007942,2025-10-25,C0345,P020,3,410.0,South,1230.0
O007943,2026-04-09,C0497,P011,1,508.0,East,508.0
O007944,2026-06-11,C0436,P009,4,485.0,West,1940.0
O007945,2025-08-22,C0210,P012,3,66.0,North,198.0
O007946,2025-01-27,C0150,P006,2,393.0,South,786.0
O007947,2026-04-16,C0031,P019,1,269.0,East,269.0
O007948,2025-04-03,C0100,P003,3,358.0,North,1074.0
O007949,2025-11-05,C0329,P001,4,31.0,South,124.0
O007950,2025-02-21,C0302,P015,3,730.0,East,2190.0
O007951,2025-11-15,C0451,P015,4,730.0,West,2920.0
O007952,2025-06-30,C0353,P005,4,1124.0,East,4496.0
O007953,2025-04-30,C0219,P011,1,508.0,East,508.0
O007954,2025-02-12,C0253,P001,3,31.0,West,93.0
O007955,2025-09-17,C0171,P010,4,1132.0,East,4528.0
O007956,2025-07-16,C0257,P020,1,410.0,West,410.0
O007957,2025-09-12,C0428,P011,3,508.0,West,1524.0
O007958,2025-12-02,C0057,P007,4,995.0,North,3980.0
O007959,2026-05-17,C0009,P017,1,1000.0,East,1000.0
O007960,2025-09-12,C0005,P012,3,66.0,North,198.0
O007961,2026-05-29,C0335,P004,4,680.0,North,2720.0
O007962,2025-08-30,C0114,P012,1,66.0,West,66.0
O007963,2025-05-29,C0265,P003,1,358.0,West,358.0
O007964,2025-10-26,C0173,P018,3,1129.0,East,3387.0
O007965,2026-03-29,C0220,P012,1,66.0,West,66.0
O007966,2026-01-28,C0205,P019,3,269.0,East,807.0
O007967,2025-07-31,C0024,P013,3,797.0,South,2391.0
O007968,2026-06-22,C0493,P016,4,420.0,South,1680.0
O007969,2025-05-11,C0458,P008,3,729.0,South,2187.0
O007970,2025-11-25,C0170,P006,1,393.0,East,393.0
O007971,2025-09-13,C0406,P010,3,1132.0,West,3396.0
O007972,2026-04-24,C0103,P010,4,1132.0,South,4528.0
O007973,2025-03-04,C0060,P006,1,393.0,South,393.0
O007974,2025-11-07,C0086,P008,4,729.0,South,2916.0
O007975,2026-02-11,C0255,P018,2,1129.0,North,2258.0
O007976,2025-04-15,C0165,P017,4,1000.0,North,4000.0
O007977,2025-01-15,C0372,P010,2,1132.0,North,2264.0
O007978,2025-09-16,C0167,P002,2,235.0,South,470.0
O007979,2026-02-16,C0084,P012,3,66.0,North,198.0
O007980,2025-09-16,C0458,P020,1,410.0,South,410.0
O007981,2025-09-17,C0202,P010,3,1132.0,North,3396.0
O007982,2025-02-14,C0090,P009,1,485.0,South,485.0
O007983,2025-11-27,C0089,P016,4,420.0,West,1680.0
O007984,2025-06-14,C0437,P007,2,995.0,North,1990.0
O007985,2025-07-12,C0120,P009,2,485.0,East,970.0
O007986,2026-06-05,C0156,P006,2,393.0,North,786.0
O007987,2026-02-05,C0461,P010,4,1132.0,North,4528.0
O007988,2026-01-09,C0399,P007,4,995.0,West,3980.0
O007989,2025-03-06,C0188,P018,3,1129.0,East,3387.0
O007990,2026-01-22,C0188,P011,3,508.0,East,1524.0
O007991,2026-05-10,C0262,P001,1,31.0,West,31.0
O007992,2026-02-19,C0052,P019,1,269.0,West,269.0
O007993,2025-01-30,C0140,P005,2,1124.0,West,2248.0
O007994,2025-09-23,C0019,P006,4,393.0,South,1572.0
O007995,2025-11-24,C0480,P007,4,995.0,East,3980.0
O007996,2026-05-07,C0075,P004,3,680.0,West,2040.0
O007997,2025-08-05,C0230,P016,3,420.0,East,1260.0
O007998,2025-11-16,C0481,P010,1,1132.0,East,1132.0
O007999,2026-02-03,C0130,P015,1,730.0,East,730.0
O008000,2025-04-15,C0055,P013,3,797.0,East,2391.0
O008001,2025-11-26,C0271,P008,3,729.0,West,2187.0
O008002,2025-02-16,C0448,P013,4,797.0,West,3188.0
O008003,2025-11-10,C0100,P007,1,995.0,North,995.0
O008004,2025-05-27,C0069,P017,3,1000.0,North,3000.0
O008005,2026-04-07,C0399,P004,3,680.0,West,2040.0
O008006,2026-05-01,C0299,P007,2,995.0,East,1990.0
O008007,2026-02-14,C0458,P016,3,420.0,South,1260.0
O008008,2025-01-27,C0017,P002,3,235.0,South,705.0
O008009,2025-01-29,C0354,P014,4,1059.0,North,4236.0
O008010,2025-09-28,C0116,P014,3,1059.0,West,3177.0
O008011,2026-05-16,C0152,P008,1,729.0,North,729.0
O008012,2025-09-10,C0330,P006,2,393.0,North,786.0
O008013,2026-01-20,C0116,P007,4,995.0,West,3980.0
O008014,2025-03-01,C0030,P007,1,995.0,North,995.0
O008015,2025-04-17,C0323,P002,2,235.0,East,470.0
O008016,2025-08-08,C0051,P004,2,680.0,West,1360.0
O008017,2026-03-17,C0060,P013,3,797.0,South,2391.0
O008018,2026-06-30,C0229,P010,2,1132.0,West,2264.0
O008019,2025-04-06,C0259,P009,2,485.0,East,970.0
O008020,2025-03-30,C0360,P015,3,730.0,East,2190.0
O008021,2025-08-19,C0005,P012,4,66.0,North,264.0
O008022,2025-10-02,C0028,P010,3,1132.0,East,3396.0
O008023,2025-09-03,C0254,P019,4,269.0,South,1076.0
O008024,2025-04-21,C0364,P005,2,1124.0,East,2248.0
O008025,2025-08-22,C0462,P007,1,995.0,East,995.0
O008026,2025-10-05,C0231,P020,4,410.0,West,1640.0
O008027,2026-04-22,C0395,P011,4,508.0,South,2032.0
O008028,2026-02-21,C0456,P016,4,420.0,South,1680.0
O008029,2025-05-08,C0357,P013,4,797.0,North,3188.0
O008030,2025-08-25,C0200,P004,2,680.0,West,1360.0
O008031,2025-05-08,C0332,P016,1,420.0,West,420.0
O008032,2026-01-29,C0271,P013,4,797.0,West,3188.0
O008033,2026-04-20,C0339,P001,1,31.0,South,31.0
O008034,2026-01-30,C0304,P004,2,680.0,East,1360.0
O008035,2025-04-21,C0383,P015,4,730.0,East,2920.0
O008036,2025-03-31,C0046,P016,1,420.0,East,420.0
O008037,2025-10-07,C0028,P004,4,680.0,East,2720.0
O008038,2025-11-29,C0007,P017,4,1000.0,North,4000.0
O008039,2025-08-12,C0232,P011,2,508.0,East,1016.0
O008040,2025-04-11,C0199,P005,4,1124.0,West,4496.0
O008041,2025-05-12,C0094,P013,1,797.0,East,797.0
O008042,2025-01-13,C0082,P012,1,66.0,East,66.0
O008043,2026-04-02,C0088,P003,2,358.0,East,716.0
O008044,2026-03-17,C0390,P004,3,680.0,West,2040.0
O008045,2025-04-08,C0186,P010,3,1132.0,East,3396.0
O008046,2025-04-30,C0243,P009,2,485.0,West,970.0
O008047,2025-10-20,C0068,P010,2,1132.0,West,2264.0
O008048,2025-01-01,C0311,P013,3,797.0,South,2391.0
O008049,2025-09-07,C0451,P001,3,31.0,West,93.0
O008050,2025-05-29,C0433,P012,1,66.0,East,66.0
O008051,2026-01-30,C0374,P011,1,508.0,East,508.0
O008052,2025-02-13,C0435,P008,1,729.0,North,729.0
O008053,2025-02-13,C0187,P014,3,1059.0,West,3177.0
O008054,2025-03-19,C0239,P014,2,1059.0,East,2118.0
O008055,2025-08-14,C0390,P020,4,410.0,West,1640.0
O008056,2025-06-11,C0218,P017,1,1000.0,West,1000.0
O008057,2025-09-10,C0108,P019,4,269.0,West,1076.0
O008058,2025-05-12,C0307,P020,2,410.0,East,820.0
O008059,2026-03-24,C0038,P017,3,1000.0,North,3000.0
O008060,2026-04-19,C0395,P006,1,393.0,South,393.0
O008061,2025-04-19,C0436,P014,3,1059.0,West,3177.0
O008062,2025-02-04,C0349,P018,2,1129.0,South,2258.0
O008063,2026-04-12,C0276,P017,1,1000.0,East,1000.0
O008064,2025-10-02,C0010,P006,2,393.0,West,786.0
O008065,2025-07-06,C0026,P005,2,1124.0,West,2248.0
O008066,2025-08-31,C0048,P013,1,797.0,East,797.0
O008067,2025-09-21,C0347,P016,4,420.0,East,1680.0
O008068,2026-06-06,C0370,P009,1,485.0,North,485.0
O008069,2026-06-25,C0014,P012,3,66.0,North,198.0
O008070,2025-03-28,C0100,P010,4,1132.0,North,4528.0
O008071,2026-06-19,C0187,P013,1,797.0,West,797.0
O008072,2025-07-29,C0012,P019,1,269.0,West,269.0
O008073,2025-02-15,C0372,P016,1,420.0,North,420.0
O008074,2026-04-12,C0379,P017,1,1000.0,West,1000.0
O008075,2026-06-24,C0279,P016,1,420.0,West,420.0
O008076,2025-01-26,C0341,P014,3,1059.0,South,3177.0
O008077,2025-09-23,C0328,P016,2,420.0,East,840.0
O008078,2025-06-24,C0167,P015,3,730.0,South,2190.0
O008079,2026-05-31,C0122,P012,2,66.0,West,132.0
O008080,2025-11-07,C0393,P005,1,1124.0,South,1124.0
O008081,2025-11-18,C0472,P011,3,508.0,West,1524.0
O008082,2025-05-15,C0095,P005,2,1124.0,West,2248.0
O008083,2025-02-24,C0025,P011,2,508.0,South,1016.0
O008084,2026-06-27,C0017,P002,1,235.0,South,235.0
O008085,2026-06-15,C0426,P019,1,269.0,East,269.0
O008086,2025-06-05,C0029,P017,4,1000.0,East,4000.0
O008087,2025-05-27,C0444,P019,4,269.0,South,1076.0
O008088,2026-04-30,C0323,P012,2,66.0,East,132.0
O008089,2025-01-20,C0341,P020,4,410.0,South,1640.0
O008090,2025-09-26,C0313,P005,3,1124.0,North,3372.0
O008091,2025-11-29,C0072,P012,2,66.0,North,132.0
O008092,2026-02-05,C0270,P016,3,420.0,South,1260.0
O008093,2025-11-02,C0250,P001,4,31.0,West,124.0
O008094,2025-01-28,C0295,P002,3,235.0,North,705.0
O008095,2026-04-12,C0144,P010,2,1132.0,South,2264.0
O008096,2025-09-17,C0274,P002,3,235.0,West,705.0
O008097,2026-06-18,C0223,P010,2,1132.0,North,2264.0
O008098,2025-04-11,C0075,P018,4,1129.0,West,4516.0
O008099,2025-12-19,C0102,P001,2,31.0,East,62.0
O008100,2025-10-27,C0020,P005,4,1124.0,South,4496.0
O008101,2025-10-23,C0117,P012,1,66.0,West,66.0
O008102,2025-12-19,C0174,P017,4,1000.0,North,4000.0
O008103,2025-05-10,C0373,P019,2,269.0,North,538.0
O008104,2025-06-05,C0173,P018,2,1129.0,East,2258.0
O008105,2025-03-15,C0004,P013,1,797.0,East,797.0
O008106,2025-12-08,C0340,P003,1,358.0,North,358.0
O008107,2026-04-10,C0479,P010,4,1132.0,West,4528.0
O008108,2025-03-31,C0148,P014,3,1059.0,East,3177.0
O008109,2026-03-31,C0395,P008,3,729.0,South,2187.0
O008110,2025-11-28,C0114,P010,1,1132.0,West,1132.0
O008111,2025-12-14,C0321,P002,4,235.0,East,940.0
O008112,2025-08-21,C0492,P013,1,797.0,East,797.0
O008113,2025-04-12,C0402,P005,1,1124.0,West,1124.0
O008114,2026-04-26,C0167,P011,2,508.0,South,1016.0
O008115,2025-08-02,C0300,P001,2,31.0,North,62.0
O008116,2025-04-18,C0481,P010,2,1132.0,East,2264.0
O008117,2025-06-14,C0118,P013,1,797.0,North,797.0
O008118,2025-12-01,C0100,P004,4,680.0,North,2720.0
O008119,2025-03-27,C0274,P010,3,1132.0,West,3396.0
O008120,2026-02-28,C0175,P012,3,66.0,East,198.0
O008121,2025-12-30,C0159,P014,2,1059.0,North,2118.0
O008122,2025-03-01,C0384,P003,4,358.0,West,1432.0
O008123,2026-04-27,C0227,P002,1,235.0,West,235.0
O008124,2025-09-07,C0423,P019,4,269.0,North,1076.0
O008125,2025-04-27,C0038,P011,4,508.0,North,2032.0
O008126,2026-06-29,C0463,P007,4,995.0,West,3980.0
O008127,2025-02-13,C0431,P018,1,1129.0,North,1129.0
O008128,2026-05-24,C0198,P014,4,1059.0,West,4236.0
O008129,2025-06-14,C0136,P007,1,995.0,South,995.0
O008130,2026-01-03,C0104,P007,3,995.0,East,2985.0
O008131,2025-10-19,C0470,P009,3,485.0,West,1455.0
O008132,2025-10-13,C0193,P012,1,66.0,West,66.0
O008133,2025-07-23,C0250,P006,3,393.0,West,1179.0
O008134,2026-06-08,C0013,P007,3,995.0,West,2985.0
O008135,2025-05-01,C0055,P004,2,680.0,East,1360.0
O008136,2025-07-07,C0344,P016,1,420.0,South,420.0
O008137,2025-01-13,C0085,P007,1,995.0,South,995.0
O008138,2025-07-19,C0109,P008,1,729.0,North,729.0
O008139,2026-04-01,C0043,P008,2,729.0,North,1458.0
O008140,2026-03-24,C0388,P020,1,410.0,North,410.0
O008141,2025-03-12,C0071,P003,3,358.0,West,1074.0
O008142,2025-05-10,C0444,P009,4,485.0,South,1940.0
O008143,2025-02-12,C0268,P019,2,269.0,West,538.0
O008144,2026-06-04,C0059,P013,2,797.0,North,1594.0
O008145,2025-01-13,C0461,P007,1,995.0,North,995.0
O008146,2026-06-19,C0438,P020,4,410.0,West,1640.0
O008147,2025-10-29,C0044,P015,4,730.0,West,2920.0
O008148,2026-06-11,C0272,P019,4,269.0,West,1076.0
O008149,2025-04-25,C0390,P002,3,235.0,West,705.0
O008150,2026-04-05,C0014,P012,4,66.0,North,264.0
O008151,2026-05-20,C0371,P008,1,729.0,North,729.0
O008152,2025-11-04,C0112,P008,3,729.0,North,2187.0
O008153,2025-11-21,C0379,P013,4,797.0,West,3188.0
O008154,2025-06-24,C0314,P001,1,31.0,West,31.0
O008155,2026-05-29,C0415,P010,3,1132.0,East,3396.0
O008156,2025-06-21,C0228,P009,3,485.0,South,1455.0
O008157,2026-05-17,C0485,P002,4,235.0,East,940.0
O008158,2025-11-30,C0169,P019,3,269.0,North,807.0
O008159,2025-10-11,C0376,P014,2,1059.0,South,2118.0
O008160,2026-04-20,C0291,P010,1,1132.0,North,1132.0
O008161,2025-02-23,C0246,P010,4,1132.0,West,4528.0
O008162,2026-04-03,C0266,P008,1,729.0,West,729.0
O008163,2026-02-24,C0337,P014,1,1059.0,West,1059.0
O008164,2026-02-13,C0243,P013,2,797.0,West,1594.0
O008165,2025-10-31,C0490,P006,3,393.0,West,1179.0
O008166,2025-08-10,C0158,P013,2,797.0,West,1594.0
O008167,2026-06-17,C0300,P003,2,358.0,North,716.0
O008168,2025-06-07,C0439,P020,3,410.0,West,1230.0
O008169,2025-12-14,C0327,P013,4,797.0,East,3188.0
O008170,2025-06-08,C0018,P019,1,269.0,East,269.0
O008171,2025-08-23,C0083,P016,4,420.0,South,1680.0
O008172,2026-02-09,C0335,P004,4,680.0,North,2720.0
O008173,2025-09-14,C0231,P003,2,358.0,West,716.0
O008174,2025-02-16,C0492,P015,3,730.0,East,2190.0
O008175,2025-08-01,C0342,P015,3,730.0,South,2190.0
O008176,2026-04-24,C0253,P018,1,1129.0,West,1129.0
O008177,2026-05-02,C0167,P007,3,995.0,South,2985.0
O008178,2025-12-08,C0042,P020,4,410.0,South,1640.0
O008179,2026-06-08,C0249,P005,3,1124.0,West,3372.0
O008180,2026-05-18,C0248,P008,3,729.0,West,2187.0
O008181,2025-01-06,C0438,P010,4,1132.0,West,4528.0
O008182,2025-05-24,C0380,P001,1,31.0,South,31.0
O008183,2025-09-18,C0286,P011,1,508.0,North,508.0
O008184,2025-08-20,C0020,P003,4,358.0,South,1432.0
O008185,2025-09-27,C0382,P003,3,358.0,East,1074.0
O008186,2026-03-23,C0352,P015,3,730.0,West,2190.0
O008187,2025-08-10,C0381,P017,1,1000.0,North,1000.0
O008188,2025-02-21,C0042,P018,1,1129.0,South,1129.0
O008189,2025-04-26,C0345,P008,1,729.0,South,729.0
O008190,2026-06-22,C0087,P013,2,797.0,West,1594.0
O008191,2026-06-25,C0261,P010,1,1132.0,East,1132.0
O008192,2025-01-19,C0306,P003,3,358.0,West,1074.0
O008193,2026-01-27,C0297,P020,1,410.0,West,410.0
O008194,2026-02-23,C0350,P014,3,1059.0,East,3177.0
O008195,2025-11-05,C0240,P013,3,797.0,North,2391.0
O008196,2025-07-05,C0167,P003,3,358.0,South,1074.0
O008197,2025-09-18,C0313,P013,1,797.0,North,797.0
O008198,2026-06-12,C0219,P020,1,410.0,East,410.0
O008199,2025-09-30,C0441,P009,4,485.0,North,1940.0
O008200,2025-06-09,C0490,P016,1,420.0,West,420.0
O008201,2025-08-12,C0421,P008,1,729.0,West,729.0
O008202,2025-09-13,C0391,P012,1,66.0,West,66.0
O008203,2025-06-29,C0133,P012,2,66.0,North,132.0
O008204,2025-01-20,C0207,P019,1,269.0,North,269.0
O008205,2026-04-13,C0051,P017,2,1000.0,West,2000.0
O008206,2025-07-29,C0106,P015,3,730.0,North,2190.0
O008207,2026-05-28,C0392,P018,3,1129.0,South,3387.0
O008208,2025-02-27,C0184,P007,3,995.0,West,2985.0
O008209,2025-04-03,C0201,P013,3,797.0,East,2391.0
O008210,2025-08-09,C0011,P019,2,269.0,North,538.0
O008211,2025-08-20,C0254,P016,2,420.0,South,840.0
O008212,2025-12-30,C0150,P011,3,508.0,South,1524.0
O008213,2026-01-09,C0354,P005,1,1124.0,North,1124.0
O008214,2026-04-01,C0355,P002,3,235.0,North,705.0
O008215,2025-03-29,C0461,P001,3,31.0,North,93.0
O008216,2025-01-20,C0395,P016,2,420.0,South,840.0
O008217,2025-01-14,C0444,P005,3,1124.0,South,3372.0
O008218,2025-05-13,C0096,P007,2,995.0,South,1990.0
O008219,2025-02-03,C0106,P009,4,485.0,North,1940.0
O008220,2025-07-27,C0143,P004,2,680.0,South,1360.0
O008221,2025-07-18,C0166,P019,3,269.0,West,807.0
O008222,2025-06-04,C0001,P020,1,410.0,South,410.0
O008223,2025-03-19,C0046,P015,2,730.0,East,1460.0
O008224,2025-06-21,C0242,P007,2,995.0,West,1990.0
O008225,2025-10-16,C0344,P018,2,1129.0,South,2258.0
O008226,2026-06-29,C0427,P005,3,1124.0,South,3372.0
O008227,2026-02-24,C0488,P013,3,797.0,South,2391.0
O008228,2025-01-07,C0278,P003,2,358.0,East,716.0
O008229,2025-06-09,C0003,P006,1,393.0,West,393.0
O008230,2025-08-28,C0142,P012,3,66.0,South,198.0
O008231,2026-02-27,C0386,P018,1,1129.0,West,1129.0
O008232,2026-06-20,C0061,P018,4,1129.0,South,4516.0
O008233,2025-03-11,C0416,P004,1,680.0,South,680.0
O008234,2025-08-04,C0496,P020,3,410.0,South,1230.0
O008235,2025-04-14,C0294,P014,2,1059.0,South,2118.0
O008236,2025-02-23,C0225,P014,4,1059.0,South,4236.0
O008237,2025-11-26,C0302,P001,1,31.0,East,31.0
O008238,2025-07-22,C0170,P011,2,508.0,East,1016.0
O008239,2025-10-15,C0134,P009,4,485.0,South,1940.0
O008240,2025-02-14,C0041,P018,1,1129.0,North,1129.0
O008241,2025-07-17,C0231,P005,2,1124.0,West,2248.0
O008242,2025-08-04,C0409,P010,4,1132.0,West,4528.0
O008243,2026-04-26,C0226,P015,3,730.0,North,2190.0
O008244,2025-11-05,C0139,P010,1,1132.0,South,1132.0
O008245,2026-03-11,C0110,P016,1,420.0,North,420.0
O008246,2025-11-28,C0485,P004,4,680.0,East,2720.0
O008247,2025-01-27,C0297,P004,1,680.0,West,680.0
O008248,2025-06-15,C0455,P008,2,729.0,North,1458.0
O008249,2025-11-14,C0057,P006,1,393.0,North,393.0
O008250,2025-10-01,C0430,P011,1,508.0,North,508.0
O008251,2026-01-18,C0123,P013,2,797.0,South,1594.0
O008252,2025-12-31,C0240,P019,2,269.0,North,538.0
O008253,2025-04-13,C0086,P011,3,508.0,South,1524.0
O008254,2026-05-18,C0176,P002,2,235.0,North,470.0
O008255,2026-01-08,C0063,P003,1,358.0,West,358.0
O008256,2025-09-02,C0039,P015,4,730.0,East,2920.0
O008257,2025-06-18,C0138,P013,1,797.0,West,797.0
O008258,2026-02-22,C0469,P010,3,1132.0,North,3396.0
O008259,2025-12-22,C0454,P005,4,1124.0,West,4496.0
O008260,2026-04-23,C0241,P011,3,508.0,West,1524.0
O008261,2025-05-05,C0449,P014,1,1059.0,South,1059.0
O008262,2026-06-21,C0226,P020,2,410.0,North,820.0
O008263,2026-02-06,C0443,P015,4,730.0,South,2920.0
O008264,2026-06-01,C0206,P013,1,797.0,North,797.0
O008265,2026-06-15,C0164,P003,4,358.0,East,1432.0
O008266,2025-09-11,C0027,P009,3,485.0,North,1455.0
O008267,2025-05-01,C0457,P008,1,729.0,North,729.0
O008268,2025-02-01,C0183,P015,4,730.0,West,2920.0
O008269,2025-02-06,C0198,P001,1,31.0,West,31.0
O008270,2025-12-08,C0479,P002,1,235.0,West,235.0
O008271,2025-01-13,C0337,P009,3,485.0,West,1455.0
O008272,2025-07-02,C0437,P017,3,1000.0,North,3000.0
O008273,2025-09-22,C0107,P009,3,485.0,South,1455.0
O008274,2025-03-29,C0444,P001,2,31.0,South,62.0
O008275,2026-04-07,C0189,P008,4,729.0,East,2916.0
O008276,2025-02-15,C0036,P005,3,1124.0,West,3372.0
O008277,2026-01-27,C0085,P011,2,508.0,South,1016.0
O008278,2025-04-29,C0155,P006,2,393.0,West,786.0
O008279,2026-06-15,C0169,P017,4,1000.0,North,4000.0
O008280,2026-03-23,C0284,P018,4,1129.0,North,4516.0
O008281,2025-02-15,C0272,P018,3,1129.0,West,3387.0
O008282,2026-05-23,C0035,P005,2,1124.0,West,2248.0
O008283,2026-06-10,C0420,P005,4,1124.0,West,4496.0
O008284,2025-01-03,C0184,P019,4,269.0,West,1076.0
O008285,2025-01-28,C0099,P013,4,797.0,North,3188.0
O008286,2026-01-16,C0237,P007,4,995.0,South,3980.0
O008287,2025-06-06,C0403,P014,2,1059.0,East,2118.0
O008288,2026-05-26,C0441,P008,1,729.0,North,729.0
O008289,2025-11-29,C0469,P003,4,358.0,North,1432.0
O008290,2025-04-24,C0122,P004,2,680.0,West,1360.0
O008291,2026-01-24,C0417,P010,4,1132.0,South,4528.0
O008292,2026-05-02,C0023,P004,2,680.0,South,1360.0
O008293,2025-09-07,C0375,P018,3,1129.0,North,3387.0
O008294,2025-11-11,C0063,P012,1,66.0,West,66.0
O008295,2025-08-27,C0326,P020,2,410.0,West,820.0
O008296,2025-08-22,C0480,P020,2,410.0,East,820.0
O008297,2025-10-30,C0150,P015,2,730.0,South,1460.0
O008298,2025-11-30,C0195,P013,4,797.0,South,3188.0
O008299,2025-04-23,C0483,P012,3,66.0,South,198.0
O008300,2025-12-28,C0080,P008,4,729.0,North,2916.0
O008301,2025-04-07,C0490,P009,3,485.0,West,1455.0
O008302,2025-01-16,C0315,P020,1,410.0,West,410.0
O008303,2026-01-11,C0153,P009,4,485.0,North,1940.0
O008304,2026-01-25,C0017,P017,2,1000.0,South,2000.0
O008305,2025-08-05,C0039,P001,1,31.0,East,31.0
O008306,2026-02-03,C0333,P006,4,393.0,North,1572.0
O008307,2025-09-17,C0348,P007,3,995.0,North,2985.0
O008308,2025-11-16,C0459,P009,4,485.0,North,1940.0
O008309,2025-07-15,C0202,P010,4,1132.0,North,4528.0
O008310,2026-04-23,C0423,P004,2,680.0,North,1360.0
O008311,2026-02-22,C0280,P016,2,420.0,West,840.0
O008312,2026-04-20,C0422,P012,1,66.0,West,66.0
O008313,2026-06-28,C0088,P009,2,485.0,East,970.0
O008314,2025-08-19,C0481,P003,4,358.0,East,1432.0
O008315,2026-06-05,C0465,P009,4,485.0,West,1940.0
O008316,2025-07-19,C0441,P017,3,1000.0,North,3000.0
O008317,2025-01-21,C0300,P014,4,1059.0,North,4236.0
O008318,2025-11-07,C0292,P005,1,1124.0,North,1124.0
O008319,2026-03-10,C0355,P001,1,31.0,North,31.0
O008320,2026-01-06,C0070,P001,2,31.0,West,62.0
O008321,2025-03-19,C0378,P003,3,358.0,North,1074.0
O008322,2026-06-26,C0124,P009,4,485.0,North,1940.0
O008323,2025-10-12,C0080,P006,2,393.0,North,786.0
O008324,2025-05-20,C0045,P009,4,485.0,South,1940.0
O008325,2025-10-09,C0476,P004,1,680.0,West,680.0
O008326,2025-09-15,C0233,P020,1,410.0,East,410.0
O008327,2025-12-26,C0480,P019,3,269.0,East,807.0
O008328,2026-03-16,C0154,P005,4,1124.0,South,4496.0
O008329,2025-09-27,C0395,P005,4,1124.0,South,4496.0
O008330,2025-05-14,C0180,P014,1,1059.0,North,1059.0
O008331,2025-04-14,C0409,P010,3,1132.0,West,3396.0
O008332,2025-04-05,C0031,P016,2,420.0,East,840.0
O008333,2026-04-25,C0085,P006,3,393.0,South,1179.0
O008334,2025-08-29,C0045,P020,2,410.0,South,820.0
O008335,2025-01-13,C0371,P014,2,1059.0,North,2118.0
O008336,2025-05-27,C0323,P018,1,1129.0,East,1129.0
O008337,2025-04-05,C0332,P009,2,485.0,West,970.0
O008338,2025-10-20,C0243,P007,4,995.0,West,3980.0
O008339,2025-01-25,C0040,P018,1,1129.0,South,1129.0
O008340,2025-09-29,C0430,P010,3,1132.0,North,3396.0
O008341,2026-05-20,C0182,P002,3,235.0,North,705.0
O008342,2025-06-15,C0297,P013,2,797.0,West,1594.0
O008343,2025-03-28,C0473,P006,4,393.0,North,1572.0
O008344,2026-05-06,C0376,P009,3,485.0,South,1455.0
O008345,2025-05-21,C0081,P020,2,410.0,West,820.0
O008346,2025-04-13,C0038,P008,3,729.0,North,2187.0
O008347,2025-08-14,C0356,P010,4,1132.0,East,4528.0
O008348,2025-10-21,C0420,P016,2,420.0,West,840.0
O008349,2025-11-02,C0467,P015,4,730.0,South,2920.0
O008350,2025-09-11,C0428,P013,2,797.0,West,1594.0
O008351,2025-06-29,C0057,P018,4,1129.0,North,4516.0
O008352,2025-02-09,C0322,P006,3,393.0,West,1179.0
O008353,2026-06-04,C0465,P020,3,410.0,West,1230.0
O008354,2026-06-30,C0030,P009,4,485.0,North,1940.0
O008355,2025-08-24,C0495,P018,3,1129.0,South,3387.0
O008356,2026-04-08,C0266,P007,3,995.0,West,2985.0
O008357,2025-08-16,C0227,P005,2,1124.0,West,2248.0
O008358,2026-04-28,C0317,P011,4,508.0,South,2032.0
O008359,2026-03-06,C0447,P013,2,797.0,West,1594.0
O008360,2025-01-22,C0500,P003,3,358.0,West,1074.0
O008361,2025-12-09,C0292,P001,3,31.0,North,93.0
O008362,2025-02-09,C0054,P004,1,680.0,West,680.0
O008363,2025-06-22,C0097,P019,4,269.0,East,1076.0
O008364,2026-03-15,C0449,P018,4,1129.0,South,4516.0
O008365,2025-06-28,C0466,P006,2,393.0,South,786.0
O008366,2025-05-13,C0004,P010,4,1132.0,East,4528.0
O008367,2025-12-17,C0439,P007,2,995.0,West,1990.0
O008368,2026-06-09,C0310,P012,3,66.0,South,198.0
O008369,2026-06-24,C0367,P008,1,729.0,West,729.0
O008370,2026-05-21,C0091,P013,3,797.0,North,2391.0
O008371,2025-03-25,C0089,P018,2,1129.0,West,2258.0
O008372,2026-04-09,C0320,P014,2,1059.0,South,2118.0
O008373,2025-12-09,C0375,P011,1,508.0,North,508.0
O008374,2025-10-07,C0092,P010,3,1132.0,West,3396.0
O008375,2025-09-20,C0150,P006,4,393.0,South,1572.0
O008376,2025-06-15,C0234,P013,1,797.0,South,797.0
O008377,2025-10-20,C0409,P010,4,1132.0,West,4528.0
O008378,2026-05-24,C0337,P012,3,66.0,West,198.0
O008379,2025-08-14,C0059,P001,1,31.0,North,31.0
O008380,2025-06-19,C0185,P018,3,1129.0,South,3387.0
O008381,2026-03-24,C0438,P013,3,797.0,West,2391.0
O008382,2026-05-17,C0044,P004,4,680.0,West,2720.0
O008383,2026-06-11,C0180,P006,4,393.0,North,1572.0
O008384,2026-01-14,C0076,P018,4,1129.0,West,4516.0
O008385,2025-07-20,C0144,P005,3,1124.0,South,3372.0
O008386,2025-09-07,C0101,P018,2,1129.0,North,2258.0
O008387,2026-02-13,C0381,P005,3,1124.0,North,3372.0
O008388,2025-05-05,C0272,P007,2,995.0,West,1990.0
O008389,2025-04-23,C0465,P009,1,485.0,West,485.0
O008390,2025-05-17,C0055,P003,4,358.0,East,1432.0
O008391,2026-05-11,C0189,P012,4,66.0,East,264.0
O008392,2025-05-30,C0351,P020,3,410.0,East,1230.0
O008393,2025-12-09,C0335,P014,2,1059.0,North,2118.0
O008394,2025-11-17,C0077,P008,1,729.0,West,729.0
O008395,2026-06-16,C0296,P012,3,66.0,East,198.0
O008396,2025-10-16,C0219,P007,1,995.0,East,995.0
O008397,2026-05-04,C0277,P009,2,485.0,West,970.0
O008398,2026-05-07,C0066,P012,4,66.0,East,264.0
O008399,2025-09-09,C0136,P004,4,680.0,South,2720.0
O008400,2025-03-18,C0234,P005,2,1124.0,South,2248.0
O008401,2026-01-27,C0199,P009,4,485.0,West,1940.0
O008402,2026-02-16,C0266,P007,3,995.0,West,2985.0
O008403,2025-06-22,C0441,P014,2,1059.0,North,2118.0
O008404,2025-07-20,C0388,P020,4,410.0,North,1640.0
O008405,2025-08-05,C0043,P017,2,1000.0,North,2000.0
O008406,2026-01-11,C0361,P001,1,31.0,South,31.0
O008407,2025-01-11,C0228,P015,3,730.0,South,2190.0
O008408,2025-01-12,C0227,P015,3,730.0,West,2190.0
O008409,2026-03-11,C0063,P001,1,31.0,West,31.0
O008410,2026-01-08,C0171,P015,4,730.0,East,2920.0
O008411,2025-09-30,C0451,P002,1,235.0,West,235.0
O008412,2026-05-24,C0250,P004,4,680.0,West,2720.0
O008413,2025-05-12,C0338,P017,4,1000.0,West,4000.0
O008414,2025-11-15,C0250,P016,2,420.0,West,840.0
O008415,2025-06-17,C0307,P018,3,1129.0,East,3387.0
O008416,2026-02-01,C0238,P016,4,420.0,North,1680.0
O008417,2025-06-29,C0056,P008,3,729.0,West,2187.0
O008418,2025-02-27,C0171,P006,1,393.0,East,393.0
O008419,2026-04-25,C0408,P020,1,410.0,North,410.0
O008420,2026-04-05,C0480,P002,3,235.0,East,705.0
O008421,2025-03-02,C0034,P019,3,269.0,West,807.0
O008422,2026-01-04,C0315,P013,1,797.0,West,797.0
O008423,2025-05-01,C0130,P006,1,393.0,East,393.0
O008424,2026-06-30,C0130,P006,4,393.0,East,1572.0
O008425,2025-01-17,C0394,P013,1,797.0,West,797.0
O008426,2026-05-11,C0151,P001,2,31.0,West,62.0
O008427,2026-05-12,C0143,P009,1,485.0,South,485.0
O008428,2026-05-20,C0118,P012,4,66.0,North,264.0
O008429,2026-06-16,C0204,P012,2,66.0,West,132.0
O008430,2025-11-11,C0384,P004,2,680.0,West,1360.0
O008431,2025-03-10,C0235,P019,4,269.0,North,1076.0
O008432,2025-06-10,C0017,P016,3,420.0,South,1260.0
O008433,2025-05-25,C0082,P012,2,66.0,East,132.0
O008434,2026-01-20,C0014,P001,1,31.0,North,31.0
O008435,2025-09-26,C0081,P004,3,680.0,West,2040.0
O008436,2026-03-30,C0207,P009,1,485.0,North,485.0
O008437,2026-06-02,C0204,P007,2,995.0,West,1990.0
O008438,2025-12-16,C0379,P010,1,1132.0,West,1132.0
O008439,2025-04-20,C0272,P013,4,797.0,West,3188.0
O008440,2026-04-28,C0032,P008,3,729.0,North,2187.0
O008441,2026-02-11,C0023,P020,2,410.0,South,820.0
O008442,2025-02-20,C0102,P010,3,1132.0,East,3396.0
O008443,2026-02-07,C0162,P010,4,1132.0,East,4528.0
O008444,2026-04-21,C0098,P008,2,729.0,South,1458.0
O008445,2025-03-28,C0144,P020,1,410.0,South,410.0
O008446,2025-03-09,C0418,P015,3,730.0,South,2190.0
O008447,2025-02-11,C0104,P001,2,31.0,East,62.0
O008448,2025-02-26,C0382,P015,2,730.0,East,1460.0
O008449,2025-07-15,C0455,P017,4,1000.0,North,4000.0
O008450,2025-03-03,C0417,P013,2,797.0,South,1594.0
O008451,2025-09-20,C0324,P012,2,66.0,South,132.0
O008452,2025-04-22,C0171,P003,4,358.0,East,1432.0
O008453,2025-06-27,C0064,P019,1,269.0,South,269.0
O008454,2025-01-26,C0244,P005,1,1124.0,South,1124.0
O008455,2026-02-14,C0071,P003,2,358.0,West,716.0
O008456,2026-06-15,C0274,P005,1,1124.0,West,1124.0
O008457,2025-11-13,C0452,P009,4,485.0,East,1940.0
O008458,2026-06-16,C0369,P006,1,393.0,North,393.0
O008459,2025-04-16,C0125,P016,2,420.0,North,840.0
O008460,2026-04-09,C0383,P010,4,1132.0,East,4528.0
O008461,2025-09-03,C0317,P016,1,420.0,South,420.0
O008462,2025-03-22,C0331,P003,3,358.0,South,1074.0
O008463,2026-01-31,C0107,P018,3,1129.0,South,3387.0
O008464,2026-06-06,C0148,P011,4,508.0,East,2032.0
O008465,2025-09-21,C0395,P019,1,269.0,South,269.0
O008466,2025-10-01,C0463,P015,2,730.0,West,1460.0
O008467,2025-06-21,C0430,P011,3,508.0,North,1524.0
O008468,2025-09-22,C0192,P010,1,1132.0,West,1132.0
O008469,2025-01-26,C0337,P009,1,485.0,West,485.0
O008470,2026-04-14,C0226,P003,2,358.0,North,716.0
O008471,2026-04-21,C0242,P009,2,485.0,West,970.0
O008472,2025-12-22,C0496,P018,1,1129.0,South,1129.0
O008473,2025-01-26,C0460,P012,2,66.0,North,132.0
O008474,2025-02-03,C0362,P016,4,420.0,East,1680.0
O008475,2025-09-21,C0284,P004,3,680.0,North,2040.0
O008476,2025-05-18,C0432,P001,3,31.0,West,93.0
O008477,2026-04-07,C0163,P013,1,797.0,East,797.0
O008478,2025-06-17,C0008,P008,1,729.0,West,729.0
O008479,2025-03-22,C0347,P006,2,393.0,East,786.0
O008480,2026-02-11,C0406,P008,3,729.0,West,2187.0
O008481,2025-02-15,C0377,P019,2,269.0,West,538.0
O008482,2025-02-22,C0152,P012,1,66.0,North,66.0
O008483,2026-04-21,C0322,P001,1,31.0,West,31.0
O008484,2025-01-16,C0095,P004,1,680.0,West,680.0
O008485,2025-12-26,C0214,P013,1,797.0,North,797.0
O008486,2026-05-02,C0064,P017,1,1000.0,South,1000.0
O008487,2026-05-17,C0065,P019,1,269.0,South,269.0
O008488,2025-05-21,C0381,P019,4,269.0,North,1076.0
O008489,2026-03-23,C0270,P005,4,1124.0,South,4496.0
O008490,2025-10-17,C0025,P011,2,508.0,South,1016.0
O008491,2025-07-28,C0484,P007,4,995.0,East,3980.0
O008492,2026-04-20,C0100,P003,2,358.0,North,716.0
O008493,2026-02-17,C0105,P011,2,508.0,West,1016.0
O008494,2026-03-03,C0131,P017,4,1000.0,South,4000.0
O008495,2026-01-06,C0389,P011,3,508.0,West,1524.0
O008496,2025-10-17,C0321,P015,2,730.0,East,1460.0
O008497,2026-03-08,C0438,P019,1,269.0,West,269.0
O008498,2025-09-25,C0019,P008,2,729.0,South,1458.0
O008499,2025-05-31,C0225,P016,2,420.0,South,840.0
O008500,2025-09-12,C0106,P015,3,730.0,North,2190.0
O008501,2025-12-19,C0054,P003,1,358.0,West,358.0
O008502,2026-01-12,C0478,P006,3,393.0,East,1179.0
O008503,2025-12-24,C0460,P003,3,358.0,North,1074.0
O008504,2026-01-05,C0394,P005,3,1124.0,West,3372.0
O008505,2025-08-15,C0226,P001,2,31.0,North,62.0
O008506,2025-10-30,C0400,P014,1,1059.0,West,1059.0
O008507,2026-01-24,C0360,P012,1,66.0,East,66.0
O008508,2026-01-12,C0430,P013,3,797.0,North,2391.0
O008509,2025-04-28,C0413,P014,4,1059.0,West,4236.0
O008510,2025-01-05,C0015,P012,1,66.0,North,66.0
O008511,2026-03-20,C0048,P013,1,797.0,East,797.0
O008512,2025-12-18,C0139,P006,3,393.0,South,1179.0
O008513,2026-06-17,C0492,P015,2,730.0,East,1460.0
O008514,2025-05-04,C0034,P016,3,420.0,West,1260.0
O008515,2025-10-04,C0420,P009,4,485.0,West,1940.0
O008516,2026-01-29,C0414,P008,4,729.0,East,2916.0
O008517,2025-12-26,C0355,P005,3,1124.0,North,3372.0
O008518,2026-04-14,C0457,P015,4,730.0,North,2920.0
O008519,2025-02-26,C0210,P007,2,995.0,North,1990.0
O008520,2025-09-08,C0019,P017,2,1000.0,South,2000.0
O008521,2025-05-30,C0487,P016,2,420.0,North,840.0
O008522,2026-03-28,C0196,P011,4,508.0,South,2032.0
O008523,2025-06-11,C0326,P007,2,995.0,West,1990.0
O008524,2025-04-30,C0115,P011,3,508.0,East,1524.0
O008525,2025-12-17,C0417,P002,2,235.0,South,470.0
O008526,2025-04-09,C0352,P002,4,235.0,West,940.0
O008527,2025-06-16,C0464,P006,1,393.0,East,393.0
O008528,2026-05-29,C0075,P003,2,358.0,West,716.0
O008529,2026-02-05,C0150,P001,3,31.0,South,93.0
O008530,2025-12-31,C0036,P020,3,410.0,West,1230.0
O008531,2025-11-22,C0242,P016,4,420.0,West,1680.0
O008532,2025-09-04,C0151,P014,2,1059.0,West,2118.0
O008533,2026-03-10,C0063,P017,2,1000.0,West,2000.0
O008534,2025-04-03,C0154,P018,1,1129.0,South,1129.0
O008535,2025-09-25,C0188,P004,2,680.0,East,1360.0
O008536,2025-11-17,C0223,P003,3,358.0,North,1074.0
O008537,2025-03-03,C0093,P008,2,729.0,West,1458.0
O008538,2025-10-27,C0005,P004,4,680.0,North,2720.0
O008539,2026-02-07,C0438,P015,4,730.0,West,2920.0
O008540,2025-10-30,C0166,P013,1,797.0,West,797.0
O008541,2025-09-10,C0446,P014,3,1059.0,West,3177.0
O008542,2026-04-23,C0025,P014,4,1059.0,South,4236.0
O008543,2026-01-04,C0098,P005,3,1124.0,South,3372.0
O008544,2025-06-09,C0268,P005,2,1124.0,West,2248.0
O008545,2025-06-15,C0150,P013,1,797.0,South,797.0
O008546,2025-07-24,C0393,P004,1,680.0,South,680.0
O008547,2025-09-24,C0252,P018,2,1129.0,South,2258.0
O008548,2025-05-18,C0084,P006,4,393.0,North,1572.0
O008549,2026-01-03,C0285,P005,3,1124.0,East,3372.0
O008550,2026-03-19,C0172,P003,3,358.0,North,1074.0
O008551,2025-01-17,C0221,P020,3,410.0,East,1230.0
O008552,2025-03-09,C0109,P003,4,358.0,North,1432.0
O008553,2025-05-13,C0027,P003,2,358.0,North,716.0
O008554,2026-03-06,C0246,P020,3,410.0,West,1230.0
O008555,2025-11-04,C0055,P002,4,235.0,East,940.0
O008556,2025-06-23,C0465,P020,3,410.0,West,1230.0
O008557,2026-02-16,C0133,P018,4,1129.0,North,4516.0
O008558,2025-04-07,C0052,P010,2,1132.0,West,2264.0
O008559,2025-06-03,C0493,P007,3,995.0,South,2985.0
O008560,2025-08-30,C0253,P020,2,410.0,West,820.0
O008561,2025-10-31,C0269,P014,1,1059.0,South,1059.0
O008562,2025-10-12,C0298,P010,4,1132.0,North,4528.0
O008563,2025-01-27,C0399,P020,1,410.0,West,410.0
O008564,2026-02-06,C0079,P016,2,420.0,South,840.0
O008565,2025-12-26,C0018,P006,2,393.0,East,786.0
O008566,2025-03-01,C0306,P017,2,1000.0,West,2000.0
O008567,2025-07-21,C0258,P006,3,393.0,East,1179.0
O008568,2026-01-05,C0343,P018,3,1129.0,North,3387.0
O008569,2026-06-17,C0107,P010,2,1132.0,South,2264.0
O008570,2025-06-01,C0397,P010,2,1132.0,West,2264.0
O008571,2025-04-12,C0491,P009,3,485.0,South,1455.0
O008572,2026-03-22,C0452,P015,3,730.0,East,2190.0
O008573,2025-08-17,C0047,P011,4,508.0,South,2032.0
O008574,2025-05-05,C0246,P007,2,995.0,West,1990.0
O008575,2025-08-24,C0089,P018,3,1129.0,West,3387.0
O008576,2025-06-11,C0203,P002,3,235.0,North,705.0
O008577,2025-12-19,C0434,P002,1,235.0,North,235.0
O008578,2025-03-09,C0240,P013,2,797.0,North,1594.0
O008579,2025-06-22,C0490,P011,2,508.0,West,1016.0
O008580,2025-09-18,C0268,P019,3,269.0,West,807.0
O008581,2025-08-05,C0013,P020,1,410.0,West,410.0
O008582,2025-05-04,C0137,P001,4,31.0,East,124.0
O008583,2025-06-11,C0315,P017,2,1000.0,West,2000.0
O008584,2025-07-20,C0173,P020,4,410.0,East,1640.0
O008585,2026-03-30,C0230,P018,2,1129.0,East,2258.0
O008586,2026-02-06,C0198,P008,3,729.0,West,2187.0
O008587,2026-04-07,C0491,P013,4,797.0,South,3188.0
O008588,2025-10-02,C0243,P004,2,680.0,West,1360.0
O008589,2025-07-25,C0043,P019,4,269.0,North,1076.0
O008590,2025-02-09,C0330,P003,3,358.0,North,1074.0
O008591,2025-09-30,C0279,P006,1,393.0,West,393.0
O008592,2025-04-03,C0079,P006,1,393.0,South,393.0
O008593,2025-02-11,C0429,P006,4,393.0,South,1572.0
O008594,2026-04-10,C0279,P008,4,729.0,West,2916.0
O008595,2026-01-14,C0232,P017,4,1000.0,East,4000.0
O008596,2025-04-17,C0101,P010,2,1132.0,North,2264.0
O008597,2025-11-24,C0162,P005,3,1124.0,East,3372.0
O008598,2025-03-06,C0144,P019,4,269.0,South,1076.0
O008599,2025-12-31,C0447,P011,1,508.0,West,508.0
O008600,2026-04-29,C0109,P010,2,1132.0,North,2264.0
O008601,2025-01-24,C0435,P003,4,358.0,North,1432.0
O008602,2026-06-24,C0233,P010,2,1132.0,East,2264.0
O008603,2025-03-03,C0111,P002,4,235.0,South,940.0
O008604,2026-05-06,C0416,P009,4,485.0,South,1940.0
O008605,2025-09-30,C0422,P005,2,1124.0,West,2248.0
O008606,2025-08-17,C0232,P017,3,1000.0,East,3000.0
O008607,2025-01-20,C0440,P006,3,393.0,North,1179.0
O008608,2025-01-03,C0238,P011,1,508.0,North,508.0
O008609,2026-02-25,C0197,P005,3,1124.0,West,3372.0
O008610,2025-11-03,C0273,P007,3,995.0,West,2985.0
O008611,2026-03-08,C0086,P007,2,995.0,South,1990.0
O008612,2025-05-16,C0295,P004,2,680.0,North,1360.0
O008613,2026-05-30,C0041,P010,1,1132.0,North,1132.0
O008614,2025-07-12,C0048,P018,4,1129.0,East,4516.0
O008615,2026-02-19,C0466,P001,2,31.0,South,62.0
O008616,2025-04-28,C0412,P014,2,1059.0,West,2118.0
O008617,2025-07-28,C0077,P006,2,393.0,West,786.0
O008618,2025-02-03,C0178,P011,3,508.0,South,1524.0
O008619,2025-11-14,C0490,P014,2,1059.0,West,2118.0
O008620,2025-04-30,C0257,P020,1,410.0,West,410.0
O008621,2026-06-09,C0117,P003,1,358.0,West,358.0
O008622,2025-03-30,C0434,P016,2,420.0,North,840.0
O008623,2026-05-27,C0019,P016,4,420.0,South,1680.0
O008624,2025-02-16,C0482,P007,2,995.0,East,1990.0
O008625,2026-06-06,C0059,P008,1,729.0,North,729.0
O008626,2025-10-11,C0196,P004,4,680.0,South,2720.0
O008627,2026-01-12,C0107,P012,3,66.0,South,198.0
O008628,2025-05-14,C0451,P012,2,66.0,West,132.0
O008629,2025-09-05,C0425,P010,1,1132.0,North,1132.0
O008630,2025-11-14,C0394,P012,3,66.0,West,198.0
O008631,2026-03-12,C0284,P011,1,508.0,North,508.0
O008632,2025-06-25,C0034,P011,3,508.0,West,1524.0
O008633,2025-12-17,C0295,P015,1,730.0,North,730.0
O008634,2025-05-23,C0495,P006,1,393.0,South,393.0
O008635,2026-02-02,C0251,P011,3,508.0,South,1524.0
O008636,2026-01-04,C0126,P002,2,235.0,South,470.0
O008637,2026-05-16,C0339,P009,1,485.0,South,485.0
O008638,2026-01-05,C0106,P011,4,508.0,North,2032.0
O008639,2026-01-17,C0440,P016,2,420.0,North,840.0
O008640,2025-03-27,C0180,P013,4,797.0,North,3188.0
O008641,2026-04-05,C0110,P013,1,797.0,North,797.0
O008642,2025-11-21,C0228,P018,3,1129.0,South,3387.0
O008643,2026-06-06,C0121,P001,1,31.0,West,31.0
O008644,2026-05-04,C0107,P020,3,410.0,South,1230.0
O008645,2026-02-01,C0131,P010,3,1132.0,South,3396.0
O008646,2025-12-21,C0023,P019,4,269.0,South,1076.0
O008647,2025-10-15,C0145,P017,4,1000.0,South,4000.0
O008648,2026-04-04,C0327,P001,2,31.0,East,62.0
O008649,2026-06-20,C0154,P001,2,31.0,South,62.0
O008650,2025-10-18,C0107,P017,2,1000.0,South,2000.0
O008651,2025-06-17,C0146,P015,4,730.0,North,2920.0
O008652,2026-03-04,C0252,P002,4,235.0,South,940.0
O008653,2026-05-05,C0494,P011,3,508.0,North,1524.0
O008654,2025-12-21,C0302,P002,3,235.0,East,705.0
O008655,2025-07-15,C0070,P020,3,410.0,West,1230.0
O008656,2026-06-29,C0031,P009,2,485.0,East,970.0
O008657,2025-01-11,C0093,P019,1,269.0,West,269.0
O008658,2025-09-13,C0137,P002,4,235.0,East,940.0
O008659,2026-01-31,C0374,P016,2,420.0,East,840.0
O008660,2026-02-13,C0163,P020,4,410.0,East,1640.0
O008661,2025-12-28,C0081,P009,1,485.0,West,485.0
O008662,2025-09-16,C0316,P020,4,410.0,East,1640.0
O008663,2025-01-03,C0076,P004,4,680.0,West,2720.0
O008664,2025-03-25,C0063,P013,4,797.0,West,3188.0
O008665,2025-06-05,C0100,P015,3,730.0,North,2190.0
O008666,2025-06-25,C0436,P020,1,410.0,West,410.0
O008667,2026-04-17,C0048,P002,2,235.0,East,470.0
O008668,2026-02-28,C0445,P020,2,410.0,West,820.0
O008669,2025-05-14,C0408,P018,2,1129.0,North,2258.0
O008670,2026-01-15,C0074,P009,1,485.0,West,485.0
O008671,2025-10-04,C0314,P020,4,410.0,West,1640.0
O008672,2025-08-24,C0192,P001,2,31.0,West,62.0
O008673,2025-01-13,C0030,P003,1,358.0,North,358.0
O008674,2025-12-08,C0157,P017,3,1000.0,East,3000.0
O008675,2025-02-04,C0487,P011,1,508.0,North,508.0
O008676,2025-08-02,C0266,P008,3,729.0,West,2187.0
O008677,2026-02-16,C0256,P012,1,66.0,East,66.0
O008678,2026-02-09,C0039,P011,3,508.0,East,1524.0
O008679,2026-05-09,C0055,P013,2,797.0,East,1594.0
O008680,2025-06-08,C0028,P015,1,730.0,East,730.0
O008681,2025-04-20,C0402,P020,3,410.0,West,1230.0
O008682,2026-06-10,C0425,P017,4,1000.0,North,4000.0
O008683,2025-12-13,C0118,P012,2,66.0,North,132.0
O008684,2025-10-06,C0370,P019,2,269.0,North,538.0
O008685,2026-04-24,C0209,P020,3,410.0,North,1230.0
O008686,2025-04-21,C0075,P011,3,508.0,West,1524.0
O008687,2026-03-07,C0065,P010,1,1132.0,South,1132.0
O008688,2026-06-26,C0337,P017,3,1000.0,West,3000.0
O008689,2025-04-25,C0356,P013,3,797.0,East,2391.0
O008690,2025-03-31,C0100,P016,4,420.0,North,1680.0
O008691,2025-07-31,C0046,P020,2,410.0,East,820.0
O008692,2026-06-23,C0316,P020,3,410.0,East,1230.0
O008693,2025-12-26,C0393,P017,3,1000.0,South,3000.0
O008694,2026-05-01,C0429,P005,4,1124.0,South,4496.0
O008695,2026-01-07,C0444,P009,3,485.0,South,1455.0
O008696,2025-08-03,C0156,P004,4,680.0,North,2720.0
O008697,2025-01-15,C0240,P009,2,485.0,North,970.0
O008698,2025-09-16,C0353,P016,2,420.0,East,840.0
O008699,2026-04-08,C0259,P007,4,995.0,East,3980.0
O008700,2025-04-30,C0435,P014,4,1059.0,North,4236.0
O008701,2025-05-08,C0136,P014,2,1059.0,South,2118.0
O008702,2026-06-07,C0370,P007,2,995.0,North,1990.0
O008703,2025-11-21,C0198,P016,4,420.0,West,1680.0
O008704,2025-11-16,C0187,P018,1,1129.0,West,1129.0
O008705,2026-05-21,C0116,P006,2,393.0,West,786.0
O008706,2026-06-10,C0445,P007,2,995.0,West,1990.0
O008707,2025-02-19,C0058,P019,4,269.0,North,1076.0
O008708,2025-03-10,C0070,P008,4,729.0,West,2916.0
O008709,2026-01-26,C0093,P001,4,31.0,West,124.0
O008710,2026-01-18,C0229,P017,1,1000.0,West,1000.0
O008711,2025-01-16,C0396,P019,4,269.0,West,1076.0
O008712,2026-03-15,C0137,P007,1,995.0,East,995.0
O008713,2025-05-12,C0105,P018,4,1129.0,West,4516.0
O008714,2025-09-05,C0305,P006,4,393.0,West,1572.0
O008715,2025-09-30,C0339,P006,1,393.0,South,393.0
O008716,2025-12-15,C0017,P001,3,31.0,South,93.0
O008717,2026-04-29,C0054,P010,2,1132.0,West,2264.0
O008718,2025-12-23,C0112,P008,4,729.0,North,2916.0
O008719,2025-11-14,C0172,P007,3,995.0,North,2985.0
O008720,2025-02-17,C0416,P009,1,485.0,South,485.0
O008721,2025-01-10,C0419,P001,4,31.0,East,124.0
O008722,2025-08-21,C0462,P011,1,508.0,East,508.0
O008723,2025-02-05,C0305,P003,1,358.0,West,358.0
O008724,2026-02-17,C0438,P018,1,1129.0,West,1129.0
O008725,2026-04-07,C0144,P006,3,393.0,South,1179.0
O008726,2025-01-04,C0085,P011,1,508.0,South,508.0
O008727,2025-02-13,C0012,P005,2,1124.0,West,2248.0
O008728,2025-09-12,C0252,P020,4,410.0,South,1640.0
O008729,2025-04-24,C0216,P004,4,680.0,North,2720.0
O008730,2026-02-01,C0126,P008,2,729.0,South,1458.0
O008731,2025-06-23,C0098,P010,4,1132.0,South,4528.0
O008732,2025-09-12,C0392,P003,2,358.0,South,716.0
O008733,2026-04-11,C0492,P013,3,797.0,East,2391.0
O008734,2025-10-04,C0405,P017,1,1000.0,South,1000.0
O008735,2026-04-09,C0304,P005,3,1124.0,East,3372.0
O008736,2026-05-17,C0392,P008,2,729.0,South,1458.0
O008737,2026-03-17,C0028,P019,1,269.0,East,269.0
O008738,2025-03-10,C0336,P018,3,1129.0,North,3387.0
O008739,2026-05-24,C0266,P001,1,31.0,West,31.0
O008740,2025-11-22,C0052,P004,1,680.0,West,680.0
O008741,2025-03-08,C0143,P018,3,1129.0,South,3387.0
O008742,2025-10-31,C0132,P014,4,1059.0,North,4236.0
O008743,2026-04-29,C0346,P011,2,508.0,East,1016.0
O008744,2026-02-21,C0207,P009,3,485.0,North,1455.0
O008745,2025-06-08,C0484,P013,3,797.0,East,2391.0
O008746,2025-05-29,C0480,P017,4,1000.0,East,4000.0
O008747,2025-01-27,C0062,P015,2,730.0,South,1460.0
O008748,2025-09-05,C0363,P002,3,235.0,South,705.0
O008749,2025-04-11,C0486,P006,1,393.0,West,393.0
O008750,2025-04-06,C0132,P007,2,995.0,North,1990.0
O008751,2026-01-19,C0041,P002,4,235.0,North,940.0
O008752,2025-10-09,C0201,P013,3,797.0,East,2391.0
O008753,2025-11-18,C0099,P010,1,1132.0,North,1132.0
O008754,2026-01-31,C0311,P016,2,420.0,South,840.0
O008755,2025-10-05,C0284,P009,3,485.0,North,1455.0
O008756,2026-06-13,C0357,P008,2,729.0,North,1458.0
O008757,2025-09-20,C0047,P015,1,730.0,South,730.0
O008758,2025-10-20,C0137,P007,1,995.0,East,995.0
O008759,2025-10-21,C0130,P019,2,269.0,East,538.0
O008760,2026-01-30,C0195,P004,1,680.0,South,680.0
O008761,2026-05-28,C0117,P009,1,485.0,West,485.0
O008762,2025-06-29,C0364,P019,2,269.0,East,538.0
O008763,2025-08-23,C0432,P002,2,235.0,West,470.0
O008764,2025-12-03,C0069,P007,4,995.0,North,3980.0
O008765,2025-01-08,C0458,P019,3,269.0,South,807.0
O008766,2026-03-19,C0028,P006,4,393.0,East,1572.0
O008767,2026-06-23,C0335,P015,4,730.0,North,2920.0
O008768,2025-04-01,C0014,P007,4,995.0,North,3980.0
O008769,2025-09-29,C0046,P006,4,393.0,East,1572.0
O008770,2025-01-05,C0471,P001,3,31.0,North,93.0
O008771,2025-08-07,C0397,P014,2,1059.0,West,2118.0
O008772,2025-04-28,C0016,P001,1,31.0,North,31.0
O008773,2025-04-25,C0478,P006,1,393.0,East,393.0
O008774,2025-09-20,C0424,P018,2,1129.0,South,2258.0
O008775,2025-11-02,C0456,P017,2,1000.0,South,2000.0
O008776,2026-02-26,C0209,P002,2,235.0,North,470.0
O008777,2025-07-26,C0158,P008,1,729.0,West,729.0
O008778,2025-10-30,C0337,P002,4,235.0,West,940.0
O008779,2025-04-22,C0227,P016,4,420.0,West,1680.0
O008780,2026-02-21,C0449,P004,4,680.0,South,2720.0
O008781,2025-10-12,C0241,P002,3,235.0,West,705.0
O008782,2025-07-04,C0058,P005,4,1124.0,North,4496.0
O008783,2025-08-09,C0472,P017,3,1000.0,West,3000.0
O008784,2026-03-20,C0304,P002,1,235.0,East,235.0
O008785,2025-04-27,C0305,P014,3,1059.0,West,3177.0
O008786,2025-03-11,C0345,P020,2,410.0,South,820.0
O008787,2025-03-11,C0130,P007,2,995.0,East,1990.0
O008788,2026-03-03,C0217,P015,1,730.0,South,730.0
O008789,2026-03-19,C0014,P018,4,1129.0,North,4516.0
O008790,2025-05-17,C0359,P013,1,797.0,West,797.0
O008791,2026-05-19,C0377,P012,2,66.0,West,132.0
O008792,2025-05-11,C0243,P002,4,235.0,West,940.0
O008793,2025-08-06,C0481,P012,2,66.0,East,132.0
O008794,2025-06-20,C0145,P006,1,393.0,South,393.0
O008795,2026-04-20,C0379,P001,2,31.0,West,62.0
O008796,2025-05-09,C0415,P001,1,31.0,East,31.0
O008797,2025-02-26,C0394,P015,2,730.0,West,1460.0
O008798,2025-06-30,C0326,P016,4,420.0,West,1680.0
O008799,2025-09-03,C0103,P007,2,995.0,South,1990.0
O008800,2025-05-24,C0217,P014,4,1059.0,South,4236.0
O008801,2025-02-20,C0358,P019,3,269.0,East,807.0
O008802,2026-01-03,C0421,P019,3,269.0,West,807.0
O008803,2026-04-04,C0064,P013,2,797.0,South,1594.0
O008804,2025-08-06,C0158,P012,1,66.0,West,66.0
O008805,2025-09-14,C0162,P001,3,31.0,East,93.0
O008806,2025-06-05,C0018,P012,3,66.0,East,198.0
O008807,2026-03-18,C0216,P004,4,680.0,North,2720.0
O008808,2025-01-25,C0319,P015,4,730.0,North,2920.0
O008809,2026-06-20,C0049,P016,4,420.0,East,1680.0
O008810,2025-03-01,C0056,P015,2,730.0,West,1460.0
O008811,2026-04-12,C0347,P008,1,729.0,East,729.0
O008812,2026-03-10,C0058,P019,1,269.0,North,269.0
O008813,2025-03-07,C0155,P015,4,730.0,West,2920.0
O008814,2025-04-16,C0055,P018,2,1129.0,East,2258.0
O008815,2025-04-06,C0487,P011,4,508.0,North,2032.0
O008816,2025-06-17,C0341,P009,1,485.0,South,485.0
O008817,2025-02-11,C0019,P001,2,31.0,South,62.0
O008818,2025-04-14,C0487,P009,4,485.0,North,1940.0
O008819,2025-07-23,C0151,P012,4,66.0,West,264.0
O008820,2026-06-04,C0359,P002,1,235.0,West,235.0
O008821,2025-10-09,C0368,P011,2,508.0,West,1016.0
O008822,2025-02-12,C0108,P014,1,1059.0,West,1059.0
O008823,2025-04-20,C0047,P002,2,235.0,South,470.0
O008824,2025-07-29,C0207,P015,2,730.0,North,1460.0
O008825,2025-02-18,C0363,P018,4,1129.0,South,4516.0
O008826,2025-04-25,C0450,P014,1,1059.0,North,1059.0
O008827,2025-06-04,C0483,P012,2,66.0,South,132.0
O008828,2026-05-18,C0435,P010,3,1132.0,North,3396.0
O008829,2025-03-12,C0340,P014,4,1059.0,North,4236.0
O008830,2026-06-03,C0412,P015,1,730.0,West,730.0
O008831,2025-12-02,C0128,P005,2,1124.0,West,2248.0
O008832,2025-03-08,C0185,P002,4,235.0,South,940.0
O008833,2026-05-08,C0058,P006,1,393.0,North,393.0
O008834,2025-08-01,C0143,P012,1,66.0,South,66.0
O008835,2025-06-30,C0400,P002,4,235.0,West,940.0
O008836,2025-09-05,C0097,P004,2,680.0,East,1360.0
O008837,2025-08-02,C0047,P007,4,995.0,South,3980.0
O008838,2025-12-25,C0191,P016,3,420.0,North,1260.0
O008839,2025-09-06,C0140,P001,4,31.0,West,124.0
O008840,2026-05-31,C0103,P001,1,31.0,South,31.0
O008841,2025-03-29,C0231,P014,3,1059.0,West,3177.0
O008842,2025-06-25,C0427,P011,3,508.0,South,1524.0
O008843,2026-03-02,C0340,P012,2,66.0,North,132.0
O008844,2025-03-22,C0413,P011,4,508.0,West,2032.0
O008845,2025-05-18,C0491,P006,2,393.0,South,786.0
O008846,2026-03-09,C0049,P012,4,66.0,East,264.0
O008847,2026-04-15,C0387,P012,1,66.0,South,66.0
O008848,2025-12-16,C0112,P010,2,1132.0,North,2264.0
O008849,2025-05-06,C0453,P008,1,729.0,South,729.0
O008850,2025-11-05,C0316,P020,1,410.0,East,410.0
O008851,2025-08-18,C0322,P019,3,269.0,West,807.0
O008852,2026-04-05,C0087,P007,2,995.0,West,1990.0
O008853,2025-12-11,C0382,P014,4,1059.0,East,4236.0
O008854,2025-11-06,C0474,P004,2,680.0,West,1360.0
O008855,2025-01-20,C0282,P001,1,31.0,South,31.0
O008856,2026-06-25,C0327,P008,3,729.0,East,2187.0
O008857,2026-04-22,C0252,P005,2,1124.0,South,2248.0
O008858,2025-09-26,C0074,P008,3,729.0,West,2187.0
O008859,2025-01-03,C0453,P008,3,729.0,South,2187.0
O008860,2025-01-16,C0047,P007,1,995.0,South,995.0
O008861,2025-12-24,C0076,P019,2,269.0,West,538.0
O008862,2025-05-13,C0096,P004,2,680.0,South,1360.0
O008863,2025-11-08,C0426,P020,2,410.0,East,820.0
O008864,2026-04-27,C0031,P006,3,393.0,East,1179.0
O008865,2026-06-28,C0022,P012,4,66.0,North,264.0
O008866,2025-11-01,C0017,P018,2,1129.0,South,2258.0
O008867,2025-09-26,C0212,P012,1,66.0,East,66.0
O008868,2026-02-18,C0148,P018,3,1129.0,East,3387.0
O008869,2025-01-25,C0235,P003,4,358.0,North,1432.0
O008870,2025-11-12,C0392,P010,2,1132.0,South,2264.0
O008871,2025-10-03,C0495,P007,4,995.0,South,3980.0
O008872,2026-01-24,C0354,P003,3,358.0,North,1074.0
O008873,2026-03-20,C0305,P019,4,269.0,West,1076.0
O008874,2026-03-03,C0087,P013,3,797.0,West,2391.0
O008875,2025-02-26,C0038,P004,4,680.0,North,2720.0
O008876,2026-01-03,C0053,P010,4,1132.0,West,4528.0
O008877,2025-12-08,C0028,P006,3,393.0,East,1179.0
O008878,2025-10-31,C0077,P001,4,31.0,West,124.0
O008879,2026-01-09,C0413,P006,1,393.0,West,393.0
O008880,2025-04-22,C0200,P008,2,729.0,West,1458.0
O008881,2025-01-06,C0395,P015,4,730.0,South,2920.0
O008882,2025-10-06,C0431,P008,4,729.0,North,2916.0
O008883,2026-01-17,C0173,P006,4,393.0,East,1572.0
O008884,2025-01-13,C0274,P019,2,269.0,West,538.0
O008885,2025-10-30,C0050,P014,3,1059.0,North,3177.0
O008886,2025-06-09,C0345,P002,2,235.0,South,470.0
O008887,2025-06-03,C0177,P007,4,995.0,East,3980.0
O008888,2025-06-30,C0406,P008,3,729.0,West,2187.0
O008889,2026-06-10,C0301,P010,4,1132.0,North,4528.0
O008890,2025-06-29,C0445,P013,3,797.0,West,2391.0
O008891,2026-01-12,C0227,P020,4,410.0,West,1640.0
O008892,2025-06-17,C0127,P001,4,31.0,West,124.0
O008893,2025-08-02,C0349,P009,3,485.0,South,1455.0
O008894,2025-05-30,C0021,P010,1,1132.0,East,1132.0
O008895,2025-01-16,C0199,P020,2,410.0,West,820.0
O008896,2025-04-01,C0189,P002,3,235.0,East,705.0
O008897,2025-04-30,C0332,P020,2,410.0,West,820.0
O008898,2025-09-10,C0420,P011,1,508.0,West,508.0
O008899,2025-03-01,C0152,P005,1,1124.0,North,1124.0
O008900,2025-09-23,C0160,P018,3,1129.0,West,3387.0
O008901,2026-02-13,C0347,P007,1,995.0,East,995.0
O008902,2025-01-31,C0480,P003,1,358.0,East,358.0
O008903,2025-01-21,C0443,P016,4,420.0,South,1680.0
O008904,2025-10-16,C0096,P015,4,730.0,South,2920.0
O008905,2026-06-27,C0352,P008,1,729.0,West,729.0
O008906,2026-05-13,C0474,P020,4,410.0,West,1640.0
O008907,2026-04-19,C0075,P005,1,1124.0,West,1124.0
O008908,2026-02-09,C0366,P003,4,358.0,South,1432.0
O008909,2025-05-12,C0082,P005,1,1124.0,East,1124.0
O008910,2025-11-20,C0128,P009,1,485.0,West,485.0
O008911,2025-05-12,C0359,P016,2,420.0,West,840.0
O008912,2026-06-05,C0133,P014,1,1059.0,North,1059.0
O008913,2025-01-30,C0400,P018,2,1129.0,West,2258.0
O008914,2025-10-28,C0139,P007,3,995.0,South,2985.0
O008915,2025-01-04,C0246,P015,1,730.0,West,730.0
O008916,2025-11-21,C0291,P008,1,729.0,North,729.0
O008917,2026-05-24,C0112,P003,2,358.0,North,716.0
O008918,2025-08-25,C0203,P011,1,508.0,North,508.0
O008919,2026-06-19,C0170,P020,4,410.0,East,1640.0
O008920,2025-01-16,C0087,P018,2,1129.0,West,2258.0
O008921,2026-06-18,C0119,P015,2,730.0,West,1460.0
O008922,2026-03-22,C0098,P010,4,1132.0,South,4528.0
O008923,2026-05-18,C0240,P003,1,358.0,North,358.0
O008924,2025-08-18,C0337,P015,3,730.0,West,2190.0
O008925,2025-04-17,C0138,P006,3,393.0,West,1179.0
O008926,2026-01-24,C0082,P011,3,508.0,East,1524.0
O008927,2025-09-20,C0236,P011,2,508.0,West,1016.0
O008928,2025-03-06,C0136,P019,2,269.0,South,538.0
O008929,2025-09-22,C0282,P003,4,358.0,South,1432.0
O008930,2025-12-04,C0003,P013,1,797.0,West,797.0
O008931,2025-10-28,C0059,P008,4,729.0,North,2916.0
O008932,2026-01-13,C0116,P011,2,508.0,West,1016.0
O008933,2025-06-24,C0472,P011,3,508.0,West,1524.0
O008934,2025-06-01,C0131,P013,1,797.0,South,797.0
O008935,2026-04-21,C0422,P003,1,358.0,West,358.0
O008936,2025-09-23,C0386,P006,1,393.0,West,393.0
O008937,2025-11-25,C0483,P010,3,1132.0,South,3396.0
O008938,2025-06-12,C0401,P019,1,269.0,North,269.0
O008939,2026-03-14,C0201,P012,3,66.0,East,198.0
O008940,2025-12-09,C0292,P014,4,1059.0,North,4236.0
O008941,2026-01-02,C0342,P011,2,508.0,South,1016.0
O008942,2026-04-10,C0479,P010,4,1132.0,West,4528.0
O008943,2025-07-18,C0098,P003,3,358.0,South,1074.0
O008944,2026-05-15,C0216,P013,1,797.0,North,797.0
O008945,2025-01-16,C0124,P018,4,1129.0,North,4516.0
O008946,2025-10-23,C0073,P013,3,797.0,North,2391.0
O008947,2026-05-26,C0366,P014,2,1059.0,South,2118.0
O008948,2025-08-27,C0378,P014,1,1059.0,North,1059.0
O008949,2025-10-28,C0491,P007,4,995.0,South,3980.0
O008950,2025-01-06,C0130,P012,2,66.0,East,132.0
O008951,2025-08-08,C0469,P004,3,680.0,North,2040.0
O008952,2026-03-29,C0418,P016,1,420.0,South,420.0
O008953,2026-03-09,C0027,P019,3,269.0,North,807.0
O008954,2026-01-21,C0165,P010,1,1132.0,North,1132.0
O008955,2025-10-22,C0455,P016,2,420.0,North,840.0
O008956,2025-04-28,C0406,P005,2,1124.0,West,2248.0
O008957,2026-02-09,C0068,P016,2,420.0,West,840.0
O008958,2025-01-12,C0014,P001,4,31.0,North,124.0
O008959,2025-07-28,C0098,P005,4,1124.0,South,4496.0
O008960,2025-06-14,C0279,P013,4,797.0,West,3188.0
O008961,2025-10-21,C0428,P013,3,797.0,West,2391.0
O008962,2026-06-03,C0490,P003,2,358.0,West,716.0
O008963,2025-03-19,C0473,P017,1,1000.0,North,1000.0
O008964,2026-03-10,C0449,P019,2,269.0,South,538.0
O008965,2025-03-18,C0371,P005,3,1124.0,North,3372.0
O008966,2025-02-17,C0247,P005,3,1124.0,South,3372.0
O008967,2025-03-23,C0112,P015,4,730.0,North,2920.0
O008968,2025-07-28,C0207,P010,1,1132.0,North,1132.0
O008969,2026-03-21,C0352,P012,2,66.0,West,132.0
O008970,2026-06-06,C0334,P011,3,508.0,North,1524.0
O008971,2025-01-29,C0233,P001,2,31.0,East,62.0
O008972,2025-10-31,C0061,P003,1,358.0,South,358.0
O008973,2026-04-10,C0085,P004,2,680.0,South,1360.0
O008974,2026-05-17,C0183,P019,4,269.0,West,1076.0
O008975,2026-03-22,C0239,P020,2,410.0,East,820.0
O008976,2026-05-05,C0250,P003,1,358.0,West,358.0
O008977,2026-03-04,C0071,P018,4,1129.0,West,4516.0
O008978,2025-12-25,C0228,P003,4,358.0,South,1432.0
O008979,2025-04-01,C0085,P007,4,995.0,South,3980.0
O008980,2025-02-22,C0306,P001,4,31.0,West,124.0
O008981,2025-07-23,C0488,P019,3,269.0,South,807.0
O008982,2025-06-05,C0396,P018,1,1129.0,West,1129.0
O008983,2025-01-02,C0463,P002,1,235.0,West,235.0
O008984,2025-12-23,C0271,P012,4,66.0,West,264.0
O008985,2025-02-27,C0401,P017,1,1000.0,North,1000.0
O008986,2025-09-11,C0290,P003,3,358.0,East,1074.0
O008987,2025-06-29,C0236,P012,1,66.0,West,66.0
O008988,2026-05-08,C0291,P012,1,66.0,North,66.0
O008989,2025-02-04,C0039,P006,3,393.0,East,1179.0
O008990,2025-03-16,C0486,P010,1,1132.0,West,1132.0
O008991,2025-10-16,C0206,P006,4,393.0,North,1572.0
O008992,2026-01-06,C0183,P014,4,1059.0,West,4236.0
O008993,2025-11-25,C0187,P002,3,235.0,West,705.0
O008994,2025-10-31,C0133,P011,4,508.0,North,2032.0
O008995,2025-08-09,C0030,P015,4,730.0,North,2920.0
O008996,2025-06-13,C0388,P008,4,729.0,North,2916.0
O008997,2026-04-25,C0255,P013,4,797.0,North,3188.0
O008998,2026-03-31,C0143,P019,4,269.0,South,1076.0
O008999,2026-01-10,C0103,P010,1,1132.0,South,1132.0
O009000,2025-08-08,C0419,P009,3,485.0,East,1455.0
O009001,2025-09-11,C0493,P018,2,1129.0,South,2258.0
O009002,2025-07-07,C0074,P007,3,995.0,West,2985.0
O009003,2025-07-10,C0055,P003,3,358.0,East,1074.0
O009004,2026-01-24,C0450,P012,3,66.0,North,198.0
O009005,2025-08-03,C0236,P015,1,730.0,West,730.0
O009006,2026-01-10,C0060,P013,3,797.0,South,2391.0
O009007,2025-03-27,C0024,P006,3,393.0,South,1179.0
O009008,2026-04-19,C0476,P008,1,729.0,West,729.0
O009009,2026-06-15,C0022,P014,4,1059.0,North,4236.0
O009010,2025-02-16,C0428,P003,2,358.0,West,716.0
O009011,2025-03-06,C0032,P016,4,420.0,North,1680.0
O009012,2026-04-20,C0351,P018,3,1129.0,East,3387.0
O009013,2025-05-26,C0339,P017,4,1000.0,South,4000.0
O009014,2026-01-17,C0435,P018,1,1129.0,North,1129.0
O009015,2025-03-07,C0469,P010,2,1132.0,North,2264.0
O009016,2026-06-01,C0003,P017,4,1000.0,West,4000.0
O009017,2025-04-03,C0070,P016,3,420.0,West,1260.0
O009018,2026-03-02,C0160,P002,1,235.0,West,235.0
O009019,2026-04-13,C0386,P020,3,410.0,West,1230.0
O009020,2025-04-04,C0088,P004,4,680.0,East,2720.0
O009021,2025-05-13,C0365,P011,4,508.0,West,2032.0
O009022,2026-03-10,C0059,P007,3,995.0,North,2985.0
O009023,2025-12-07,C0252,P017,2,1000.0,South,2000.0
O009024,2025-11-10,C0219,P019,2,269.0,East,538.0
O009025,2025-07-31,C0201,P006,2,393.0,East,786.0
O009026,2026-06-04,C0077,P010,4,1132.0,West,4528.0
O009027,2025-06-08,C0255,P004,4,680.0,North,2720.0
O009028,2025-09-25,C0247,P001,3,31.0,South,93.0
O009029,2026-04-19,C0270,P007,3,995.0,South,2985.0
O009030,2026-02-14,C0307,P016,1,420.0,East,420.0
O009031,2026-04-19,C0139,P017,1,1000.0,South,1000.0
O009032,2025-12-22,C0078,P005,1,1124.0,North,1124.0
O009033,2025-07-12,C0080,P010,3,1132.0,North,3396.0
O009034,2025-09-28,C0010,P007,2,995.0,West,1990.0
O009035,2025-04-24,C0468,P013,1,797.0,West,797.0
O009036,2026-06-07,C0336,P007,3,995.0,North,2985.0
O009037,2025-02-24,C0124,P015,4,730.0,North,2920.0
O009038,2025-03-06,C0186,P017,2,1000.0,East,2000.0
O009039,2025-09-29,C0034,P003,1,358.0,West,358.0
O009040,2026-05-17,C0121,P005,4,1124.0,West,4496.0
O009041,2025-12-28,C0080,P010,2,1132.0,North,2264.0
O009042,2025-05-26,C0206,P005,2,1124.0,North,2248.0
O009043,2025-07-28,C0053,P007,4,995.0,West,3980.0
O009044,2025-10-13,C0156,P007,1,995.0,North,995.0
O009045,2025-01-10,C0274,P014,1,1059.0,West,1059.0
O009046,2025-07-05,C0410,P015,4,730.0,North,2920.0
O009047,2026-04-09,C0358,P005,4,1124.0,East,4496.0
O009048,2025-05-14,C0135,P005,4,1124.0,West,4496.0
O009049,2025-06-20,C0429,P004,3,680.0,South,2040.0
O009050,2025-08-01,C0098,P020,2,410.0,South,820.0
O009051,2026-06-14,C0495,P009,1,485.0,South,485.0
O009052,2026-05-17,C0241,P012,1,66.0,West,66.0
O009053,2025-01-27,C0045,P016,4,420.0,South,1680.0
O009054,2025-03-09,C0199,P008,2,729.0,West,1458.0
O009055,2026-02-12,C0481,P009,4,485.0,East,1940.0
O009056,2025-04-19,C0291,P012,2,66.0,North,132.0
O009057,2025-03-15,C0436,P020,4,410.0,West,1640.0
O009058,2025-09-19,C0114,P007,4,995.0,West,3980.0
O009059,2026-01-03,C0487,P004,2,680.0,North,1360.0
O009060,2025-08-25,C0277,P003,1,358.0,West,358.0
O009061,2026-01-01,C0241,P001,1,31.0,West,31.0
O009062,2025-10-13,C0156,P007,3,995.0,North,2985.0
O009063,2026-01-13,C0352,P009,2,485.0,West,970.0
O009064,2026-01-11,C0044,P002,1,235.0,West,235.0
O009065,2025-03-17,C0080,P007,1,995.0,North,995.0
O009066,2025-01-09,C0312,P010,2,1132.0,North,2264.0
O009067,2025-07-15,C0138,P002,1,235.0,West,235.0
O009068,2025-10-17,C0151,P013,2,797.0,West,1594.0
O009069,2025-03-02,C0432,P003,1,358.0,West,358.0
O009070,2026-01-24,C0436,P013,4,797.0,West,3188.0
O009071,2025-01-08,C0242,P010,2,1132.0,West,2264.0
O009072,2026-01-04,C0143,P012,2,66.0,South,132.0
O009073,2025-02-14,C0311,P003,1,358.0,South,358.0
O009074,2025-12-10,C0299,P020,2,410.0,East,820.0
O009075,2026-01-10,C0050,P006,3,393.0,North,1179.0
O009076,2025-01-27,C0262,P003,3,358.0,West,1074.0
O009077,2025-07-12,C0161,P002,2,235.0,South,470.0
O009078,2025-12-23,C0062,P014,3,1059.0,South,3177.0
O009079,2025-03-03,C0055,P015,1,730.0,East,730.0
O009080,2025-03-03,C0423,P018,1,1129.0,North,1129.0
O009081,2026-02-26,C0396,P019,2,269.0,West,538.0
O009082,2026-01-15,C0372,P010,1,1132.0,North,1132.0
O009083,2025-10-04,C0484,P020,1,410.0,East,410.0
O009084,2026-03-07,C0031,P017,3,1000.0,East,3000.0
O009085,2025-04-25,C0330,P017,1,1000.0,North,1000.0
O009086,2025-05-01,C0437,P019,1,269.0,North,269.0
O009087,2026-06-09,C0290,P004,3,680.0,East,2040.0
O009088,2026-02-20,C0169,P011,4,508.0,North,2032.0
O009089,2025-06-12,C0266,P017,2,1000.0,West,2000.0
O009090,2025-12-03,C0308,P010,2,1132.0,South,2264.0
O009091,2026-01-14,C0459,P017,4,1000.0,North,4000.0
O009092,2025-11-20,C0185,P012,3,66.0,South,198.0
O009093,2025-06-22,C0334,P010,3,1132.0,North,3396.0
O009094,2025-03-05,C0003,P010,1,1132.0,West,1132.0
O009095,2025-04-11,C0441,P006,1,393.0,North,393.0
O009096,2025-11-18,C0161,P017,2,1000.0,South,2000.0
O009097,2025-03-07,C0391,P019,2,269.0,West,538.0
O009098,2026-04-03,C0260,P002,3,235.0,North,705.0
O009099,2026-03-29,C0423,P004,1,680.0,North,680.0
O009100,2025-09-16,C0048,P018,3,1129.0,East,3387.0
O009101,2026-03-02,C0254,P004,4,680.0,South,2720.0
O009102,2025-06-27,C0074,P006,2,393.0,West,786.0
O009103,2025-10-07,C0335,P014,2,1059.0,North,2118.0
O009104,2025-12-10,C0400,P007,3,995.0,West,2985.0
O009105,2025-01-17,C0166,P012,1,66.0,West,66.0
O009106,2025-10-23,C0260,P002,1,235.0,North,235.0
O009107,2025-07-21,C0004,P018,4,1129.0,East,4516.0
O009108,2025-07-13,C0376,P013,4,797.0,South,3188.0
O009109,2025-05-29,C0119,P013,4,797.0,West,3188.0
O009110,2026-01-10,C0484,P005,3,1124.0,East,3372.0
O009111,2025-02-04,C0411,P007,2,995.0,South,1990.0
O009112,2026-01-04,C0470,P012,3,66.0,West,198.0
O009113,2025-01-29,C0470,P014,3,1059.0,West,3177.0
O009114,2025-08-09,C0273,P001,1,31.0,West,31.0
O009115,2025-02-22,C0493,P010,4,1132.0,South,4528.0
O009116,2025-12-19,C0226,P009,2,485.0,North,970.0
O009117,2026-01-27,C0352,P010,4,1132.0,West,4528.0
O009118,2025-03-17,C0500,P007,4,995.0,West,3980.0
O009119,2026-05-09,C0070,P016,4,420.0,West,1680.0
O009120,2026-06-06,C0182,P012,2,66.0,North,132.0
O009121,2025-04-27,C0353,P012,1,66.0,East,66.0
O009122,2025-10-07,C0264,P019,2,269.0,East,538.0
O009123,2025-06-24,C0370,P013,2,797.0,North,1594.0
O009124,2025-10-22,C0181,P018,1,1129.0,South,1129.0
O009125,2026-03-27,C0484,P003,2,358.0,East,716.0
O009126,2026-06-02,C0005,P007,2,995.0,North,1990.0
O009127,2025-01-21,C0197,P001,3,31.0,West,93.0
O009128,2025-03-14,C0047,P003,2,358.0,South,716.0
O009129,2025-02-05,C0458,P014,3,1059.0,South,3177.0
O009130,2026-05-22,C0040,P004,3,680.0,South,2040.0
O009131,2025-08-21,C0122,P019,3,269.0,West,807.0
O009132,2026-05-12,C0135,P006,4,393.0,West,1572.0
O009133,2025-07-25,C0140,P020,1,410.0,West,410.0
O009134,2026-03-02,C0350,P009,4,485.0,East,1940.0
O009135,2025-02-13,C0153,P011,1,508.0,North,508.0
O009136,2025-04-01,C0028,P015,2,730.0,East,1460.0
O009137,2026-04-15,C0427,P009,3,485.0,South,1455.0
O009138,2026-04-12,C0077,P011,4,508.0,West,2032.0
O009139,2026-03-30,C0175,P010,2,1132.0,East,2264.0
O009140,2025-11-29,C0049,P002,4,235.0,East,940.0
O009141,2026-05-22,C0342,P014,2,1059.0,South,2118.0
O009142,2026-04-15,C0310,P004,4,680.0,South,2720.0
O009143,2025-01-21,C0274,P002,2,235.0,West,470.0
O009144,2025-08-16,C0027,P005,2,1124.0,North,2248.0
O009145,2026-01-11,C0328,P014,4,1059.0,East,4236.0
O009146,2025-05-10,C0390,P015,2,730.0,West,1460.0
O009147,2026-02-18,C0459,P019,3,269.0,North,807.0
O009148,2025-03-12,C0221,P006,3,393.0,East,1179.0
O009149,2026-02-08,C0122,P015,3,730.0,West,2190.0
O009150,2026-02-01,C0361,P014,3,1059.0,South,3177.0
O009151,2025-12-03,C0069,P008,1,729.0,North,729.0
O009152,2026-05-20,C0071,P020,4,410.0,West,1640.0
O009153,2025-10-03,C0150,P012,3,66.0,South,198.0
O009154,2025-01-13,C0187,P004,3,680.0,West,2040.0
O009155,2025-01-03,C0431,P006,3,393.0,North,1179.0
O009156,2025-08-12,C0373,P011,1,508.0,North,508.0
O009157,2025-06-24,C0246,P007,4,995.0,West,3980.0
O009158,2026-01-20,C0196,P004,2,680.0,South,1360.0
O009159,2025-08-29,C0032,P015,1,730.0,North,730.0
O009160,2025-01-14,C0467,P001,3,31.0,South,93.0
O009161,2025-07-14,C0109,P009,3,485.0,North,1455.0
O009162,2026-02-01,C0353,P020,1,410.0,East,410.0
O009163,2026-03-07,C0001,P008,4,729.0,South,2916.0
O009164,2025-11-02,C0182,P012,4,66.0,North,264.0
O009165,2025-11-30,C0174,P007,2,995.0,North,1990.0
O009166,2026-02-14,C0169,P018,1,1129.0,North,1129.0
O009167,2025-01-03,C0248,P001,4,31.0,West,124.0
O009168,2026-03-28,C0108,P009,1,485.0,West,485.0
O009169,2026-05-10,C0370,P007,4,995.0,North,3980.0
O009170,2026-02-21,C0297,P014,4,1059.0,West,4236.0
O009171,2026-01-26,C0264,P001,3,31.0,East,93.0
O009172,2026-01-08,C0416,P013,4,797.0,South,3188.0
O009173,2025-02-21,C0030,P020,4,410.0,North,1640.0
O009174,2026-01-11,C0302,P015,1,730.0,East,730.0
O009175,2026-01-30,C0476,P005,4,1124.0,West,4496.0
O009176,2025-05-22,C0361,P005,4,1124.0,South,4496.0
O009177,2025-03-27,C0436,P014,1,1059.0,West,1059.0
O009178,2026-04-09,C0352,P014,4,1059.0,West,4236.0
O009179,2025-02-15,C0473,P014,1,1059.0,North,1059.0
O009180,2025-08-26,C0482,P005,1,1124.0,East,1124.0
O009181,2025-01-10,C0317,P011,1,508.0,South,508.0
O009182,2026-06-14,C0225,P019,1,269.0,South,269.0
O009183,2025-06-27,C0397,P005,3,1124.0,West,3372.0
O009184,2025-01-06,C0089,P004,3,680.0,West,2040.0
O009185,2025-11-03,C0234,P015,3,730.0,South,2190.0
O009186,2025-11-23,C0168,P007,3,995.0,North,2985.0
O009187,2025-12-22,C0231,P005,1,1124.0,West,1124.0
O009188,2026-01-30,C0126,P015,1,730.0,South,730.0
O009189,2025-10-27,C0061,P014,1,1059.0,South,1059.0
O009190,2026-06-10,C0120,P003,1,358.0,East,358.0
O009191,2025-10-12,C0428,P005,3,1124.0,West,3372.0
O009192,2025-11-26,C0497,P012,4,66.0,East,264.0
O009193,2025-02-19,C0190,P020,3,410.0,North,1230.0
O009194,2026-01-13,C0121,P014,1,1059.0,West,1059.0
O009195,2026-06-22,C0428,P005,1,1124.0,West,1124.0
O009196,2025-05-24,C0048,P004,4,680.0,East,2720.0
O009197,2025-03-01,C0202,P016,1,420.0,North,420.0
O009198,2025-03-16,C0059,P007,4,995.0,North,3980.0
O009199,2025-01-03,C0185,P003,1,358.0,South,358.0
O009200,2026-03-24,C0223,P004,4,680.0,North,2720.0
O009201,2025-10-02,C0492,P020,2,410.0,East,820.0
O009202,2026-06-14,C0011,P006,2,393.0,North,786.0
O009203,2025-08-03,C0281,P003,2,358.0,West,716.0
O009204,2026-04-30,C0189,P001,2,31.0,East,62.0
O009205,2025-11-25,C0302,P003,1,358.0,East,358.0
O009206,2025-09-12,C0310,P008,1,729.0,South,729.0
O009207,2026-01-22,C0500,P016,1,420.0,West,420.0
O009208,2025-05-06,C0237,P007,2,995.0,South,1990.0
O009209,2025-11-20,C0034,P018,4,1129.0,West,4516.0
O009210,2025-07-23,C0340,P009,4,485.0,North,1940.0
O009211,2025-06-21,C0135,P003,2,358.0,West,716.0
O009212,2025-08-05,C0481,P018,1,1129.0,East,1129.0
O009213,2025-09-02,C0062,P016,2,420.0,South,840.0
O009214,2025-12-02,C0313,P001,3,31.0,North,93.0
O009215,2025-10-25,C0227,P020,4,410.0,West,1640.0
O009216,2025-07-01,C0093,P016,2,420.0,West,840.0
O009217,2025-11-30,C0116,P012,2,66.0,West,132.0
O009218,2026-05-26,C0332,P006,2,393.0,West,786.0
O009219,2026-01-18,C0133,P009,2,485.0,North,970.0
O009220,2025-07-18,C0332,P013,1,797.0,West,797.0
O009221,2025-11-28,C0477,P012,4,66.0,North,264.0
O009222,2025-06-14,C0419,P013,3,797.0,East,2391.0
O009223,2025-08-30,C0468,P018,1,1129.0,West,1129.0
O009224,2025-08-15,C0293,P019,2,269.0,West,538.0
O009225,2026-03-27,C0444,P019,2,269.0,South,538.0
O009226,2025-07-15,C0193,P019,2,269.0,West,538.0
O009227,2025-07-23,C0400,P006,2,393.0,West,786.0
O009228,2026-04-03,C0030,P016,4,420.0,North,1680.0
O009229,2025-09-14,C0457,P007,2,995.0,North,1990.0
O009230,2026-06-13,C0298,P007,3,995.0,North,2985.0
O009231,2025-09-29,C0061,P019,1,269.0,South,269.0
O009232,2025-01-09,C0458,P016,4,420.0,South,1680.0
O009233,2025-07-20,C0461,P017,2,1000.0,North,2000.0
O009234,2025-02-28,C0304,P019,3,269.0,East,807.0
O009235,2026-01-28,C0446,P016,1,420.0,West,420.0
O009236,2025-04-29,C0340,P016,1,420.0,North,420.0
O009237,2026-02-03,C0349,P019,4,269.0,South,1076.0
O009238,2025-11-27,C0448,P015,1,730.0,West,730.0
O009239,2025-09-24,C0441,P003,2,358.0,North,716.0
O009240,2026-06-04,C0324,P015,2,730.0,South,1460.0
O009241,2026-04-25,C0302,P016,3,420.0,East,1260.0
O009242,2025-05-14,C0369,P020,3,410.0,North,1230.0
O009243,2025-12-21,C0028,P005,1,1124.0,East,1124.0
O009244,2026-05-13,C0485,P019,4,269.0,East,1076.0
O009245,2025-04-17,C0077,P010,2,1132.0,West,2264.0
O009246,2025-10-17,C0121,P013,1,797.0,West,797.0
O009247,2025-05-27,C0003,P015,4,730.0,West,2920.0
O009248,2025-11-23,C0037,P012,1,66.0,South,66.0
O009249,2026-02-19,C0432,P017,4,1000.0,West,4000.0
O009250,2025-07-29,C0147,P015,3,730.0,East,2190.0
O009251,2025-10-23,C0092,P004,2,680.0,West,1360.0
O009252,2026-02-02,C0339,P015,3,730.0,South,2190.0
O009253,2025-04-13,C0273,P017,2,1000.0,West,2000.0
O009254,2026-05-23,C0466,P011,4,508.0,South,2032.0
O009255,2025-07-28,C0466,P015,4,730.0,South,2920.0
O009256,2026-03-04,C0377,P020,1,410.0,West,410.0
O009257,2026-01-28,C0087,P007,4,995.0,West,3980.0
O009258,2025-04-19,C0040,P013,4,797.0,South,3188.0
O009259,2025-12-14,C0178,P013,1,797.0,South,797.0
O009260,2025-02-19,C0329,P020,1,410.0,South,410.0
O009261,2025-04-15,C0285,P020,2,410.0,East,820.0
O009262,2026-02-24,C0435,P002,4,235.0,North,940.0
O009263,2026-01-08,C0042,P010,1,1132.0,South,1132.0
O009264,2025-01-27,C0285,P018,2,1129.0,East,2258.0
O009265,2025-09-30,C0066,P020,2,410.0,East,820.0
O009266,2025-12-06,C0124,P005,3,1124.0,North,3372.0
O009267,2025-10-28,C0145,P020,1,410.0,South,410.0
O009268,2026-04-25,C0120,P019,3,269.0,East,807.0
O009269,2026-06-28,C0109,P002,2,235.0,North,470.0
O009270,2025-09-22,C0415,P004,4,680.0,East,2720.0
O009271,2026-06-26,C0092,P016,1,420.0,West,420.0
O009272,2025-06-15,C0491,P016,1,420.0,South,420.0
O009273,2025-11-12,C0368,P017,2,1000.0,West,2000.0
O009274,2025-01-01,C0308,P015,1,730.0,South,730.0
O009275,2025-09-18,C0423,P013,2,797.0,North,1594.0
O009276,2025-03-04,C0060,P001,1,31.0,South,31.0
O009277,2026-04-28,C0350,P005,1,1124.0,East,1124.0
O009278,2025-11-17,C0227,P020,4,410.0,West,1640.0
O009279,2025-07-20,C0240,P001,2,31.0,North,62.0
O009280,2025-08-10,C0435,P012,3,66.0,North,198.0
O009281,2025-06-01,C0212,P015,4,730.0,East,2920.0
O009282,2026-04-07,C0400,P004,2,680.0,West,1360.0
O009283,2025-08-05,C0098,P019,1,269.0,South,269.0
O009284,2025-07-15,C0014,P016,2,420.0,North,840.0
O009285,2025-07-21,C0218,P018,2,1129.0,West,2258.0
O009286,2025-08-22,C0468,P017,4,1000.0,West,4000.0
O009287,2025-05-21,C0170,P011,2,508.0,East,1016.0
O009288,2026-05-13,C0307,P020,1,410.0,East,410.0
O009289,2025-02-26,C0280,P013,3,797.0,West,2391.0
O009290,2026-05-19,C0363,P009,3,485.0,South,1455.0
O009291,2025-05-22,C0210,P017,1,1000.0,North,1000.0
O009292,2026-06-23,C0256,P017,3,1000.0,East,3000.0
O009293,2025-04-16,C0171,P005,4,1124.0,East,4496.0
O009294,2025-06-14,C0073,P008,2,729.0,North,1458.0
O009295,2025-08-03,C0147,P003,2,358.0,East,716.0
O009296,2025-03-12,C0340,P006,3,393.0,North,1179.0
O009297,2025-03-31,C0317,P003,3,358.0,South,1074.0
O009298,2025-08-16,C0106,P008,3,729.0,North,2187.0
O009299,2025-03-20,C0094,P012,4,66.0,East,264.0
O009300,2025-12-15,C0063,P004,2,680.0,West,1360.0
O009301,2025-09-03,C0154,P002,2,235.0,South,470.0
O009302,2025-09-29,C0255,P010,1,1132.0,North,1132.0
O009303,2026-02-07,C0351,P015,1,730.0,East,730.0
O009304,2025-04-26,C0035,P013,4,797.0,West,3188.0
O009305,2026-03-11,C0323,P015,2,730.0,East,1460.0
O009306,2026-06-14,C0312,P019,2,269.0,North,538.0
O009307,2026-03-18,C0296,P018,1,1129.0,East,1129.0
O009308,2025-06-21,C0253,P013,1,797.0,West,797.0
O009309,2025-01-16,C0157,P020,2,410.0,East,820.0
O009310,2025-02-25,C0134,P020,4,410.0,South,1640.0
O009311,2025-04-13,C0436,P001,3,31.0,West,93.0
O009312,2025-10-11,C0129,P016,4,420.0,North,1680.0
O009313,2026-06-01,C0436,P008,2,729.0,West,1458.0
O009314,2025-10-05,C0280,P006,3,393.0,West,1179.0
O009315,2025-09-26,C0358,P003,4,358.0,East,1432.0
O009316,2026-02-04,C0418,P020,4,410.0,South,1640.0
O009317,2026-05-18,C0371,P016,2,420.0,North,840.0
O009318,2025-03-27,C0252,P002,1,235.0,South,235.0
O009319,2025-11-16,C0135,P002,4,235.0,West,940.0
O009320,2025-02-01,C0331,P015,4,730.0,South,2920.0
O009321,2025-12-02,C0011,P010,1,1132.0,North,1132.0
O009322,2025-02-20,C0292,P001,4,31.0,North,124.0
O009323,2025-03-20,C0148,P020,4,410.0,East,1640.0
O009324,2025-06-23,C0319,P015,1,730.0,North,730.0
O009325,2026-05-16,C0080,P001,2,31.0,North,62.0
O009326,2025-03-17,C0191,P016,2,420.0,North,840.0
O009327,2025-11-12,C0453,P018,2,1129.0,South,2258.0
O009328,2026-01-08,C0344,P005,3,1124.0,South,3372.0
O009329,2025-03-22,C0030,P005,2,1124.0,North,2248.0
O009330,2025-03-12,C0414,P010,3,1132.0,East,3396.0
O009331,2025-03-12,C0359,P012,3,66.0,West,198.0
O009332,2025-02-15,C0368,P010,3,1132.0,West,3396.0
O009333,2025-02-16,C0495,P002,1,235.0,South,235.0
O009334,2026-02-26,C0229,P001,3,31.0,West,93.0
O009335,2025-05-29,C0481,P016,3,420.0,East,1260.0
O009336,2025-05-10,C0084,P018,1,1129.0,North,1129.0
O009337,2026-04-01,C0150,P007,4,995.0,South,3980.0
O009338,2026-05-20,C0361,P004,4,680.0,South,2720.0
O009339,2025-09-01,C0189,P010,3,1132.0,East,3396.0
O009340,2026-04-19,C0021,P010,2,1132.0,East,2264.0
O009341,2026-01-17,C0037,P011,4,508.0,South,2032.0
O009342,2025-04-13,C0246,P003,2,358.0,West,716.0
O009343,2026-05-04,C0283,P014,1,1059.0,South,1059.0
O009344,2025-02-06,C0102,P013,4,797.0,East,3188.0
O009345,2026-06-04,C0419,P019,1,269.0,East,269.0
O009346,2025-11-29,C0294,P010,3,1132.0,South,3396.0
O009347,2026-02-01,C0232,P015,4,730.0,East,2920.0
O009348,2025-10-23,C0316,P008,3,729.0,East,2187.0
O009349,2025-04-17,C0326,P017,3,1000.0,West,3000.0
O009350,2026-06-14,C0288,P006,1,393.0,East,393.0
O009351,2025-03-24,C0336,P007,4,995.0,North,3980.0
O009352,2025-10-15,C0476,P014,4,1059.0,West,4236.0
O009353,2026-04-06,C0464,P008,4,729.0,East,2916.0
O009354,2025-08-03,C0411,P012,3,66.0,South,198.0
O009355,2025-10-08,C0245,P018,4,1129.0,North,4516.0
O009356,2026-04-04,C0387,P014,2,1059.0,South,2118.0
O009357,2025-12-10,C0177,P001,2,31.0,East,62.0
O009358,2025-07-13,C0213,P004,3,680.0,East,2040.0
O009359,2025-06-07,C0358,P017,1,1000.0,East,1000.0
O009360,2026-04-10,C0102,P018,2,1129.0,East,2258.0
O009361,2025-04-14,C0286,P019,1,269.0,North,269.0
O009362,2025-02-03,C0022,P004,4,680.0,North,2720.0
O009363,2025-04-12,C0019,P006,2,393.0,South,786.0
O009364,2025-11-21,C0287,P008,3,729.0,South,2187.0
O009365,2025-05-21,C0276,P015,3,730.0,East,2190.0
O009366,2026-04-19,C0495,P020,1,410.0,South,410.0
O009367,2025-01-31,C0147,P001,3,31.0,East,93.0
O009368,2025-03-04,C0386,P005,1,1124.0,West,1124.0
O009369,2025-03-28,C0040,P016,1,420.0,South,420.0
O009370,2025-10-31,C0167,P006,2,393.0,South,786.0
O009371,2025-03-02,C0091,P010,2,1132.0,North,2264.0
O009372,2026-01-31,C0072,P010,3,1132.0,North,3396.0
O009373,2025-11-30,C0365,P005,1,1124.0,West,1124.0
O009374,2026-02-15,C0438,P008,2,729.0,West,1458.0
O009375,2025-10-11,C0283,P001,4,31.0,South,124.0
O009376,2026-04-11,C0335,P005,3,1124.0,North,3372.0
O009377,2025-03-21,C0140,P001,3,31.0,West,93.0
O009378,2025-03-18,C0239,P007,4,995.0,East,3980.0
O009379,2026-06-24,C0078,P015,4,730.0,North,2920.0
O009380,2025-12-27,C0199,P014,4,1059.0,West,4236.0
O009381,2025-03-18,C0017,P009,2,485.0,South,970.0
O009382,2026-05-24,C0218,P008,4,729.0,West,2916.0
O009383,2025-06-13,C0229,P008,3,729.0,West,2187.0
O009384,2025-01-09,C0340,P003,2,358.0,North,716.0
O009385,2025-06-24,C0138,P020,1,410.0,West,410.0
O009386,2026-04-07,C0147,P004,4,680.0,East,2720.0
O009387,2025-11-03,C0210,P017,3,1000.0,North,3000.0
O009388,2025-09-02,C0158,P006,4,393.0,West,1572.0
O009389,2025-05-02,C0414,P002,1,235.0,East,235.0
O009390,2025-07-04,C0153,P009,2,485.0,North,970.0
O009391,2025-02-01,C0344,P014,1,1059.0,South,1059.0
O009392,2025-11-06,C0330,P001,2,31.0,North,62.0
O009393,2026-01-07,C0383,P017,3,1000.0,East,3000.0
O009394,2025-02-25,C0450,P011,3,508.0,North,1524.0
O009395,2025-09-30,C0358,P006,3,393.0,East,1179.0
O009396,2026-04-09,C0352,P001,1,31.0,West,31.0
O009397,2026-04-01,C0163,P019,4,269.0,East,1076.0
O009398,2025-09-06,C0307,P016,4,420.0,East,1680.0
O009399,2025-03-19,C0101,P018,1,1129.0,North,1129.0
O009400,2026-06-18,C0327,P011,4,508.0,East,2032.0
O009401,2025-04-18,C0327,P009,1,485.0,East,485.0
O009402,2025-09-30,C0155,P006,4,393.0,West,1572.0
O009403,2025-01-15,C0010,P002,2,235.0,West,470.0
O009404,2026-01-05,C0353,P008,3,729.0,East,2187.0
O009405,2025-10-31,C0427,P016,4,420.0,South,1680.0
O009406,2025-07-24,C0183,P008,1,729.0,West,729.0
O009407,2025-04-23,C0455,P008,2,729.0,North,1458.0
O009408,2025-09-10,C0134,P014,4,1059.0,South,4236.0
O009409,2026-03-17,C0006,P001,4,31.0,North,124.0
O009410,2025-07-05,C0333,P007,1,995.0,North,995.0
O009411,2025-08-15,C0432,P002,2,235.0,West,470.0
O009412,2026-06-12,C0333,P015,3,730.0,North,2190.0
O009413,2025-12-20,C0258,P018,1,1129.0,East,1129.0
O009414,2025-01-01,C0211,P004,4,680.0,East,2720.0
O009415,2026-02-24,C0051,P018,3,1129.0,West,3387.0
O009416,2025-06-10,C0445,P005,4,1124.0,West,4496.0
O009417,2025-06-10,C0147,P016,1,420.0,East,420.0
O009418,2025-05-08,C0498,P013,2,797.0,North,1594.0
O009419,2025-05-31,C0377,P009,3,485.0,West,1455.0
O009420,2026-03-20,C0128,P005,1,1124.0,West,1124.0
O009421,2026-04-16,C0486,P008,1,729.0,West,729.0
O009422,2026-04-08,C0258,P018,3,1129.0,East,3387.0
O009423,2025-01-30,C0051,P003,2,358.0,West,716.0
O009424,2026-04-18,C0154,P006,4,393.0,South,1572.0
O009425,2025-03-21,C0070,P011,3,508.0,West,1524.0
O009426,2025-02-08,C0276,P014,1,1059.0,East,1059.0
O009427,2025-08-28,C0279,P019,3,269.0,West,807.0
O009428,2025-12-03,C0310,P007,3,995.0,South,2985.0
O009429,2025-10-07,C0399,P010,2,1132.0,West,2264.0
O009430,2025-04-26,C0134,P015,2,730.0,South,1460.0
O009431,2025-09-26,C0220,P006,4,393.0,West,1572.0
O009432,2025-12-01,C0163,P020,3,410.0,East,1230.0
O009433,2025-11-08,C0459,P006,2,393.0,North,786.0
O009434,2025-02-22,C0136,P016,2,420.0,South,840.0
O009435,2025-03-09,C0057,P009,1,485.0,North,485.0
O009436,2025-02-03,C0434,P019,2,269.0,North,538.0
O009437,2026-01-21,C0177,P018,3,1129.0,East,3387.0
O009438,2025-09-06,C0115,P005,3,1124.0,East,3372.0
O009439,2025-04-21,C0499,P016,1,420.0,West,420.0
O009440,2025-04-04,C0472,P007,1,995.0,West,995.0
O009441,2026-02-14,C0149,P019,1,269.0,North,269.0
O009442,2025-06-28,C0241,P005,3,1124.0,West,3372.0
O009443,2025-02-16,C0123,P020,3,410.0,South,1230.0
O009444,2026-01-11,C0292,P011,4,508.0,North,2032.0
O009445,2025-07-21,C0327,P018,2,1129.0,East,2258.0
O009446,2026-03-21,C0069,P007,1,995.0,North,995.0
O009447,2025-10-24,C0314,P018,2,1129.0,West,2258.0
O009448,2025-11-04,C0063,P003,2,358.0,West,716.0
O009449,2026-05-08,C0221,P005,4,1124.0,East,4496.0
O009450,2025-12-04,C0016,P013,3,797.0,North,2391.0
O009451,2025-03-07,C0390,P016,2,420.0,West,840.0
O009452,2026-02-26,C0078,P012,1,66.0,North,66.0
O009453,2026-06-24,C0122,P007,1,995.0,West,995.0
O009454,2026-05-08,C0436,P013,3,797.0,West,2391.0
O009455,2025-11-13,C0258,P001,3,31.0,East,93.0
O009456,2025-03-16,C0217,P015,3,730.0,South,2190.0
O009457,2025-02-28,C0479,P012,1,66.0,West,66.0
O009458,2026-01-21,C0114,P017,3,1000.0,West,3000.0
O009459,2025-01-15,C0370,P020,4,410.0,North,1640.0
O009460,2025-08-19,C0461,P005,4,1124.0,North,4496.0
O009461,2025-07-18,C0380,P017,1,1000.0,South,1000.0
O009462,2025-12-20,C0146,P015,4,730.0,North,2920.0
O009463,2025-02-04,C0465,P020,2,410.0,West,820.0
O009464,2025-06-11,C0237,P019,3,269.0,South,807.0
O009465,2026-04-16,C0476,P001,2,31.0,West,62.0
O009466,2026-06-15,C0460,P004,3,680.0,North,2040.0
O009467,2026-02-27,C0419,P003,4,358.0,East,1432.0
O009468,2025-12-14,C0086,P008,3,729.0,South,2187.0
O009469,2025-05-27,C0167,P009,1,485.0,South,485.0
O009470,2026-01-09,C0129,P012,2,66.0,North,132.0
O009471,2026-02-20,C0165,P005,3,1124.0,North,3372.0
O009472,2026-05-09,C0277,P009,2,485.0,West,970.0
O009473,2025-09-13,C0257,P001,3,31.0,West,93.0
O009474,2025-04-13,C0132,P011,1,508.0,North,508.0
O009475,2025-05-01,C0480,P007,2,995.0,East,1990.0
O009476,2026-02-23,C0058,P020,4,410.0,North,1640.0
O009477,2025-12-16,C0257,P014,2,1059.0,West,2118.0
O009478,2025-02-11,C0141,P003,3,358.0,West,1074.0
O009479,2026-01-02,C0174,P011,2,508.0,North,1016.0
O009480,2025-01-29,C0175,P017,1,1000.0,East,1000.0
O009481,2025-01-14,C0209,P018,2,1129.0,North,2258.0
O009482,2026-04-30,C0204,P019,2,269.0,West,538.0
O009483,2025-07-08,C0007,P018,2,1129.0,North,2258.0
O009484,2025-10-22,C0051,P006,4,393.0,West,1572.0
O009485,2025-07-02,C0259,P015,2,730.0,East,1460.0
O009486,2025-02-06,C0178,P007,3,995.0,South,2985.0
O009487,2025-01-14,C0410,P005,3,1124.0,North,3372.0
O009488,2025-06-08,C0031,P005,2,1124.0,East,2248.0
O009489,2026-05-09,C0356,P007,2,995.0,East,1990.0
O009490,2025-11-25,C0318,P012,4,66.0,North,264.0
O009491,2025-03-24,C0154,P008,1,729.0,South,729.0
O009492,2025-01-22,C0451,P018,3,1129.0,West,3387.0
O009493,2025-05-12,C0364,P018,4,1129.0,East,4516.0
O009494,2026-04-10,C0055,P017,3,1000.0,East,3000.0
O009495,2026-04-01,C0156,P011,3,508.0,North,1524.0
O009496,2025-10-29,C0044,P015,2,730.0,West,1460.0
O009497,2025-09-24,C0081,P020,3,410.0,West,1230.0
O009498,2026-01-30,C0166,P006,1,393.0,West,393.0
O009499,2025-04-30,C0495,P012,1,66.0,South,66.0
O009500,2025-09-03,C0030,P007,1,995.0,North,995.0
O009501,2025-02-07,C0322,P008,4,729.0,West,2916.0
O009502,2025-09-02,C0136,P004,1,680.0,South,680.0
O009503,2025-01-21,C0014,P003,1,358.0,North,358.0
O009504,2025-04-20,C0357,P003,3,358.0,North,1074.0
O009505,2026-01-29,C0483,P010,4,1132.0,South,4528.0
O009506,2026-02-14,C0106,P015,2,730.0,North,1460.0
O009507,2025-01-08,C0359,P013,4,797.0,West,3188.0
O009508,2026-03-20,C0318,P019,4,269.0,North,1076.0
O009509,2025-11-24,C0075,P008,2,729.0,West,1458.0
O009510,2025-10-17,C0447,P018,2,1129.0,West,2258.0
O009511,2026-05-26,C0079,P005,2,1124.0,South,2248.0
O009512,2025-12-27,C0194,P007,3,995.0,East,2985.0
O009513,2025-08-07,C0485,P005,3,1124.0,East,3372.0
O009514,2026-02-10,C0363,P019,3,269.0,South,807.0
O009515,2025-08-08,C0096,P017,1,1000.0,South,1000.0
O009516,2025-04-17,C0040,P019,2,269.0,South,538.0
O009517,2025-10-13,C0256,P004,3,680.0,East,2040.0
O009518,2025-01-08,C0397,P007,3,995.0,West,2985.0
O009519,2025-07-08,C0107,P006,4,393.0,South,1572.0
O009520,2025-03-22,C0017,P014,3,1059.0,South,3177.0
O009521,2025-04-18,C0015,P019,2,269.0,North,538.0
O009522,2025-11-17,C0417,P020,2,410.0,South,820.0
O009523,2025-12-12,C0499,P011,1,508.0,West,508.0
O009524,2025-11-24,C0272,P007,1,995.0,West,995.0
O009525,2025-10-29,C0499,P003,4,358.0,West,1432.0
O009526,2025-07-19,C0013,P020,1,410.0,West,410.0
O009527,2026-02-23,C0247,P017,2,1000.0,South,2000.0
O009528,2025-02-08,C0214,P011,1,508.0,North,508.0
O009529,2025-11-03,C0151,P015,1,730.0,West,730.0
O009530,2025-01-04,C0292,P007,3,995.0,North,2985.0
O009531,2025-03-18,C0043,P015,2,730.0,North,1460.0
O009532,2026-04-13,C0434,P017,4,1000.0,North,4000.0
O009533,2025-06-28,C0114,P011,1,508.0,West,508.0
O009534,2025-10-03,C0330,P012,1,66.0,North,66.0
O009535,2025-06-01,C0081,P013,4,797.0,West,3188.0
O009536,2025-06-13,C0350,P011,4,508.0,East,2032.0
O009537,2025-10-17,C0141,P011,2,508.0,West,1016.0
O009538,2026-01-13,C0030,P009,4,485.0,North,1940.0
O009539,2025-11-06,C0441,P011,1,508.0,North,508.0
O009540,2026-01-24,C0494,P004,2,680.0,North,1360.0
O009541,2025-07-02,C0030,P002,2,235.0,North,470.0
O009542,2025-11-02,C0455,P004,4,680.0,North,2720.0
O009543,2025-03-13,C0266,P014,2,1059.0,West,2118.0
O009544,2025-08-07,C0099,P005,1,1124.0,North,1124.0
O009545,2025-06-22,C0450,P017,1,1000.0,North,1000.0
O009546,2025-09-29,C0094,P012,1,66.0,East,66.0
O009547,2026-04-13,C0211,P006,2,393.0,East,786.0
O009548,2025-09-26,C0295,P012,4,66.0,North,264.0
O009549,2025-01-20,C0037,P015,1,730.0,South,730.0
O009550,2026-05-18,C0387,P019,3,269.0,South,807.0
O009551,2025-05-27,C0089,P010,4,1132.0,West,4528.0
O009552,2026-03-05,C0418,P002,2,235.0,South,470.0
O009553,2025-06-14,C0255,P012,1,66.0,North,66.0
O009554,2025-11-06,C0214,P012,2,66.0,North,132.0
O009555,2026-06-02,C0422,P007,1,995.0,West,995.0
O009556,2025-01-14,C0014,P001,2,31.0,North,62.0
O009557,2025-05-12,C0192,P018,3,1129.0,West,3387.0
O009558,2026-03-15,C0295,P003,2,358.0,North,716.0
O009559,2025-09-20,C0182,P020,2,410.0,North,820.0
O009560,2025-08-13,C0130,P005,2,1124.0,East,2248.0
O009561,2025-09-15,C0224,P020,1,410.0,South,410.0
O009562,2025-08-22,C0043,P015,4,730.0,North,2920.0
O009563,2025-12-02,C0181,P010,2,1132.0,South,2264.0
O009564,2026-02-13,C0387,P019,4,269.0,South,1076.0
O009565,2025-01-24,C0169,P001,1,31.0,North,31.0
O009566,2025-09-28,C0264,P007,2,995.0,East,1990.0
O009567,2025-04-05,C0474,P018,1,1129.0,West,1129.0
O009568,2025-05-22,C0096,P002,4,235.0,South,940.0
O009569,2025-03-22,C0203,P019,1,269.0,North,269.0
O009570,2025-10-01,C0498,P010,1,1132.0,North,1132.0
O009571,2025-10-03,C0447,P015,4,730.0,West,2920.0
O009572,2026-04-10,C0321,P010,1,1132.0,East,1132.0
O009573,2025-07-27,C0335,P010,4,1132.0,North,4528.0
O009574,2025-10-23,C0388,P012,4,66.0,North,264.0
O009575,2025-02-08,C0068,P008,2,729.0,West,1458.0
O009576,2025-10-15,C0092,P014,2,1059.0,West,2118.0
O009577,2025-05-04,C0266,P002,1,235.0,West,235.0
O009578,2025-10-10,C0331,P017,1,1000.0,South,1000.0
O009579,2025-06-29,C0178,P006,1,393.0,South,393.0
O009580,2025-04-07,C0151,P008,3,729.0,West,2187.0
O009581,2025-07-10,C0317,P001,3,31.0,South,93.0
O009582,2025-03-15,C0047,P003,2,358.0,South,716.0
O009583,2026-03-23,C0003,P015,4,730.0,West,2920.0
O009584,2026-05-12,C0487,P017,3,1000.0,North,3000.0
O009585,2026-04-29,C0103,P007,3,995.0,South,2985.0
O009586,2025-04-26,C0273,P014,4,1059.0,West,4236.0
O009587,2026-06-19,C0022,P003,1,358.0,North,358.0
O009588,2025-04-08,C0116,P018,1,1129.0,West,1129.0
O009589,2025-11-24,C0347,P005,3,1124.0,East,3372.0
O009590,2026-02-11,C0400,P020,3,410.0,West,1230.0
O009591,2025-11-09,C0464,P015,4,730.0,East,2920.0
O009592,2025-05-28,C0104,P006,4,393.0,East,1572.0
O009593,2025-12-08,C0259,P003,3,358.0,East,1074.0
O009594,2026-05-10,C0308,P018,4,1129.0,South,4516.0
O009595,2025-01-23,C0367,P020,1,410.0,West,410.0
O009596,2025-04-15,C0417,P003,2,358.0,South,716.0
O009597,2025-08-10,C0298,P008,3,729.0,North,2187.0
O009598,2025-01-15,C0130,P019,2,269.0,East,538.0
O009599,2025-03-19,C0295,P018,4,1129.0,North,4516.0
O009600,2025-11-18,C0302,P015,2,730.0,East,1460.0
O009601,2025-08-29,C0048,P014,3,1059.0,East,3177.0
O009602,2025-01-18,C0027,P016,4,420.0,North,1680.0
O009603,2026-03-30,C0015,P003,2,358.0,North,716.0
O009604,2026-03-19,C0263,P015,1,730.0,North,730.0
O009605,2025-10-04,C0365,P019,3,269.0,West,807.0
O009606,2026-02-28,C0441,P008,3,729.0,North,2187.0
O009607,2026-04-21,C0298,P002,3,235.0,North,705.0
O009608,2025-01-27,C0265,P017,3,1000.0,West,3000.0
O009609,2026-05-29,C0361,P012,4,66.0,South,264.0
O009610,2026-04-09,C0134,P019,1,269.0,South,269.0
O009611,2025-12-29,C0441,P011,1,508.0,North,508.0
O009612,2026-01-18,C0076,P018,2,1129.0,West,2258.0
O009613,2026-06-09,C0030,P013,3,797.0,North,2391.0
O009614,2026-01-17,C0439,P014,3,1059.0,West,3177.0
O009615,2025-07-03,C0340,P012,2,66.0,North,132.0
O009616,2025-07-13,C0126,P015,4,730.0,South,2920.0
O009617,2026-04-07,C0084,P008,1,729.0,North,729.0
O009618,2025-02-25,C0054,P002,3,235.0,West,705.0
O009619,2025-08-18,C0366,P008,2,729.0,South,1458.0
O009620,2026-05-04,C0283,P005,1,1124.0,South,1124.0
O009621,2025-01-28,C0340,P002,2,235.0,North,470.0
O009622,2025-07-03,C0443,P010,2,1132.0,South,2264.0
O009623,2026-03-01,C0263,P010,4,1132.0,North,4528.0
O009624,2026-01-10,C0424,P004,1,680.0,South,680.0
O009625,2025-02-10,C0360,P004,3,680.0,East,2040.0
O009626,2026-04-29,C0222,P008,1,729.0,East,729.0
O009627,2025-09-17,C0328,P006,4,393.0,East,1572.0
O009628,2026-03-17,C0002,P015,3,730.0,West,2190.0
O009629,2025-03-25,C0398,P018,1,1129.0,South,1129.0
O009630,2025-02-15,C0394,P008,4,729.0,West,2916.0
O009631,2026-03-16,C0306,P020,3,410.0,West,1230.0
O009632,2026-06-03,C0146,P007,3,995.0,North,2985.0
O009633,2026-03-14,C0018,P020,2,410.0,East,820.0
O009634,2025-05-16,C0016,P017,2,1000.0,North,2000.0
O009635,2025-07-02,C0308,P019,4,269.0,South,1076.0
O009636,2025-06-21,C0453,P002,3,235.0,South,705.0
O009637,2026-06-23,C0436,P012,1,66.0,West,66.0
O009638,2025-04-30,C0159,P019,3,269.0,North,807.0
O009639,2025-10-08,C0485,P005,4,1124.0,East,4496.0
O009640,2025-11-04,C0340,P012,1,66.0,North,66.0
O009641,2025-10-04,C0407,P017,3,1000.0,South,3000.0
O009642,2026-06-14,C0352,P005,1,1124.0,West,1124.0
O009643,2025-10-22,C0298,P002,2,235.0,North,470.0
O009644,2025-02-22,C0209,P004,1,680.0,North,680.0
O009645,2026-03-08,C0446,P006,2,393.0,West,786.0
O009646,2025-02-21,C0205,P009,1,485.0,East,485.0
O009647,2025-03-13,C0113,P010,2,1132.0,West,2264.0
O009648,2025-01-28,C0178,P011,4,508.0,South,2032.0
O009649,2026-04-14,C0461,P002,1,235.0,North,235.0
O009650,2026-02-05,C0209,P009,3,485.0,North,1455.0
O009651,2025-07-20,C0124,P020,4,410.0,North,1640.0
O009652,2026-04-11,C0015,P017,4,1000.0,North,4000.0
O009653,2026-01-14,C0346,P009,1,485.0,East,485.0
O009654,2025-06-26,C0428,P008,4,729.0,West,2916.0
O009655,2025-02-21,C0476,P005,2,1124.0,West,2248.0
O009656,2025-03-20,C0298,P005,2,1124.0,North,2248.0
O009657,2026-01-20,C0045,P006,1,393.0,South,393.0
O009658,2025-01-08,C0094,P016,4,420.0,East,1680.0
O009659,2025-08-02,C0107,P001,3,31.0,South,93.0
O009660,2025-01-25,C0419,P009,1,485.0,East,485.0
O009661,2026-03-26,C0278,P007,1,995.0,East,995.0
O009662,2026-04-02,C0128,P011,4,508.0,West,2032.0
O009663,2026-04-06,C0458,P015,2,730.0,South,1460.0
O009664,2025-07-17,C0459,P005,4,1124.0,North,4496.0
O009665,2025-04-04,C0038,P019,3,269.0,North,807.0
O009666,2026-03-13,C0097,P006,3,393.0,East,1179.0
O009667,2026-06-11,C0198,P014,3,1059.0,West,3177.0
O009668,2026-01-13,C0192,P020,3,410.0,West,1230.0
O009669,2025-04-14,C0357,P014,1,1059.0,North,1059.0
O009670,2025-02-08,C0007,P011,3,508.0,North,1524.0
O009671,2026-04-03,C0044,P004,3,680.0,West,2040.0
O009672,2025-12-30,C0332,P010,3,1132.0,West,3396.0
O009673,2025-05-15,C0007,P002,4,235.0,North,940.0
O009674,2026-01-09,C0194,P004,2,680.0,East,1360.0
O009675,2025-08-20,C0316,P020,2,410.0,East,820.0
O009676,2025-02-08,C0001,P010,2,1132.0,South,2264.0
O009677,2025-02-16,C0062,P001,3,31.0,South,93.0
O009678,2025-02-05,C0343,P014,4,1059.0,North,4236.0
O009679,2025-04-05,C0089,P018,1,1129.0,West,1129.0
O009680,2025-12-27,C0018,P012,4,66.0,East,264.0
O009681,2026-06-09,C0108,P019,1,269.0,West,269.0
O009682,2025-05-26,C0135,P012,4,66.0,West,264.0
O009683,2026-01-03,C0371,P005,2,1124.0,North,2248.0
O009684,2025-03-06,C0310,P004,2,680.0,South,1360.0
O009685,2025-08-16,C0067,P013,3,797.0,North,2391.0
O009686,2026-06-04,C0093,P018,2,1129.0,West,2258.0
O009687,2025-06-30,C0138,P012,2,66.0,West,132.0
O009688,2026-05-16,C0189,P016,2,420.0,East,840.0
O009689,2025-06-04,C0059,P006,4,393.0,North,1572.0
O009690,2026-06-19,C0187,P007,2,995.0,West,1990.0
O009691,2026-03-11,C0235,P009,1,485.0,North,485.0
O009692,2025-04-09,C0069,P010,3,1132.0,North,3396.0
O009693,2026-01-07,C0447,P005,4,1124.0,West,4496.0
O009694,2025-12-28,C0098,P004,1,680.0,South,680.0
O009695,2025-04-22,C0008,P011,4,508.0,West,2032.0
O009696,2026-03-29,C0462,P019,2,269.0,East,538.0
O009697,2025-06-18,C0488,P007,4,995.0,South,3980.0
O009698,2025-05-19,C0311,P013,4,797.0,South,3188.0
O009699,2025-08-19,C0134,P013,3,797.0,South,2391.0
O009700,2025-08-27,C0385,P018,4,1129.0,West,4516.0
O009701,2025-09-10,C0056,P009,4,485.0,West,1940.0
O009702,2026-03-12,C0481,P013,3,797.0,East,2391.0
O009703,2026-02-26,C0360,P013,4,797.0,East,3188.0
O009704,2025-10-30,C0459,P005,4,1124.0,North,4496.0
O009705,2025-03-13,C0114,P012,1,66.0,West,66.0
O009706,2025-09-20,C0088,P001,1,31.0,East,31.0
O009707,2025-08-10,C0138,P018,4,1129.0,West,4516.0
O009708,2025-03-18,C0108,P017,4,1000.0,West,4000.0
O009709,2025-03-03,C0500,P010,2,1132.0,West,2264.0
O009710,2026-04-16,C0023,P009,1,485.0,South,485.0
O009711,2025-06-06,C0144,P020,2,410.0,South,820.0
O009712,2025-05-05,C0357,P008,4,729.0,North,2916.0
O009713,2025-06-10,C0144,P015,2,730.0,South,1460.0
O009714,2026-06-25,C0056,P013,2,797.0,West,1594.0
O009715,2026-06-19,C0108,P017,3,1000.0,West,3000.0
O009716,2025-04-16,C0351,P009,3,485.0,East,1455.0
O009717,2025-05-11,C0006,P011,4,508.0,North,2032.0
O009718,2025-12-23,C0030,P004,1,680.0,North,680.0
O009719,2025-01-02,C0447,P007,4,995.0,West,3980.0
O009720,2025-08-21,C0485,P020,1,410.0,East,410.0
O009721,2026-01-04,C0385,P003,3,358.0,West,1074.0
O009722,2025-09-08,C0307,P010,1,1132.0,East,1132.0
O009723,2025-04-18,C0362,P003,2,358.0,East,716.0
O009724,2025-10-03,C0345,P001,2,31.0,South,62.0
O009725,2025-06-29,C0127,P014,3,1059.0,West,3177.0
O009726,2025-10-20,C0302,P013,4,797.0,East,3188.0
O009727,2025-06-24,C0121,P005,1,1124.0,West,1124.0
O009728,2025-05-03,C0405,P008,4,729.0,South,2916.0
O009729,2025-08-15,C0099,P012,1,66.0,North,66.0
O009730,2026-03-20,C0166,P006,3,393.0,West,1179.0
O009731,2026-03-04,C0325,P002,1,235.0,West,235.0
O009732,2025-03-24,C0319,P004,2,680.0,North,1360.0
O009733,2025-03-06,C0241,P005,1,1124.0,West,1124.0
O009734,2025-10-08,C0050,P011,4,508.0,North,2032.0
O009735,2026-01-26,C0268,P013,3,797.0,West,2391.0
O009736,2026-03-04,C0325,P008,3,729.0,West,2187.0
O009737,2025-04-17,C0073,P005,4,1124.0,North,4496.0
O009738,2025-09-19,C0300,P006,2,393.0,North,786.0
O009739,2025-06-08,C0052,P015,4,730.0,West,2920.0
O009740,2025-09-22,C0265,P016,2,420.0,West,840.0
O009741,2026-04-13,C0227,P011,1,508.0,West,508.0
O009742,2025-07-21,C0193,P007,3,995.0,West,2985.0
O009743,2025-06-04,C0374,P006,1,393.0,East,393.0
O009744,2025-01-13,C0239,P012,4,66.0,East,264.0
O009745,2025-10-24,C0010,P004,4,680.0,West,2720.0
O009746,2026-05-13,C0302,P014,1,1059.0,East,1059.0
O009747,2025-09-02,C0359,P011,4,508.0,West,2032.0
O009748,2025-10-27,C0228,P012,4,66.0,South,264.0
O009749,2025-12-28,C0442,P002,4,235.0,West,940.0
O009750,2025-12-20,C0293,P011,3,508.0,West,1524.0
O009751,2026-06-05,C0052,P013,3,797.0,West,2391.0
O009752,2026-01-21,C0240,P011,2,508.0,North,1016.0
O009753,2025-11-08,C0099,P009,3,485.0,North,1455.0
O009754,2026-02-18,C0081,P016,1,420.0,West,420.0
O009755,2025-10-05,C0013,P005,1,1124.0,West,1124.0
O009756,2025-12-22,C0390,P012,3,66.0,West,198.0
O009757,2026-06-09,C0442,P003,1,358.0,West,358.0
O009758,2025-01-16,C0357,P016,4,420.0,North,1680.0
O009759,2025-02-14,C0128,P019,3,269.0,West,807.0
O009760,2025-11-17,C0304,P017,2,1000.0,East,2000.0
O009761,2025-11-22,C0416,P011,2,508.0,South,1016.0
O009762,2025-05-28,C0011,P019,3,269.0,North,807.0
O009763,2025-12-21,C0081,P018,1,1129.0,West,1129.0
O009764,2025-08-24,C0261,P009,3,485.0,East,1455.0
O009765,2025-04-15,C0006,P013,3,797.0,North,2391.0
O009766,2026-04-19,C0458,P006,2,393.0,South,786.0
O009767,2026-01-31,C0373,P003,4,358.0,North,1432.0
O009768,2026-03-22,C0481,P012,4,66.0,East,264.0
O009769,2025-08-08,C0222,P009,3,485.0,East,1455.0
O009770,2026-03-18,C0405,P009,2,485.0,South,970.0
O009771,2025-01-28,C0298,P015,2,730.0,North,1460.0
O009772,2026-04-20,C0081,P001,1,31.0,West,31.0
O009773,2025-11-01,C0411,P018,3,1129.0,South,3387.0
O009774,2026-02-09,C0003,P015,3,730.0,West,2190.0
O009775,2026-05-28,C0060,P008,4,729.0,South,2916.0
O009776,2026-05-17,C0221,P011,3,508.0,East,1524.0
O009777,2025-12-14,C0450,P017,2,1000.0,North,2000.0
O009778,2025-08-28,C0349,P014,3,1059.0,South,3177.0
O009779,2025-12-03,C0049,P019,2,269.0,East,538.0
O009780,2025-01-26,C0228,P005,2,1124.0,South,2248.0
O009781,2026-02-13,C0290,P002,1,235.0,East,235.0
O009782,2025-03-18,C0293,P015,2,730.0,West,1460.0
O009783,2025-08-05,C0298,P019,1,269.0,North,269.0
O009784,2025-11-24,C0193,P016,3,420.0,West,1260.0
O009785,2025-01-23,C0444,P013,1,797.0,South,797.0
O009786,2025-11-06,C0474,P007,4,995.0,West,3980.0
O009787,2025-09-24,C0257,P017,4,1000.0,West,4000.0
O009788,2026-02-19,C0443,P019,4,269.0,South,1076.0
O009789,2025-09-24,C0388,P007,3,995.0,North,2985.0
O009790,2025-11-29,C0103,P012,2,66.0,South,132.0
O009791,2026-03-26,C0398,P013,4,797.0,South,3188.0
O009792,2025-09-04,C0366,P013,1,797.0,South,797.0
O009793,2025-02-05,C0146,P014,3,1059.0,North,3177.0
O009794,2026-02-05,C0290,P015,3,730.0,East,2190.0
O009795,2025-01-28,C0257,P002,1,235.0,West,235.0
O009796,2025-08-08,C0309,P006,1,393.0,West,393.0
O009797,2026-02-10,C0278,P009,3,485.0,East,1455.0
O009798,2025-09-28,C0464,P015,3,730.0,East,2190.0
O009799,2026-05-26,C0189,P020,2,410.0,East,820.0
O009800,2025-10-13,C0406,P016,3,420.0,West,1260.0
O009801,2026-03-30,C0178,P002,1,235.0,South,235.0
O009802,2025-11-13,C0016,P003,3,358.0,North,1074.0
O009803,2025-10-24,C0412,P020,3,410.0,West,1230.0
O009804,2025-12-04,C0476,P008,1,729.0,West,729.0
O009805,2025-11-03,C0375,P008,2,729.0,North,1458.0
O009806,2026-03-04,C0086,P007,3,995.0,South,2985.0
O009807,2025-12-17,C0248,P011,4,508.0,West,2032.0
O009808,2026-05-26,C0454,P013,4,797.0,West,3188.0
O009809,2026-06-09,C0217,P008,1,729.0,South,729.0
O009810,2026-05-07,C0042,P009,1,485.0,South,485.0
O009811,2025-01-09,C0194,P016,1,420.0,East,420.0
O009812,2026-05-12,C0327,P005,4,1124.0,East,4496.0
O009813,2026-03-16,C0373,P014,1,1059.0,North,1059.0
O009814,2025-04-18,C0465,P001,4,31.0,West,124.0
O009815,2025-09-02,C0163,P019,2,269.0,East,538.0
O009816,2025-09-12,C0276,P017,1,1000.0,East,1000.0
O009817,2025-02-02,C0364,P014,3,1059.0,East,3177.0
O009818,2025-01-23,C0130,P013,2,797.0,East,1594.0
O009819,2025-02-18,C0263,P008,4,729.0,North,2916.0
O009820,2026-04-07,C0480,P003,1,358.0,East,358.0
O009821,2025-12-02,C0177,P001,3,31.0,East,93.0
O009822,2025-12-24,C0467,P019,4,269.0,South,1076.0
O009823,2025-05-02,C0460,P015,2,730.0,North,1460.0
O009824,2026-03-20,C0265,P008,3,729.0,West,2187.0
O009825,2025-12-25,C0027,P009,2,485.0,North,970.0
O009826,2025-12-12,C0462,P013,1,797.0,East,797.0
O009827,2025-07-12,C0386,P012,3,66.0,West,198.0
O009828,2026-02-20,C0085,P009,1,485.0,South,485.0
O009829,2026-01-12,C0196,P020,4,410.0,South,1640.0
O009830,2026-04-08,C0316,P011,4,508.0,East,2032.0
O009831,2025-05-26,C0243,P005,2,1124.0,West,2248.0
O009832,2026-04-23,C0469,P019,1,269.0,North,269.0
O009833,2026-02-12,C0368,P018,1,1129.0,West,1129.0
O009834,2025-10-13,C0342,P011,3,508.0,South,1524.0
O009835,2025-04-21,C0177,P011,4,508.0,East,2032.0
O009836,2025-02-19,C0130,P006,1,393.0,East,393.0
O009837,2025-01-14,C0145,P001,1,31.0,South,31.0
O009838,2025-05-14,C0083,P009,1,485.0,South,485.0
O009839,2025-12-09,C0360,P007,4,995.0,East,3980.0
O009840,2025-10-13,C0088,P006,4,393.0,East,1572.0
O009841,2025-11-10,C0020,P010,4,1132.0,South,4528.0
O009842,2025-10-24,C0230,P005,2,1124.0,East,2248.0
O009843,2025-06-13,C0460,P001,4,31.0,North,124.0
O009844,2026-05-12,C0473,P015,4,730.0,North,2920.0
O009845,2025-01-16,C0126,P005,4,1124.0,South,4496.0
O009846,2025-12-10,C0471,P020,3,410.0,North,1230.0
O009847,2025-03-19,C0498,P006,3,393.0,North,1179.0
O009848,2025-12-12,C0354,P005,1,1124.0,North,1124.0
O009849,2025-03-13,C0416,P017,3,1000.0,South,3000.0
O009850,2025-09-27,C0051,P018,2,1129.0,West,2258.0
O009851,2025-10-14,C0088,P004,2,680.0,East,1360.0
O009852,2025-03-07,C0170,P002,1,235.0,East,235.0
O009853,2025-03-09,C0063,P008,1,729.0,West,729.0
O009854,2025-07-12,C0089,P005,2,1124.0,West,2248.0
O009855,2025-02-24,C0189,P004,2,680.0,East,1360.0
O009856,2026-01-14,C0190,P014,2,1059.0,North,2118.0
O009857,2025-06-17,C0387,P004,1,680.0,South,680.0
O009858,2026-02-13,C0089,P008,2,729.0,West,1458.0
O009859,2026-05-23,C0348,P003,1,358.0,North,358.0
O009860,2026-06-21,C0332,P014,2,1059.0,West,2118.0
O009861,2025-04-12,C0026,P018,2,1129.0,West,2258.0
O009862,2026-02-26,C0176,P012,3,66.0,North,198.0
O009863,2026-04-23,C0364,P015,2,730.0,East,1460.0
O009864,2025-04-30,C0264,P020,1,410.0,East,410.0
O009865,2025-10-18,C0389,P020,2,410.0,West,820.0
O009866,2026-05-03,C0395,P009,4,485.0,South,1940.0
O009867,2025-06-10,C0042,P002,3,235.0,South,705.0
O009868,2025-03-19,C0483,P001,2,31.0,South,62.0
O009869,2025-02-07,C0475,P015,2,730.0,East,1460.0
O009870,2026-01-29,C0119,P015,4,730.0,West,2920.0
O009871,2026-03-17,C0169,P008,4,729.0,North,2916.0
O009872,2026-06-24,C0108,P003,2,358.0,West,716.0
O009873,2026-04-07,C0486,P002,2,235.0,West,470.0
O009874,2025-10-21,C0147,P004,4,680.0,East,2720.0
O009875,2026-02-04,C0176,P018,4,1129.0,North,4516.0
O009876,2025-04-02,C0437,P012,2,66.0,North,132.0
O009877,2025-01-06,C0439,P018,1,1129.0,West,1129.0
O009878,2025-09-28,C0376,P010,2,1132.0,South,2264.0
O009879,2025-04-09,C0189,P008,2,729.0,East,1458.0
O009880,2026-06-10,C0160,P018,2,1129.0,West,2258.0
O009881,2025-07-13,C0302,P017,3,1000.0,East,3000.0
O009882,2025-06-06,C0348,P019,1,269.0,North,269.0
O009883,2025-04-25,C0420,P006,1,393.0,West,393.0
O009884,2026-01-31,C0402,P014,3,1059.0,West,3177.0
O009885,2026-06-06,C0074,P005,1,1124.0,West,1124.0
O009886,2025-08-02,C0352,P008,3,729.0,West,2187.0
O009887,2026-06-17,C0018,P008,2,729.0,East,1458.0
O009888,2025-01-15,C0140,P018,1,1129.0,West,1129.0
O009889,2026-02-23,C0115,P009,2,485.0,East,970.0
O009890,2026-01-03,C0328,P014,4,1059.0,East,4236.0
O009891,2025-08-01,C0225,P014,2,1059.0,South,2118.0
O009892,2025-01-05,C0046,P020,1,410.0,East,410.0
O009893,2025-08-19,C0439,P014,2,1059.0,West,2118.0
O009894,2025-07-20,C0038,P017,2,1000.0,North,2000.0
O009895,2026-02-06,C0206,P002,3,235.0,North,705.0
O009896,2025-05-29,C0386,P014,1,1059.0,West,1059.0
O009897,2026-05-07,C0009,P012,2,66.0,East,132.0
O009898,2025-08-14,C0253,P016,3,420.0,West,1260.0
O009899,2025-06-18,C0108,P006,1,393.0,West,393.0
O009900,2025-06-01,C0389,P018,4,1129.0,West,4516.0
O009901,2025-08-12,C0098,P007,2,995.0,South,1990.0
O009902,2026-05-19,C0275,P002,2,235.0,East,470.0
O009903,2025-02-13,C0071,P013,2,797.0,West,1594.0
O009904,2026-05-19,C0039,P008,2,729.0,East,1458.0
O009905,2025-08-29,C0298,P012,2,66.0,North,132.0
O009906,2025-12-17,C0401,P001,4,31.0,North,124.0
O009907,2025-01-23,C0447,P009,4,485.0,West,1940.0
O009908,2025-02-12,C0090,P008,1,729.0,South,729.0
O009909,2026-04-11,C0430,P009,1,485.0,North,485.0
O009910,2025-02-09,C0219,P005,3,1124.0,East,3372.0
O009911,2025-10-30,C0107,P013,3,797.0,South,2391.0
O009912,2025-06-24,C0476,P014,3,1059.0,West,3177.0
O009913,2026-06-16,C0404,P004,4,680.0,West,2720.0
O009914,2026-04-06,C0454,P017,1,1000.0,West,1000.0
O009915,2025-07-12,C0392,P009,1,485.0,South,485.0
O009916,2025-09-01,C0096,P020,4,410.0,South,1640.0
O009917,2025-10-07,C0403,P015,1,730.0,East,730.0
O009918,2025-02-05,C0032,P020,2,410.0,North,820.0
O009919,2026-06-24,C0126,P004,1,680.0,South,680.0
O009920,2025-06-03,C0147,P002,1,235.0,East,235.0
O009921,2025-01-23,C0280,P013,2,797.0,West,1594.0
O009922,2025-04-01,C0024,P004,3,680.0,South,2040.0
O009923,2026-01-25,C0440,P018,3,1129.0,North,3387.0
O009924,2025-12-25,C0209,P016,3,420.0,North,1260.0
O009925,2025-08-16,C0120,P010,4,1132.0,East,4528.0
O009926,2025-07-21,C0274,P002,2,235.0,West,470.0
O009927,2025-12-16,C0140,P014,2,1059.0,West,2118.0
O009928,2025-02-07,C0297,P002,4,235.0,West,940.0
O009929,2026-05-15,C0343,P018,2,1129.0,North,2258.0
O009930,2025-02-12,C0432,P001,1,31.0,West,31.0
O009931,2026-06-01,C0082,P013,3,797.0,East,2391.0
O009932,2025-03-09,C0448,P006,2,393.0,West,786.0
O009933,2025-05-03,C0400,P017,2,1000.0,West,2000.0
O009934,2025-12-02,C0208,P017,3,1000.0,East,3000.0
O009935,2025-06-02,C0484,P011,4,508.0,East,2032.0
O009936,2025-06-11,C0407,P006,3,393.0,South,1179.0
O009937,2025-08-02,C0470,P020,4,410.0,West,1640.0
O009938,2026-01-11,C0423,P003,4,358.0,North,1432.0
O009939,2026-03-19,C0033,P014,1,1059.0,North,1059.0
O009940,2026-02-27,C0024,P006,3,393.0,South,1179.0
O009941,2026-06-22,C0061,P017,2,1000.0,South,2000.0
O009942,2025-08-18,C0311,P003,4,358.0,South,1432.0
O009943,2025-02-28,C0189,P017,1,1000.0,East,1000.0
O009944,2025-04-06,C0084,P019,3,269.0,North,807.0
O009945,2025-09-19,C0225,P018,4,1129.0,South,4516.0
O009946,2025-12-20,C0479,P005,1,1124.0,West,1124.0
O009947,2025-11-08,C0168,P015,2,730.0,North,1460.0
O009948,2025-05-16,C0186,P003,4,358.0,East,1432.0
O009949,2026-04-18,C0375,P008,4,729.0,North,2916.0
O009950,2026-03-06,C0072,P007,2,995.0,North,1990.0
O009951,2026-06-21,C0074,P018,2,1129.0,West,2258.0
O009952,2025-05-26,C0385,P010,2,1132.0,West,2264.0
O009953,2026-06-08,C0341,P010,4,1132.0,South,4528.0
O009954,2025-03-28,C0153,P019,1,269.0,North,269.0
O009955,2025-04-19,C0096,P001,1,31.0,South,31.0
O009956,2026-02-27,C0053,P002,2,235.0,West,470.0
O009957,2025-12-11,C0445,P001,1,31.0,West,31.0
O009958,2025-09-23,C0174,P009,2,485.0,North,970.0
O009959,2026-05-09,C0110,P015,2,730.0,North,1460.0
O009960,2025-11-29,C0458,P018,3,1129.0,South,3387.0
O009961,2026-02-17,C0316,P018,1,1129.0,East,1129.0
O009962,2025-07-10,C0051,P007,4,995.0,West,3980.0
O009963,2025-05-22,C0377,P014,3,1059.0,West,3177.0
O009964,2025-03-14,C0253,P018,2,1129.0,West,2258.0
O009965,2025-06-16,C0496,P020,3,410.0,South,1230.0
O009966,2025-06-17,C0073,P019,2,269.0,North,538.0
O009967,2025-09-16,C0212,P005,2,1124.0,East,2248.0
O009968,2026-03-15,C0432,P009,2,485.0,West,970.0
O009969,2025-04-21,C0212,P018,1,1129.0,East,1129.0
O009970,2026-06-15,C0251,P013,2,797.0,South,1594.0
O009971,2025-10-17,C0168,P005,2,1124.0,North,2248.0
O009972,2026-05-25,C0263,P020,1,410.0,North,410.0
O009973,2025-06-24,C0331,P015,1,730.0,South,730.0
O009974,2025-10-29,C0469,P019,2,269.0,North,538.0
O009975,2025-07-04,C0230,P020,1,410.0,East,410.0
O009976,2025-12-05,C0239,P011,4,508.0,East,2032.0
O009977,2026-05-25,C0275,P009,4,485.0,East,1940.0
O009978,2025-11-06,C0494,P016,2,420.0,North,840.0
O009979,2026-05-22,C0143,P011,3,508.0,South,1524.0
O009980,2025-12-12,C0070,P002,1,235.0,West,235.0
O009981,2025-03-22,C0445,P008,3,729.0,West,2187.0
O009982,2026-01-09,C0312,P005,4,1124.0,North,4496.0
O009983,2025-06-05,C0394,P011,2,508.0,West,1016.0
O009984,2026-03-08,C0174,P011,4,508.0,North,2032.0
O009985,2026-05-15,C0336,P009,1,485.0,North,485.0
O009986,2025-05-27,C0109,P011,1,508.0,North,508.0
O009987,2026-04-26,C0203,P005,2,1124.0,North,2248.0
O009988,2026-03-11,C0185,P009,1,485.0,South,485.0
O009989,2026-06-03,C0291,P001,1,31.0,North,31.0
O009990,2025-03-10,C0328,P010,1,1132.0,East,1132.0
O009991,2025-07-05,C0092,P008,3,729.0,West,2187.0
O009992,2025-07-23,C0259,P019,2,269.0,East,538.0
O009993,2025-01-13,C0322,P016,2,420.0,West,840.0
O009994,2025-10-01,C0437,P013,2,797.0,North,1594.0
O009995,2025-10-25,C0206,P005,1,1124.0,North,1124.0
O009996,2025-02-20,C0052,P018,1,1129.0,West,1129.0
O009997,2026-05-15,C0349,P009,1,485.0,South,485.0
O009998,2026-01-04,C0181,P004,2,680.0,South,1360.0
O009999,2025-12-23,C0438,P014,3,1059.0,West,3177.0
O010000,2025-01-03,C0303,P007,4,995.0,East,3980.0
O010001,2025-09-11,C0003,P012,2,66.0,West,132.0
O010002,2026-04-20,C0449,P007,2,995.0,South,1990.0
O010003,2026-05-21,C0399,P011,3,508.0,West,1524.0
O010004,2025-09-13,C0084,P015,4,730.0,North,2920.0
O010005,2025-05-30,C0214,P007,4,995.0,North,3980.0
O010006,2026-05-03,C0034,P020,1,410.0,West,410.0
O010007,2025-10-06,C0050,P017,4,1000.0,North,4000.0
O010008,2025-02-28,C0289,P005,1,1124.0,South,1124.0
O010009,2026-03-22,C0329,P008,2,729.0,South,1458.0
O010010,2025-04-23,C0259,P010,3,1132.0,East,3396.0
O010011,2026-05-04,C0258,P006,2,393.0,East,786.0
O010012,2026-02-11,C0388,P002,4,235.0,North,940.0
O010013,2026-01-02,C0272,P005,2,1124.0,West,2248.0
O010014,2025-03-01,C0182,P010,3,1132.0,North,3396.0
O010015,2025-11-25,C0033,P003,3,358.0,North,1074.0
O010016,2026-04-14,C0265,P013,1,797.0,West,797.0
O010017,2025-03-04,C0313,P016,2,420.0,North,840.0
O010018,2025-07-03,C0040,P015,3,730.0,South,2190.0
O010019,2025-11-07,C0486,P002,3,235.0,West,705.0
O010020,2026-06-22,C0308,P003,3,358.0,South,1074.0
O010021,2025-06-26,C0210,P020,3,410.0,North,1230.0
O010022,2026-03-05,C0272,P018,4,1129.0,West,4516.0
O010023,2025-03-14,C0136,P020,2,410.0,South,820.0
O010024,2025-06-16,C0087,P020,2,410.0,West,820.0
O010025,2025-08-13,C0060,P015,2,730.0,South,1460.0
O010026,2025-01-09,C0164,P005,4,1124.0,East,4496.0
O010027,2025-08-24,C0003,P011,4,508.0,West,2032.0
O010028,2025-01-28,C0015,P003,3,358.0,North,1074.0
O010029,2025-01-27,C0102,P009,4,485.0,East,1940.0
O010030,2025-07-15,C0255,P007,1,995.0,North,995.0
O010031,2025-07-22,C0225,P002,4,235.0,South,940.0
O010032,2025-03-26,C0210,P015,3,730.0,North,2190.0
O010033,2025-01-30,C0023,P012,2,66.0,South,132.0
O010034,2026-04-11,C0235,P016,4,420.0,North,1680.0
O010035,2025-04-09,C0131,P016,2,420.0,South,840.0
O010036,2025-07-09,C0158,P016,2,420.0,West,840.0
O010037,2025-01-12,C0173,P019,1,269.0,East,269.0
O010038,2025-01-30,C0017,P003,1,358.0,South,358.0
O010039,2025-02-07,C0370,P020,4,410.0,North,1640.0
O010040,2025-10-21,C0442,P004,2,680.0,West,1360.0
O010041,2025-12-26,C0314,P001,3,31.0,West,93.0
O010042,2025-06-29,C0480,P008,2,729.0,East,1458.0
O010043,2025-04-22,C0366,P015,2,730.0,South,1460.0
O010044,2026-03-20,C0185,P005,1,1124.0,South,1124.0
O010045,2025-01-21,C0391,P020,1,410.0,West,410.0
O010046,2025-05-25,C0423,P012,1,66.0,North,66.0
O010047,2026-05-14,C0334,P020,1,410.0,North,410.0
O010048,2025-05-26,C0442,P020,4,410.0,West,1640.0
O010049,2026-03-17,C0184,P004,4,680.0,West,2720.0
O010050,2026-02-25,C0143,P015,2,730.0,South,1460.0
O010051,2025-11-12,C0044,P006,4,393.0,West,1572.0
O010052,2025-06-15,C0012,P005,3,1124.0,West,3372.0
O010053,2025-07-22,C0008,P011,2,508.0,West,1016.0
O010054,2026-05-11,C0080,P014,2,1059.0,North,2118.0
O010055,2026-04-13,C0297,P011,3,508.0,West,1524.0
O010056,2026-01-20,C0162,P009,2,485.0,East,970.0
O010057,2025-11-10,C0302,P010,3,1132.0,East,3396.0
O010058,2025-09-12,C0216,P006,1,393.0,North,393.0
O010059,2025-01-23,C0248,P011,1,508.0,West,508.0
O010060,2025-12-05,C0029,P009,1,485.0,East,485.0
O010061,2026-05-08,C0272,P005,3,1124.0,West,3372.0
O010062,2026-05-26,C0133,P010,4,1132.0,North,4528.0
O010063,2026-01-01,C0005,P020,4,410.0,North,1640.0
O010064,2026-01-07,C0244,P014,2,1059.0,South,2118.0
O010065,2025-08-07,C0030,P006,1,393.0,North,393.0
O010066,2026-04-20,C0117,P004,1,680.0,West,680.0
O010067,2026-02-27,C0178,P010,2,1132.0,South,2264.0
O010068,2025-12-22,C0498,P011,1,508.0,North,508.0
O010069,2026-04-05,C0261,P016,1,420.0,East,420.0
O010070,2026-05-18,C0235,P007,3,995.0,North,2985.0
O010071,2025-01-27,C0141,P018,2,1129.0,West,2258.0
O010072,2025-08-11,C0483,P007,3,995.0,South,2985.0
O010073,2025-05-28,C0305,P015,1,730.0,West,730.0
O010074,2026-02-28,C0345,P019,1,269.0,South,269.0
O010075,2025-12-17,C0050,P018,2,1129.0,North,2258.0
O010076,2025-07-05,C0270,P015,1,730.0,South,730.0
O010077,2026-02-19,C0108,P018,4,1129.0,West,4516.0
O010078,2026-03-05,C0046,P003,3,358.0,East,1074.0
O010079,2025-02-10,C0474,P001,3,31.0,West,93.0
O010080,2026-01-28,C0082,P001,4,31.0,East,124.0
O010081,2025-03-20,C0126,P007,2,995.0,South,1990.0
O010082,2026-06-28,C0084,P010,2,1132.0,North,2264.0
O010083,2026-03-26,C0290,P012,1,66.0,East,66.0
O010084,2026-04-19,C0071,P008,2,729.0,West,1458.0
O010085,2025-05-22,C0175,P017,4,1000.0,East,4000.0
O010086,2025-09-08,C0316,P014,2,1059.0,East,2118.0
O010087,2025-10-21,C0330,P017,1,1000.0,North,1000.0
O010088,2025-05-16,C0463,P006,4,393.0,West,1572.0
O010089,2026-04-29,C0337,P020,1,410.0,West,410.0
O010090,2025-11-08,C0395,P017,3,1000.0,South,3000.0
O010091,2025-02-15,C0354,P020,3,410.0,North,1230.0
O010092,2025-08-24,C0091,P008,2,729.0,North,1458.0
O010093,2025-02-17,C0469,P013,4,797.0,North,3188.0
O010094,2025-07-17,C0351,P016,4,420.0,East,1680.0
O010095,2025-03-25,C0434,P012,4,66.0,North,264.0
O010096,2026-06-27,C0249,P017,1,1000.0,West,1000.0
O010097,2025-06-10,C0132,P018,4,1129.0,North,4516.0
O010098,2026-03-04,C0169,P008,2,729.0,North,1458.0
O010099,2025-03-12,C0443,P018,3,1129.0,South,3387.0
O010100,2026-06-04,C0060,P011,2,508.0,South,1016.0
O010101,2025-02-21,C0369,P013,3,797.0,North,2391.0
O010102,2025-02-14,C0337,P012,3,66.0,West,198.0
O010103,2025-10-20,C0241,P015,2,730.0,West,1460.0
O010104,2026-04-10,C0190,P003,3,358.0,North,1074.0
O010105,2026-01-15,C0496,P003,3,358.0,South,1074.0
O010106,2026-04-23,C0340,P006,1,393.0,North,393.0
O010107,2025-09-19,C0281,P003,2,358.0,West,716.0
O010108,2025-06-28,C0232,P009,2,485.0,East,970.0
O010109,2025-12-23,C0471,P011,2,508.0,North,1016.0
O010110,2026-02-23,C0463,P008,3,729.0,West,2187.0
O010111,2025-07-20,C0289,P004,4,680.0,South,2720.0
O010112,2025-01-13,C0275,P020,4,410.0,East,1640.0
O010113,2026-03-19,C0313,P015,3,730.0,North,2190.0
O010114,2025-10-13,C0015,P005,4,1124.0,North,4496.0
O010115,2025-09-15,C0041,P007,4,995.0,North,3980.0
O010116,2026-05-05,C0453,P008,3,729.0,South,2187.0
O010117,2026-05-13,C0208,P007,2,995.0,East,1990.0
O010118,2025-11-29,C0060,P008,1,729.0,South,729.0
O010119,2025-02-01,C0365,P004,2,680.0,West,1360.0
O010120,2025-02-12,C0240,P001,2,31.0,North,62.0
O010121,2025-12-17,C0096,P005,2,1124.0,South,2248.0
O010122,2025-11-30,C0278,P011,1,508.0,East,508.0
O010123,2025-09-27,C0427,P004,2,680.0,South,1360.0
O010124,2026-02-17,C0160,P002,4,235.0,West,940.0
O010125,2025-01-19,C0397,P017,1,1000.0,West,1000.0
O010126,2025-12-13,C0422,P012,4,66.0,West,264.0
O010127,2025-02-06,C0282,P002,1,235.0,South,235.0
O010128,2025-04-02,C0500,P009,4,485.0,West,1940.0
O010129,2025-07-04,C0209,P006,2,393.0,North,786.0
O010130,2025-01-28,C0133,P006,2,393.0,North,786.0
O010131,2026-01-07,C0381,P018,2,1129.0,North,2258.0
O010132,2026-06-14,C0433,P003,4,358.0,East,1432.0
O010133,2025-12-11,C0097,P015,4,730.0,East,2920.0
O010134,2026-02-23,C0219,P007,3,995.0,East,2985.0
O010135,2025-07-15,C0389,P013,4,797.0,West,3188.0
O010136,2025-03-19,C0485,P010,1,1132.0,East,1132.0
O010137,2025-06-16,C0071,P004,2,680.0,West,1360.0
O010138,2025-03-31,C0432,P016,1,420.0,West,420.0
O010139,2025-09-21,C0274,P009,3,485.0,West,1455.0
O010140,2026-04-17,C0351,P010,3,1132.0,East,3396.0
O010141,2025-07-27,C0134,P019,4,269.0,South,1076.0
O010142,2025-09-28,C0066,P017,2,1000.0,East,2000.0
O010143,2025-09-20,C0127,P001,1,31.0,West,31.0
O010144,2026-05-21,C0205,P013,3,797.0,East,2391.0
O010145,2026-05-27,C0298,P004,3,680.0,North,2040.0
O010146,2026-06-08,C0117,P015,1,730.0,West,730.0
O010147,2025-11-08,C0436,P010,3,1132.0,West,3396.0
O010148,2025-06-23,C0267,P020,1,410.0,East,410.0
O010149,2026-03-07,C0282,P009,2,485.0,South,970.0
O010150,2026-04-08,C0149,P008,4,729.0,North,2916.0
O010151,2025-04-11,C0194,P020,1,410.0,East,410.0
O010152,2025-01-16,C0168,P006,2,393.0,North,786.0
O010153,2025-09-15,C0312,P010,1,1132.0,North,1132.0
O010154,2025-09-01,C0374,P020,3,410.0,East,1230.0
O010155,2025-12-14,C0179,P017,2,1000.0,West,2000.0
O010156,2025-09-06,C0148,P005,1,1124.0,East,1124.0
O010157,2025-04-15,C0465,P014,2,1059.0,West,2118.0
O010158,2025-10-14,C0464,P017,1,1000.0,East,1000.0
O010159,2025-06-18,C0057,P011,1,508.0,North,508.0
O010160,2026-02-24,C0490,P004,2,680.0,West,1360.0
O010161,2025-02-16,C0005,P017,2,1000.0,North,2000.0
O010162,2025-02-12,C0014,P002,2,235.0,North,470.0
O010163,2025-11-17,C0280,P001,3,31.0,West,93.0
O010164,2025-08-09,C0499,P018,4,1129.0,West,4516.0
O010165,2026-05-28,C0324,P007,1,995.0,South,995.0
O010166,2026-03-17,C0436,P006,1,393.0,West,393.0
O010167,2025-05-24,C0304,P006,2,393.0,East,786.0
O010168,2025-01-28,C0216,P014,1,1059.0,North,1059.0
O010169,2025-06-16,C0175,P012,4,66.0,East,264.0
O010170,2025-09-06,C0316,P014,4,1059.0,East,4236.0
O010171,2025-12-23,C0457,P014,1,1059.0,North,1059.0
O010172,2025-04-21,C0003,P012,1,66.0,West,66.0
O010173,2025-08-22,C0375,P009,2,485.0,North,970.0
O010174,2025-01-24,C0137,P009,4,485.0,East,1940.0
O010175,2025-01-26,C0466,P002,1,235.0,South,235.0
O010176,2026-01-16,C0100,P018,4,1129.0,North,4516.0
O010177,2025-12-12,C0083,P005,1,1124.0,South,1124.0
O010178,2026-01-13,C0280,P012,3,66.0,West,198.0
O010179,2026-06-06,C0132,P014,4,1059.0,North,4236.0
O010180,2025-01-17,C0393,P013,3,797.0,South,2391.0
O010181,2025-09-02,C0481,P003,2,358.0,East,716.0
O010182,2026-06-23,C0001,P015,4,730.0,South,2920.0
O010183,2025-07-21,C0116,P015,1,730.0,West,730.0
O010184,2025-09-05,C0499,P003,1,358.0,West,358.0
O010185,2025-04-28,C0419,P020,3,410.0,East,1230.0
O010186,2025-01-09,C0202,P019,4,269.0,North,1076.0
O010187,2025-01-23,C0140,P015,4,730.0,West,2920.0
O010188,2025-08-28,C0146,P019,4,269.0,North,1076.0
O010189,2025-01-27,C0462,P008,2,729.0,East,1458.0
O010190,2025-03-22,C0266,P013,4,797.0,West,3188.0
O010191,2025-07-18,C0202,P010,2,1132.0,North,2264.0
O010192,2025-04-02,C0402,P002,1,235.0,West,235.0
O010193,2025-03-25,C0152,P011,3,508.0,North,1524.0
O010194,2025-10-27,C0385,P019,3,269.0,West,807.0
O010195,2025-10-23,C0222,P009,4,485.0,East,1940.0
O010196,2026-03-30,C0079,P009,3,485.0,South,1455.0
O010197,2025-10-08,C0200,P006,4,393.0,West,1572.0
O010198,2025-02-28,C0250,P010,1,1132.0,West,1132.0
O010199,2025-12-08,C0099,P008,1,729.0,North,729.0
O010200,2026-04-10,C0466,P015,1,730.0,South,730.0
O010201,2025-12-08,C0489,P006,3,393.0,West,1179.0
O010202,2025-03-03,C0400,P007,4,995.0,West,3980.0
O010203,2026-03-05,C0213,P020,2,410.0,East,820.0
O010204,2025-09-13,C0143,P017,1,1000.0,South,1000.0
O010205,2025-12-13,C0190,P004,1,680.0,North,680.0
O010206,2026-06-10,C0389,P008,2,729.0,West,1458.0
O010207,2025-10-31,C0301,P013,2,797.0,North,1594.0
O010208,2025-09-02,C0374,P014,3,1059.0,East,3177.0
O010209,2026-02-16,C0052,P018,1,1129.0,West,1129.0
O010210,2025-08-05,C0455,P017,3,1000.0,North,3000.0
O010211,2026-05-31,C0112,P018,1,1129.0,North,1129.0
O010212,2026-04-19,C0135,P014,3,1059.0,West,3177.0
O010213,2025-02-05,C0411,P011,3,508.0,South,1524.0
O010214,2025-06-27,C0473,P010,2,1132.0,North,2264.0
O010215,2026-01-22,C0470,P013,4,797.0,West,3188.0
O010216,2025-01-17,C0112,P020,4,410.0,North,1640.0
O010217,2025-02-17,C0013,P016,4,420.0,West,1680.0
O010218,2025-03-03,C0273,P014,1,1059.0,West,1059.0
O010219,2025-03-10,C0233,P003,2,358.0,East,716.0
O010220,2026-01-01,C0044,P018,2,1129.0,West,2258.0
O010221,2025-06-11,C0397,P006,2,393.0,West,786.0
O010222,2026-05-03,C0474,P020,1,410.0,West,410.0
O010223,2026-03-07,C0073,P003,3,358.0,North,1074.0
O010224,2026-05-04,C0261,P019,3,269.0,East,807.0
O010225,2025-08-18,C0231,P003,4,358.0,West,1432.0
O010226,2026-01-05,C0033,P012,4,66.0,North,264.0
O010227,2025-06-27,C0388,P008,1,729.0,North,729.0
O010228,2026-02-14,C0476,P005,1,1124.0,West,1124.0
O010229,2025-09-27,C0410,P017,4,1000.0,North,4000.0
O010230,2025-07-25,C0068,P010,3,1132.0,West,3396.0
O010231,2025-03-23,C0016,P017,3,1000.0,North,3000.0
O010232,2025-07-12,C0485,P009,2,485.0,East,970.0
O010233,2025-07-08,C0150,P013,4,797.0,South,3188.0
O010234,2025-10-03,C0292,P010,4,1132.0,North,4528.0
O010235,2025-03-15,C0102,P008,3,729.0,East,2187.0
O010236,2025-01-10,C0186,P007,2,995.0,East,1990.0
O010237,2025-08-04,C0439,P002,4,235.0,West,940.0
O010238,2025-10-17,C0419,P002,3,235.0,East,705.0
O010239,2026-03-21,C0025,P004,3,680.0,South,2040.0
O010240,2025-07-12,C0072,P009,3,485.0,North,1455.0
O010241,2025-10-16,C0081,P014,2,1059.0,West,2118.0
O010242,2025-05-24,C0061,P011,2,508.0,South,1016.0
O010243,2026-01-24,C0018,P007,3,995.0,East,2985.0
O010244,2026-02-11,C0242,P019,2,269.0,West,538.0
O010245,2026-01-05,C0058,P004,2,680.0,North,1360.0
O010246,2026-03-17,C0332,P002,1,235.0,West,235.0
O010247,2026-06-13,C0377,P019,2,269.0,West,538.0
O010248,2025-01-13,C0057,P018,1,1129.0,North,1129.0
O010249,2025-12-06,C0097,P007,4,995.0,East,3980.0
O010250,2025-11-08,C0215,P011,4,508.0,West,2032.0
O010251,2025-04-14,C0319,P010,2,1132.0,North,2264.0
O010252,2025-12-05,C0012,P011,3,508.0,West,1524.0
O010253,2025-07-17,C0011,P009,4,485.0,North,1940.0
O010254,2025-10-27,C0397,P003,2,358.0,West,716.0
O010255,2026-03-20,C0163,P005,4,1124.0,East,4496.0
O010256,2025-12-25,C0283,P001,3,31.0,South,93.0
O010257,2026-01-03,C0217,P001,2,31.0,South,62.0
O010258,2025-06-18,C0360,P020,3,410.0,East,1230.0
O010259,2025-05-29,C0323,P005,4,1124.0,East,4496.0
O010260,2025-02-11,C0241,P019,1,269.0,West,269.0
O010261,2025-07-21,C0345,P006,3,393.0,South,1179.0
O010262,2025-09-01,C0045,P003,2,358.0,South,716.0
O010263,2026-04-09,C0458,P013,2,797.0,South,1594.0
O010264,2026-03-25,C0081,P017,3,1000.0,West,3000.0
O010265,2026-03-13,C0255,P003,1,358.0,North,358.0
O010266,2026-06-15,C0067,P003,4,358.0,North,1432.0
O010267,2025-09-30,C0493,P013,4,797.0,South,3188.0
O010268,2026-03-06,C0406,P002,2,235.0,West,470.0
O010269,2025-08-01,C0102,P003,4,358.0,East,1432.0
O010270,2025-04-14,C0462,P020,4,410.0,East,1640.0
O010271,2025-07-11,C0091,P016,2,420.0,North,840.0
O010272,2026-01-15,C0042,P012,2,66.0,South,132.0
O010273,2025-03-22,C0276,P009,3,485.0,East,1455.0
O010274,2026-01-12,C0304,P016,3,420.0,East,1260.0
O010275,2025-06-03,C0274,P004,4,680.0,West,2720.0
O010276,2025-08-28,C0384,P020,4,410.0,West,1640.0
O010277,2026-01-09,C0077,P018,4,1129.0,West,4516.0
O010278,2025-07-23,C0234,P001,1,31.0,South,31.0
O010279,2025-12-16,C0454,P007,3,995.0,West,2985.0
O010280,2025-05-23,C0202,P020,2,410.0,North,820.0
O010281,2025-07-08,C0485,P012,4,66.0,East,264.0
O010282,2025-09-29,C0221,P008,3,729.0,East,2187.0
O010283,2026-06-16,C0262,P008,1,729.0,West,729.0
O010284,2025-10-27,C0039,P009,1,485.0,East,485.0
O010285,2026-03-02,C0011,P014,4,1059.0,North,4236.0
O010286,2025-02-15,C0112,P020,2,410.0,North,820.0
O010287,2025-04-05,C0409,P005,3,1124.0,West,3372.0
O010288,2025-03-05,C0108,P020,2,410.0,West,820.0
O010289,2026-02-17,C0492,P002,4,235.0,East,940.0
O010290,2025-01-09,C0094,P010,4,1132.0,East,4528.0
O010291,2026-04-04,C0311,P009,1,485.0,South,485.0
O010292,2026-02-13,C0084,P007,1,995.0,North,995.0
O010293,2026-04-15,C0058,P018,3,1129.0,North,3387.0
O010294,2026-05-21,C0293,P012,4,66.0,West,264.0
O010295,2025-03-14,C0016,P011,4,508.0,North,2032.0
O010296,2025-03-25,C0479,P010,3,1132.0,West,3396.0
O010297,2025-02-28,C0477,P013,2,797.0,North,1594.0
O010298,2025-01-21,C0326,P009,1,485.0,West,485.0
O010299,2026-04-03,C0093,P016,4,420.0,West,1680.0
O010300,2025-06-06,C0480,P017,4,1000.0,East,4000.0
O010301,2025-11-25,C0457,P005,2,1124.0,North,2248.0
O010302,2025-07-22,C0165,P006,2,393.0,North,786.0
O010303,2025-04-16,C0437,P010,2,1132.0,North,2264.0
O010304,2025-05-02,C0215,P011,1,508.0,West,508.0
O010305,2025-11-14,C0144,P002,3,235.0,South,705.0
O010306,2025-07-01,C0274,P007,4,995.0,West,3980.0
O010307,2025-11-12,C0403,P014,1,1059.0,East,1059.0
O010308,2026-02-10,C0428,P004,2,680.0,West,1360.0
O010309,2025-03-11,C0386,P005,4,1124.0,West,4496.0
O010310,2025-06-09,C0442,P019,4,269.0,West,1076.0
O010311,2025-08-28,C0138,P020,1,410.0,West,410.0
O010312,2026-06-07,C0204,P010,2,1132.0,West,2264.0
O010313,2025-05-18,C0302,P006,2,393.0,East,786.0
O010314,2026-05-10,C0210,P002,3,235.0,North,705.0
O010315,2025-09-04,C0019,P003,2,358.0,South,716.0
O010316,2026-06-27,C0294,P015,1,730.0,South,730.0
O010317,2026-06-08,C0293,P010,3,1132.0,West,3396.0
O010318,2025-08-31,C0475,P017,3,1000.0,East,3000.0
O010319,2025-12-02,C0368,P007,3,995.0,West,2985.0
O010320,2026-02-26,C0462,P002,3,235.0,East,705.0
O010321,2025-07-13,C0301,P007,3,995.0,North,2985.0
O010322,2025-11-04,C0373,P015,1,730.0,North,730.0
O010323,2026-05-21,C0162,P003,4,358.0,East,1432.0
O010324,2025-10-08,C0130,P005,2,1124.0,East,2248.0
O010325,2026-03-15,C0044,P008,4,729.0,West,2916.0
O010326,2026-04-28,C0353,P004,4,680.0,East,2720.0
O010327,2025-08-11,C0083,P018,2,1129.0,South,2258.0
O010328,2025-04-27,C0380,P019,2,269.0,South,538.0
O010329,2025-07-11,C0124,P008,4,729.0,North,2916.0
O010330,2026-05-31,C0027,P006,2,393.0,North,786.0
O010331,2026-06-14,C0304,P005,3,1124.0,East,3372.0
O010332,2025-11-03,C0350,P005,2,1124.0,East,2248.0
O010333,2026-06-16,C0007,P017,2,1000.0,North,2000.0
O010334,2025-05-02,C0411,P006,3,393.0,South,1179.0
O010335,2025-06-03,C0341,P013,3,797.0,South,2391.0
O010336,2026-06-21,C0199,P009,3,485.0,West,1455.0
O010337,2026-03-28,C0112,P012,2,66.0,North,132.0
O010338,2025-06-18,C0089,P010,3,1132.0,West,3396.0
O010339,2025-02-28,C0128,P001,3,31.0,West,93.0
O010340,2025-10-28,C0230,P011,1,508.0,East,508.0
O010341,2025-04-27,C0018,P006,1,393.0,East,393.0
O010342,2025-05-07,C0289,P003,2,358.0,South,716.0
O010343,2026-02-09,C0161,P006,3,393.0,South,1179.0
O010344,2026-02-03,C0352,P009,2,485.0,West,970.0
O010345,2026-05-30,C0378,P008,1,729.0,North,729.0
O010346,2026-05-13,C0281,P015,1,730.0,West,730.0
O010347,2026-06-12,C0398,P006,3,393.0,South,1179.0
O010348,2026-02-02,C0422,P011,2,508.0,West,1016.0
O010349,2025-09-22,C0166,P010,1,1132.0,West,1132.0
O010350,2025-09-20,C0260,P011,4,508.0,North,2032.0
O010351,2026-02-02,C0364,P004,3,680.0,East,2040.0
O010352,2026-06-11,C0190,P013,2,797.0,North,1594.0
O010353,2026-03-12,C0338,P008,4,729.0,West,2916.0
O010354,2025-12-26,C0266,P020,3,410.0,West,1230.0
O010355,2025-05-09,C0291,P015,3,730.0,North,2190.0
O010356,2025-08-29,C0355,P007,1,995.0,North,995.0
O010357,2025-08-10,C0360,P001,2,31.0,East,62.0
O010358,2025-08-02,C0279,P009,1,485.0,West,485.0
O010359,2025-05-15,C0217,P008,4,729.0,South,2916.0
O010360,2026-01-21,C0321,P002,4,235.0,East,940.0
O010361,2025-10-30,C0338,P014,4,1059.0,West,4236.0
O010362,2025-10-14,C0207,P012,4,66.0,North,264.0
O010363,2025-07-08,C0153,P017,4,1000.0,North,4000.0
O010364,2025-10-24,C0480,P019,2,269.0,East,538.0
O010365,2026-06-10,C0181,P006,2,393.0,South,786.0
O010366,2026-01-24,C0212,P005,3,1124.0,East,3372.0
O010367,2026-04-04,C0273,P006,3,393.0,West,1179.0
O010368,2025-09-18,C0441,P003,2,358.0,North,716.0
O010369,2025-04-23,C0203,P016,3,420.0,North,1260.0
O010370,2025-02-05,C0205,P018,1,1129.0,East,1129.0
O010371,2025-03-20,C0473,P014,2,1059.0,North,2118.0
O010372,2025-10-02,C0404,P015,1,730.0,West,730.0
O010373,2025-10-05,C0384,P004,4,680.0,West,2720.0
O010374,2025-11-08,C0153,P011,4,508.0,North,2032.0
O010375,2026-06-13,C0170,P005,3,1124.0,East,3372.0
O010376,2025-07-23,C0429,P009,2,485.0,South,970.0
O010377,2025-01-17,C0241,P005,4,1124.0,West,4496.0
O010378,2026-04-21,C0287,P007,3,995.0,South,2985.0
O010379,2026-05-26,C0245,P018,1,1129.0,North,1129.0
O010380,2025-07-29,C0321,P018,2,1129.0,East,2258.0
O010381,2026-05-14,C0436,P020,3,410.0,West,1230.0
O010382,2026-02-06,C0080,P002,4,235.0,North,940.0
O010383,2026-03-05,C0496,P013,1,797.0,South,797.0
O010384,2025-03-19,C0092,P013,1,797.0,West,797.0
O010385,2025-03-21,C0149,P017,3,1000.0,North,3000.0
O010386,2025-11-02,C0030,P017,2,1000.0,North,2000.0
O010387,2025-02-27,C0123,P006,3,393.0,South,1179.0
O010388,2026-06-14,C0387,P014,4,1059.0,South,4236.0
O010389,2025-07-27,C0482,P014,2,1059.0,East,2118.0
O010390,2026-05-26,C0326,P012,4,66.0,West,264.0
O010391,2025-05-15,C0427,P005,1,1124.0,South,1124.0
O010392,2026-06-06,C0029,P005,1,1124.0,East,1124.0
O010393,2025-03-24,C0259,P004,4,680.0,East,2720.0
O010394,2025-02-13,C0186,P013,4,797.0,East,3188.0
O010395,2026-04-28,C0417,P004,1,680.0,South,680.0
O010396,2026-05-08,C0075,P018,3,1129.0,West,3387.0
O010397,2026-05-14,C0045,P016,3,420.0,South,1260.0
O010398,2025-01-18,C0069,P018,3,1129.0,North,3387.0
O010399,2025-10-21,C0498,P002,4,235.0,North,940.0
O010400,2025-05-28,C0416,P004,4,680.0,South,2720.0
O010401,2026-04-17,C0367,P020,1,410.0,West,410.0
O010402,2025-06-21,C0210,P017,2,1000.0,North,2000.0
O010403,2026-06-15,C0239,P020,3,410.0,East,1230.0
O010404,2025-04-30,C0340,P006,3,393.0,North,1179.0
O010405,2025-03-07,C0308,P018,3,1129.0,South,3387.0
O010406,2025-05-21,C0192,P020,1,410.0,West,410.0
O010407,2026-03-22,C0372,P007,2,995.0,North,1990.0
O010408,2026-05-21,C0103,P013,2,797.0,South,1594.0
O010409,2025-07-08,C0241,P009,2,485.0,West,970.0
O010410,2025-06-07,C0253,P002,3,235.0,West,705.0
O010411,2025-09-03,C0424,P008,4,729.0,South,2916.0
O010412,2025-02-02,C0220,P014,3,1059.0,West,3177.0
O010413,2025-12-27,C0397,P018,2,1129.0,West,2258.0
O010414,2025-11-26,C0474,P001,1,31.0,West,31.0
O010415,2026-05-27,C0336,P009,2,485.0,North,970.0
O010416,2025-03-12,C0217,P009,3,485.0,South,1455.0
O010417,2025-11-09,C0202,P002,4,235.0,North,940.0
O010418,2025-03-20,C0029,P016,2,420.0,East,840.0
O010419,2025-06-18,C0494,P004,4,680.0,North,2720.0
O010420,2025-06-29,C0447,P013,2,797.0,West,1594.0
O010421,2025-09-17,C0486,P017,4,1000.0,West,4000.0
O010422,2026-05-01,C0212,P011,4,508.0,East,2032.0
O010423,2025-01-05,C0154,P002,2,235.0,South,470.0
O010424,2025-10-24,C0480,P004,1,680.0,East,680.0
O010425,2025-12-26,C0231,P012,3,66.0,West,198.0
O010426,2025-04-27,C0102,P002,3,235.0,East,705.0
O010427,2025-12-23,C0315,P001,2,31.0,West,62.0
O010428,2026-03-15,C0177,P006,4,393.0,East,1572.0
O010429,2025-11-27,C0181,P016,3,420.0,South,1260.0
O010430,2026-06-09,C0472,P002,2,235.0,West,470.0
O010431,2025-07-07,C0415,P014,1,1059.0,East,1059.0
O010432,2025-10-08,C0232,P020,2,410.0,East,820.0
O010433,2026-05-26,C0012,P012,1,66.0,West,66.0
O010434,2026-04-11,C0186,P019,4,269.0,East,1076.0
O010435,2025-04-25,C0249,P003,4,358.0,West,1432.0
O010436,2025-08-24,C0420,P019,2,269.0,West,538.0
O010437,2025-12-04,C0266,P011,4,508.0,West,2032.0
O010438,2026-06-06,C0390,P004,2,680.0,West,1360.0
O010439,2025-07-18,C0135,P017,2,1000.0,West,2000.0
O010440,2025-02-19,C0245,P017,1,1000.0,North,1000.0
O010441,2025-05-22,C0031,P007,3,995.0,East,2985.0
O010442,2026-06-12,C0347,P005,3,1124.0,East,3372.0
O010443,2026-05-29,C0456,P019,4,269.0,South,1076.0
O010444,2025-01-30,C0259,P019,3,269.0,East,807.0
O010445,2025-03-23,C0104,P009,4,485.0,East,1940.0
O010446,2025-01-31,C0431,P017,3,1000.0,North,3000.0
O010447,2025-11-29,C0382,P009,1,485.0,East,485.0
O010448,2025-06-26,C0469,P014,3,1059.0,North,3177.0
O010449,2026-01-05,C0001,P005,4,1124.0,South,4496.0
O010450,2026-06-19,C0429,P002,4,235.0,South,940.0
O010451,2025-04-16,C0438,P015,3,730.0,West,2190.0
O010452,2025-04-07,C0434,P016,2,420.0,North,840.0
O010453,2025-08-18,C0207,P019,1,269.0,North,269.0
O010454,2025-08-15,C0135,P001,2,31.0,West,62.0
O010455,2026-01-06,C0447,P012,3,66.0,West,198.0
O010456,2025-04-10,C0271,P019,2,269.0,West,538.0
O010457,2026-03-21,C0089,P020,3,410.0,West,1230.0
O010458,2026-04-13,C0195,P015,4,730.0,South,2920.0
O010459,2025-02-24,C0414,P005,2,1124.0,East,2248.0
O010460,2025-07-14,C0122,P001,1,31.0,West,31.0
O010461,2026-06-04,C0462,P011,2,508.0,East,1016.0
O010462,2026-02-28,C0116,P009,4,485.0,West,1940.0
O010463,2025-11-11,C0196,P007,4,995.0,South,3980.0
O010464,2025-05-08,C0036,P002,4,235.0,West,940.0
O010465,2025-02-01,C0067,P017,2,1000.0,North,2000.0
O010466,2025-04-03,C0133,P016,4,420.0,North,1680.0
O010467,2026-06-03,C0281,P016,4,420.0,West,1680.0
O010468,2025-09-15,C0479,P014,2,1059.0,West,2118.0
O010469,2025-08-08,C0011,P002,2,235.0,North,470.0
O010470,2025-04-16,C0456,P019,3,269.0,South,807.0
O010471,2026-02-20,C0218,P003,2,358.0,West,716.0
O010472,2025-11-05,C0322,P008,4,729.0,West,2916.0
O010473,2026-01-01,C0156,P019,1,269.0,North,269.0
O010474,2026-06-05,C0240,P016,4,420.0,North,1680.0
O010475,2026-04-04,C0060,P004,4,680.0,South,2720.0
O010476,2026-01-05,C0138,P008,4,729.0,West,2916.0
O010477,2025-11-27,C0050,P001,2,31.0,North,62.0
O010478,2025-01-11,C0167,P004,1,680.0,South,680.0
O010479,2026-05-22,C0165,P007,4,995.0,North,3980.0
O010480,2026-02-23,C0319,P001,2,31.0,North,62.0
O010481,2025-05-02,C0189,P018,3,1129.0,East,3387.0
O010482,2025-08-23,C0487,P004,1,680.0,North,680.0
O010483,2025-11-27,C0469,P020,1,410.0,North,410.0
O010484,2026-06-27,C0092,P014,2,1059.0,West,2118.0
O010485,2025-12-14,C0294,P008,3,729.0,South,2187.0
O010486,2026-02-16,C0376,P018,4,1129.0,South,4516.0
O010487,2025-08-12,C0289,P007,3,995.0,South,2985.0
O010488,2025-06-02,C0075,P003,1,358.0,West,358.0
O010489,2025-07-31,C0045,P014,2,1059.0,South,2118.0
O010490,2025-04-02,C0428,P012,3,66.0,West,198.0
O010491,2025-11-27,C0385,P015,4,730.0,West,2920.0
O010492,2026-04-12,C0053,P008,3,729.0,West,2187.0
O010493,2025-08-16,C0175,P005,3,1124.0,East,3372.0
O010494,2025-07-13,C0161,P017,2,1000.0,South,2000.0
O010495,2026-06-14,C0067,P010,2,1132.0,North,2264.0
O010496,2025-08-31,C0474,P011,1,508.0,West,508.0
O010497,2026-01-24,C0399,P016,2,420.0,West,840.0
O010498,2025-10-03,C0361,P016,3,420.0,South,1260.0
O010499,2026-03-26,C0270,P004,4,680.0,South,2720.0
O010500,2026-04-23,C0407,P005,1,1124.0,South,1124.0
O010501,2026-04-25,C0124,P010,2,1132.0,North,2264.0
O010502,2025-10-15,C0182,P014,3,1059.0,North,3177.0
O010503,2026-06-24,C0376,P009,3,485.0,South,1455.0
O010504,2025-11-26,C0392,P018,1,1129.0,South,1129.0
O010505,2026-04-15,C0182,P020,1,410.0,North,410.0
O010506,2026-06-18,C0036,P006,2,393.0,West,786.0
O010507,2026-04-12,C0212,P011,2,508.0,East,1016.0
O010508,2026-02-24,C0384,P017,4,1000.0,West,4000.0
O010509,2025-05-02,C0436,P009,1,485.0,West,485.0
O010510,2025-11-04,C0134,P003,1,358.0,South,358.0
O010511,2025-11-30,C0353,P016,3,420.0,East,1260.0
O010512,2026-02-24,C0412,P020,4,410.0,West,1640.0
O010513,2025-11-22,C0178,P004,2,680.0,South,1360.0
O010514,2025-09-07,C0166,P015,4,730.0,West,2920.0
O010515,2025-04-05,C0414,P002,4,235.0,East,940.0
O010516,2025-10-23,C0494,P020,3,410.0,North,1230.0
O010517,2025-07-03,C0491,P017,1,1000.0,South,1000.0
O010518,2025-09-17,C0337,P019,1,269.0,West,269.0
O010519,2025-07-05,C0329,P020,1,410.0,South,410.0
O010520,2026-02-13,C0476,P016,2,420.0,West,840.0
O010521,2025-03-10,C0438,P019,1,269.0,West,269.0
O010522,2025-01-08,C0327,P017,4,1000.0,East,4000.0
O010523,2025-09-22,C0046,P004,4,680.0,East,2720.0
O010524,2026-04-29,C0156,P018,1,1129.0,North,1129.0
O010525,2026-01-06,C0401,P004,4,680.0,North,2720.0
O010526,2025-03-24,C0488,P003,2,358.0,South,716.0
O010527,2025-07-30,C0432,P018,1,1129.0,West,1129.0
O010528,2025-11-09,C0428,P020,2,410.0,West,820.0
O010529,2025-12-03,C0236,P005,1,1124.0,West,1124.0
O010530,2026-05-05,C0316,P009,2,485.0,East,970.0
O010531,2026-02-07,C0060,P015,2,730.0,South,1460.0
O010532,2025-07-10,C0005,P009,2,485.0,North,970.0
O010533,2025-12-01,C0453,P014,4,1059.0,South,4236.0
O010534,2026-06-06,C0462,P002,2,235.0,East,470.0
O010535,2025-03-28,C0454,P018,3,1129.0,West,3387.0
O010536,2025-03-03,C0391,P013,2,797.0,West,1594.0
O010537,2026-01-22,C0181,P016,2,420.0,South,840.0
O010538,2025-05-26,C0145,P006,2,393.0,South,786.0
O010539,2025-06-02,C0315,P016,2,420.0,West,840.0
O010540,2025-12-15,C0265,P004,1,680.0,West,680.0
O010541,2025-06-27,C0223,P010,4,1132.0,North,4528.0
O010542,2026-05-02,C0406,P019,4,269.0,West,1076.0
O010543,2025-09-04,C0301,P011,4,508.0,North,2032.0
O010544,2025-09-11,C0457,P005,1,1124.0,North,1124.0
O010545,2026-05-15,C0443,P018,2,1129.0,South,2258.0
O010546,2026-06-25,C0336,P003,2,358.0,North,716.0
O010547,2025-12-18,C0484,P008,4,729.0,East,2916.0
O010548,2026-05-27,C0482,P011,3,508.0,East,1524.0
O010549,2025-01-13,C0237,P019,2,269.0,South,538.0
O010550,2025-05-31,C0013,P003,2,358.0,West,716.0
O010551,2025-02-19,C0339,P012,2,66.0,South,132.0
O010552,2025-08-03,C0268,P015,1,730.0,West,730.0
O010553,2026-01-07,C0420,P016,2,420.0,West,840.0
O010554,2025-04-23,C0266,P005,4,1124.0,West,4496.0
O010555,2025-09-09,C0016,P019,2,269.0,North,538.0
O010556,2025-12-07,C0092,P006,4,393.0,West,1572.0
O010557,2025-02-22,C0248,P012,3,66.0,West,198.0
O010558,2025-05-10,C0019,P019,1,269.0,South,269.0
O010559,2025-07-12,C0360,P009,3,485.0,East,1455.0
O010560,2025-02-26,C0390,P018,2,1129.0,West,2258.0
O010561,2025-04-07,C0388,P003,3,358.0,North,1074.0
O010562,2025-07-17,C0414,P014,2,1059.0,East,2118.0
O010563,2025-05-27,C0103,P005,4,1124.0,South,4496.0
O010564,2025-10-22,C0095,P005,2,1124.0,West,2248.0
O010565,2025-01-12,C0430,P004,1,680.0,North,680.0
O010566,2025-11-29,C0283,P016,3,420.0,South,1260.0
O010567,2025-08-08,C0429,P013,2,797.0,South,1594.0
O010568,2026-02-02,C0213,P008,4,729.0,East,2916.0
O010569,2025-12-08,C0037,P016,3,420.0,South,1260.0
O010570,2026-05-27,C0393,P002,1,235.0,South,235.0
O010571,2025-06-21,C0061,P008,2,729.0,South,1458.0
O010572,2026-04-13,C0291,P003,1,358.0,North,358.0
O010573,2025-06-15,C0362,P009,4,485.0,East,1940.0
O010574,2025-06-19,C0303,P011,3,508.0,East,1524.0
O010575,2026-05-27,C0244,P020,3,410.0,South,1230.0
O010576,2025-07-08,C0405,P001,3,31.0,South,93.0
O010577,2025-04-30,C0401,P001,4,31.0,North,124.0
O010578,2025-04-15,C0311,P008,2,729.0,South,1458.0
O010579,2025-02-10,C0344,P016,2,420.0,South,840.0
O010580,2025-11-17,C0351,P010,2,1132.0,East,2264.0
O010581,2025-12-01,C0006,P002,1,235.0,North,235.0
O010582,2025-06-09,C0377,P016,4,420.0,West,1680.0
O010583,2025-09-21,C0419,P004,3,680.0,East,2040.0
O010584,2026-06-14,C0306,P019,4,269.0,West,1076.0
O010585,2026-04-22,C0165,P009,4,485.0,North,1940.0
O010586,2025-12-18,C0013,P003,4,358.0,West,1432.0
O010587,2026-06-29,C0025,P011,3,508.0,South,1524.0
O010588,2025-07-29,C0224,P008,3,729.0,South,2187.0
O010589,2026-05-11,C0123,P007,1,995.0,South,995.0
O010590,2026-01-17,C0129,P001,4,31.0,North,124.0
O010591,2026-04-26,C0305,P008,2,729.0,West,1458.0
O010592,2025-01-05,C0122,P017,1,1000.0,West,1000.0
O010593,2025-02-03,C0035,P011,3,508.0,West,1524.0
O010594,2025-05-25,C0083,P007,3,995.0,South,2985.0
O010595,2025-12-17,C0309,P009,1,485.0,West,485.0
O010596,2026-04-10,C0436,P014,2,1059.0,West,2118.0
O010597,2025-12-14,C0182,P005,4,1124.0,North,4496.0
O010598,2025-05-05,C0076,P018,4,1129.0,West,4516.0
O010599,2025-09-28,C0104,P013,2,797.0,East,1594.0
O010600,2025-12-23,C0232,P005,4,1124.0,East,4496.0
O010601,2026-06-11,C0303,P008,3,729.0,East,2187.0
O010602,2026-05-13,C0043,P015,1,730.0,North,730.0
O010603,2025-06-02,C0404,P004,2,680.0,West,1360.0
O010604,2025-02-22,C0417,P001,1,31.0,South,31.0
O010605,2025-05-29,C0093,P006,4,393.0,West,1572.0
O010606,2026-05-18,C0144,P019,4,269.0,South,1076.0
O010607,2026-03-26,C0254,P012,3,66.0,South,198.0
O010608,2025-08-07,C0078,P007,3,995.0,North,2985.0
O010609,2025-10-04,C0263,P013,4,797.0,North,3188.0
O010610,2026-03-28,C0070,P007,4,995.0,West,3980.0
O010611,2026-03-04,C0149,P009,3,485.0,North,1455.0
O010612,2025-03-24,C0292,P001,3,31.0,North,93.0
O010613,2025-08-06,C0214,P013,2,797.0,North,1594.0
O010614,2026-06-11,C0360,P019,3,269.0,East,807.0
O010615,2026-02-08,C0310,P001,2,31.0,South,62.0
O010616,2025-10-17,C0147,P020,2,410.0,East,820.0
O010617,2026-02-24,C0025,P019,1,269.0,South,269.0
O010618,2025-12-05,C0323,P018,3,1129.0,East,3387.0
O010619,2026-02-23,C0484,P005,2,1124.0,East,2248.0
O010620,2025-07-26,C0109,P003,1,358.0,North,358.0
O010621,2025-09-22,C0181,P002,1,235.0,South,235.0
O010622,2025-02-05,C0251,P010,3,1132.0,South,3396.0
O010623,2026-01-08,C0482,P006,3,393.0,East,1179.0
O010624,2026-05-03,C0203,P019,1,269.0,North,269.0
O010625,2025-09-16,C0304,P017,2,1000.0,East,2000.0
O010626,2026-06-15,C0170,P019,3,269.0,East,807.0
O010627,2025-01-23,C0175,P013,1,797.0,East,797.0
O010628,2025-04-14,C0347,P017,1,1000.0,East,1000.0
O010629,2025-08-29,C0170,P018,2,1129.0,East,2258.0
O010630,2025-09-10,C0002,P011,4,508.0,West,2032.0
O010631,2025-05-22,C0134,P020,2,410.0,South,820.0
O010632,2026-03-27,C0127,P020,1,410.0,West,410.0
O010633,2025-11-03,C0046,P013,2,797.0,East,1594.0
O010634,2026-05-15,C0194,P011,3,508.0,East,1524.0
O010635,2025-01-08,C0362,P020,1,410.0,East,410.0
O010636,2025-03-10,C0209,P019,2,269.0,North,538.0
O010637,2025-03-09,C0296,P010,2,1132.0,East,2264.0
O010638,2026-02-12,C0058,P003,2,358.0,North,716.0
O010639,2026-06-02,C0496,P006,2,393.0,South,786.0
O010640,2025-04-29,C0078,P007,1,995.0,North,995.0
O010641,2025-01-31,C0202,P020,2,410.0,North,820.0
O010642,2026-06-02,C0493,P005,3,1124.0,South,3372.0
O010643,2026-04-28,C0289,P009,4,485.0,South,1940.0
O010644,2025-07-26,C0490,P010,4,1132.0,West,4528.0
O010645,2026-01-22,C0062,P014,4,1059.0,South,4236.0
O010646,2026-02-16,C0268,P011,3,508.0,West,1524.0
O010647,2026-01-05,C0126,P017,4,1000.0,South,4000.0
O010648,2025-12-19,C0480,P011,1,508.0,East,508.0
O010649,2025-12-02,C0049,P007,1,995.0,East,995.0
O010650,2025-10-16,C0088,P011,3,508.0,East,1524.0
O010651,2025-05-20,C0334,P013,3,797.0,North,2391.0
O010652,2025-10-27,C0261,P019,1,269.0,East,269.0
O010653,2025-01-13,C0179,P006,3,393.0,West,1179.0
O010654,2026-03-04,C0069,P002,3,235.0,North,705.0
O010655,2026-02-04,C0367,P014,1,1059.0,West,1059.0
O010656,2025-04-19,C0416,P016,1,420.0,South,420.0
O010657,2026-04-30,C0493,P007,2,995.0,South,1990.0
O010658,2025-12-22,C0433,P001,2,31.0,East,62.0
O010659,2025-05-29,C0481,P002,4,235.0,East,940.0
O010660,2025-11-03,C0060,P009,3,485.0,South,1455.0
O010661,2026-06-17,C0302,P018,1,1129.0,East,1129.0
O010662,2025-03-01,C0452,P020,4,410.0,East,1640.0
O010663,2026-03-11,C0249,P018,2,1129.0,West,2258.0
O010664,2025-01-21,C0478,P018,3,1129.0,East,3387.0
O010665,2026-01-17,C0169,P010,4,1132.0,North,4528.0
O010666,2025-09-02,C0465,P008,3,729.0,West,2187.0
O010667,2025-03-14,C0451,P008,4,729.0,West,2916.0
O010668,2026-03-25,C0269,P002,3,235.0,South,705.0
O010669,2025-03-17,C0364,P018,3,1129.0,East,3387.0
O010670,2026-01-25,C0112,P011,1,508.0,North,508.0
O010671,2025-12-08,C0100,P011,3,508.0,North,1524.0
O010672,2025-10-17,C0402,P019,2,269.0,West,538.0
O010673,2025-11-27,C0215,P011,1,508.0,West,508.0
O010674,2025-09-16,C0483,P010,3,1132.0,South,3396.0
O010675,2026-03-02,C0113,P008,2,729.0,West,1458.0
O010676,2025-01-06,C0097,P015,2,730.0,East,1460.0
O010677,2025-01-06,C0307,P008,4,729.0,East,2916.0
O010678,2025-07-10,C0118,P019,1,269.0,North,269.0
O010679,2025-05-28,C0036,P001,1,31.0,West,31.0
O010680,2026-02-09,C0337,P020,4,410.0,West,1640.0
O010681,2025-09-15,C0359,P003,4,358.0,West,1432.0
O010682,2026-04-24,C0290,P012,4,66.0,East,264.0
O010683,2025-03-31,C0396,P016,1,420.0,West,420.0
O010684,2025-01-10,C0389,P016,2,420.0,West,840.0
O010685,2025-03-28,C0304,P017,2,1000.0,East,2000.0
O010686,2025-05-31,C0360,P016,3,420.0,East,1260.0
O010687,2025-01-30,C0347,P009,1,485.0,East,485.0
O010688,2025-05-08,C0124,P019,1,269.0,North,269.0
O010689,2025-03-19,C0040,P001,4,31.0,South,124.0
O010690,2026-02-25,C0141,P018,1,1129.0,West,1129.0
O010691,2025-02-24,C0026,P006,1,393.0,West,393.0
O010692,2026-04-25,C0142,P006,2,393.0,South,786.0
O010693,2025-11-01,C0352,P012,1,66.0,West,66.0
O010694,2026-06-30,C0395,P003,2,358.0,South,716.0
O010695,2025-04-15,C0422,P011,2,508.0,West,1016.0
O010696,2025-06-21,C0336,P006,1,393.0,North,393.0
O010697,2026-05-14,C0057,P014,2,1059.0,North,2118.0
O010698,2025-01-22,C0150,P018,4,1129.0,South,4516.0
O010699,2025-10-14,C0367,P016,2,420.0,West,840.0
O010700,2026-01-26,C0400,P013,1,797.0,West,797.0
O010701,2025-05-29,C0205,P001,4,31.0,East,124.0
O010702,2025-09-29,C0076,P006,4,393.0,West,1572.0
O010703,2025-10-26,C0466,P014,1,1059.0,South,1059.0
O010704,2025-06-21,C0285,P017,3,1000.0,East,3000.0
O010705,2025-02-16,C0210,P013,2,797.0,North,1594.0
O010706,2025-07-26,C0494,P013,2,797.0,North,1594.0
O010707,2026-03-29,C0386,P009,3,485.0,West,1455.0
O010708,2026-01-30,C0438,P006,4,393.0,West,1572.0
O010709,2025-10-28,C0258,P006,3,393.0,East,1179.0
O010710,2025-06-25,C0259,P005,1,1124.0,East,1124.0
O010711,2025-04-20,C0477,P014,3,1059.0,North,3177.0
O010712,2025-07-21,C0184,P014,4,1059.0,West,4236.0
O010713,2025-06-17,C0328,P004,1,680.0,East,680.0
O010714,2025-03-27,C0011,P002,1,235.0,North,235.0
O010715,2025-02-20,C0460,P002,1,235.0,North,235.0
O010716,2025-04-22,C0160,P017,2,1000.0,West,2000.0
O010717,2026-04-08,C0260,P010,2,1132.0,North,2264.0
O010718,2026-03-18,C0393,P014,1,1059.0,South,1059.0
O010719,2025-09-28,C0088,P019,3,269.0,East,807.0
O010720,2025-12-10,C0369,P017,2,1000.0,North,2000.0
O010721,2025-07-02,C0184,P011,4,508.0,West,2032.0
O010722,2026-05-18,C0016,P007,2,995.0,North,1990.0
O010723,2025-01-10,C0465,P009,3,485.0,West,1455.0
O010724,2026-05-09,C0495,P014,2,1059.0,South,2118.0
O010725,2025-08-22,C0244,P004,3,680.0,South,2040.0
O010726,2025-10-25,C0086,P014,3,1059.0,South,3177.0
O010727,2025-09-01,C0199,P020,2,410.0,West,820.0
O010728,2026-05-24,C0010,P020,3,410.0,West,1230.0
O010729,2025-12-17,C0477,P017,3,1000.0,North,3000.0
O010730,2025-09-24,C0164,P019,4,269.0,East,1076.0
O010731,2025-07-20,C0024,P017,1,1000.0,South,1000.0
O010732,2025-08-27,C0064,P014,1,1059.0,South,1059.0
O010733,2025-11-30,C0312,P013,2,797.0,North,1594.0
O010734,2026-02-19,C0238,P014,3,1059.0,North,3177.0
O010735,2026-04-29,C0462,P016,2,420.0,East,840.0
O010736,2026-03-13,C0462,P015,2,730.0,East,1460.0
O010737,2025-09-03,C0345,P019,1,269.0,South,269.0
O010738,2025-01-08,C0238,P011,3,508.0,North,1524.0
O010739,2025-06-01,C0022,P012,2,66.0,North,132.0
O010740,2026-01-27,C0180,P011,2,508.0,North,1016.0
O010741,2025-07-30,C0306,P005,1,1124.0,West,1124.0
O010742,2026-01-02,C0047,P008,1,729.0,South,729.0
O010743,2025-03-27,C0279,P006,1,393.0,West,393.0
O010744,2025-02-24,C0224,P016,2,420.0,South,840.0
O010745,2026-03-22,C0218,P012,3,66.0,West,198.0
O010746,2025-10-31,C0499,P006,1,393.0,West,393.0
O010747,2025-05-12,C0475,P013,1,797.0,East,797.0
O010748,2026-02-25,C0237,P007,3,995.0,South,2985.0
O010749,2026-01-20,C0204,P008,2,729.0,West,1458.0
O010750,2025-07-17,C0339,P012,2,66.0,South,132.0
O010751,2025-02-16,C0019,P002,3,235.0,South,705.0
O010752,2025-07-22,C0180,P009,1,485.0,North,485.0
O010753,2025-09-18,C0162,P013,4,797.0,East,3188.0
O010754,2025-01-24,C0480,P017,3,1000.0,East,3000.0
O010755,2025-12-06,C0285,P013,4,797.0,East,3188.0
O010756,2026-02-16,C0061,P016,2,420.0,South,840.0
O010757,2025-09-18,C0085,P001,2,31.0,South,62.0
O010758,2025-10-13,C0035,P007,4,995.0,West,3980.0
O010759,2026-05-28,C0490,P013,1,797.0,West,797.0
O010760,2025-03-27,C0005,P014,4,1059.0,North,4236.0
O010761,2026-03-06,C0076,P017,1,1000.0,West,1000.0
O010762,2025-01-31,C0253,P016,3,420.0,West,1260.0
O010763,2026-03-16,C0007,P015,2,730.0,North,1460.0
O010764,2025-12-15,C0169,P017,2,1000.0,North,2000.0
O010765,2026-02-16,C0130,P002,4,235.0,East,940.0
O010766,2026-06-12,C0473,P012,3,66.0,North,198.0
O010767,2025-11-06,C0138,P003,4,358.0,West,1432.0
O010768,2026-01-31,C0358,P009,4,485.0,East,1940.0
O010769,2025-12-04,C0300,P006,4,393.0,North,1572.0
O010770,2026-03-13,C0326,P006,1,393.0,West,393.0
O010771,2025-12-31,C0091,P007,2,995.0,North,1990.0
O010772,2025-04-23,C0163,P008,2,729.0,East,1458.0
O010773,2025-06-25,C0318,P003,4,358.0,North,1432.0
O010774,2025-05-29,C0458,P015,1,730.0,South,730.0
O010775,2025-06-27,C0253,P006,2,393.0,West,786.0
O010776,2026-01-17,C0201,P011,1,508.0,East,508.0
O010777,2025-08-11,C0020,P003,3,358.0,South,1074.0
O010778,2025-09-16,C0229,P016,1,420.0,West,420.0
O010779,2025-07-08,C0163,P006,1,393.0,East,393.0
O010780,2025-11-02,C0165,P011,3,508.0,North,1524.0
O010781,2026-01-13,C0232,P008,2,729.0,East,1458.0
O010782,2025-12-09,C0328,P010,2,1132.0,East,2264.0
O010783,2025-06-05,C0238,P010,1,1132.0,North,1132.0
O010784,2025-02-24,C0120,P003,1,358.0,East,358.0
O010785,2026-03-18,C0438,P014,3,1059.0,West,3177.0
O010786,2025-07-19,C0351,P019,3,269.0,East,807.0
O010787,2026-02-07,C0383,P009,2,485.0,East,970.0
O010788,2025-06-26,C0369,P013,2,797.0,North,1594.0
O010789,2026-03-25,C0107,P009,3,485.0,South,1455.0
O010790,2026-06-25,C0250,P012,1,66.0,West,66.0
O010791,2025-10-28,C0336,P014,3,1059.0,North,3177.0
O010792,2025-11-03,C0284,P005,2,1124.0,North,2248.0
O010793,2025-09-24,C0198,P006,1,393.0,West,393.0
O010794,2025-08-02,C0416,P013,4,797.0,South,3188.0
O010795,2026-04-28,C0220,P013,4,797.0,West,3188.0
O010796,2025-09-19,C0395,P006,3,393.0,South,1179.0
O010797,2025-03-08,C0426,P014,2,1059.0,East,2118.0
O010798,2025-05-13,C0151,P011,1,508.0,West,508.0
O010799,2026-06-24,C0286,P013,4,797.0,North,3188.0
O010800,2026-05-27,C0265,P012,1,66.0,West,66.0
O010801,2025-07-30,C0220,P016,1,420.0,West,420.0
O010802,2025-09-10,C0216,P006,1,393.0,North,393.0
O010803,2025-02-07,C0315,P009,1,485.0,West,485.0
O010804,2025-02-12,C0156,P017,3,1000.0,North,3000.0
O010805,2026-02-09,C0216,P020,1,410.0,North,410.0
O010806,2025-02-15,C0335,P016,4,420.0,North,1680.0
O010807,2026-03-30,C0359,P012,4,66.0,West,264.0
O010808,2025-11-01,C0114,P018,3,1129.0,West,3387.0
O010809,2025-08-21,C0161,P009,4,485.0,South,1940.0
O010810,2025-09-02,C0303,P003,1,358.0,East,358.0
O010811,2025-10-22,C0098,P010,4,1132.0,South,4528.0
O010812,2026-01-18,C0406,P011,2,508.0,West,1016.0
O010813,2025-06-07,C0157,P002,1,235.0,East,235.0
O010814,2026-02-09,C0162,P008,3,729.0,East,2187.0
O010815,2025-01-01,C0042,P020,2,410.0,South,820.0
O010816,2025-08-05,C0180,P011,4,508.0,North,2032.0
O010817,2026-05-22,C0303,P018,2,1129.0,East,2258.0
O010818,2025-01-30,C0330,P020,4,410.0,North,1640.0
O010819,2026-06-04,C0051,P007,4,995.0,West,3980.0
O010820,2025-10-02,C0252,P014,4,1059.0,South,4236.0
O010821,2026-05-07,C0429,P007,3,995.0,South,2985.0
O010822,2025-02-05,C0350,P001,2,31.0,East,62.0
O010823,2025-11-07,C0120,P012,3,66.0,East,198.0
O010824,2025-02-13,C0075,P001,4,31.0,West,124.0
O010825,2025-06-04,C0162,P003,1,358.0,East,358.0
O010826,2025-03-18,C0149,P002,1,235.0,North,235.0
O010827,2026-03-14,C0123,P003,3,358.0,South,1074.0
O010828,2026-03-08,C0141,P004,1,680.0,West,680.0
O010829,2026-06-26,C0182,P014,2,1059.0,North,2118.0
O010830,2025-02-08,C0409,P018,1,1129.0,West,1129.0
O010831,2025-08-27,C0378,P005,1,1124.0,North,1124.0
O010832,2025-01-13,C0277,P015,4,730.0,West,2920.0
O010833,2025-05-02,C0257,P016,2,420.0,West,840.0
O010834,2025-05-24,C0442,P008,2,729.0,West,1458.0
O010835,2026-03-31,C0325,P008,1,729.0,West,729.0
O010836,2026-01-03,C0245,P007,4,995.0,North,3980.0
O010837,2025-09-04,C0086,P006,1,393.0,South,393.0
O010838,2025-02-14,C0071,P007,1,995.0,West,995.0
O010839,2026-01-10,C0269,P019,3,269.0,South,807.0
O010840,2025-10-18,C0493,P001,4,31.0,South,124.0
O010841,2025-07-26,C0180,P013,3,797.0,North,2391.0
O010842,2026-06-03,C0279,P007,1,995.0,West,995.0
O010843,2025-08-30,C0149,P001,1,31.0,North,31.0
O010844,2025-04-24,C0006,P010,4,1132.0,North,4528.0
O010845,2025-10-29,C0148,P013,2,797.0,East,1594.0
O010846,2025-10-03,C0332,P004,1,680.0,West,680.0
O010847,2025-04-06,C0168,P007,1,995.0,North,995.0
O010848,2025-10-21,C0009,P006,3,393.0,East,1179.0
O010849,2025-12-26,C0178,P006,3,393.0,South,1179.0
O010850,2025-10-15,C0284,P011,4,508.0,North,2032.0
O010851,2025-06-03,C0395,P009,3,485.0,South,1455.0
O010852,2026-02-27,C0116,P007,2,995.0,West,1990.0
O010853,2025-02-19,C0096,P009,1,485.0,South,485.0
O010854,2025-07-26,C0331,P006,3,393.0,South,1179.0
O010855,2025-08-01,C0344,P019,2,269.0,South,538.0
O010856,2025-03-07,C0056,P014,1,1059.0,West,1059.0
O010857,2025-08-20,C0207,P001,1,31.0,North,31.0
O010858,2025-11-16,C0105,P016,2,420.0,West,840.0
O010859,2025-05-17,C0035,P009,1,485.0,West,485.0
O010860,2025-03-06,C0209,P015,2,730.0,North,1460.0
O010861,2026-05-29,C0281,P019,2,269.0,West,538.0
O010862,2025-05-12,C0369,P010,3,1132.0,North,3396.0
O010863,2025-11-30,C0355,P016,4,420.0,North,1680.0
O010864,2025-02-01,C0147,P003,2,358.0,East,716.0
O010865,2026-05-13,C0489,P019,3,269.0,West,807.0
O010866,2025-08-31,C0287,P013,1,797.0,South,797.0
O010867,2025-07-11,C0081,P014,3,1059.0,West,3177.0
O010868,2025-05-22,C0050,P007,2,995.0,North,1990.0
O010869,2025-07-10,C0087,P002,3,235.0,West,705.0
O010870,2025-05-29,C0191,P014,4,1059.0,North,4236.0
O010871,2026-02-20,C0303,P017,1,1000.0,East,1000.0
O010872,2026-06-04,C0001,P013,3,797.0,South,2391.0
O010873,2025-01-16,C0381,P002,1,235.0,North,235.0
O010874,2025-04-16,C0442,P005,2,1124.0,West,2248.0
O010875,2025-10-10,C0138,P004,4,680.0,West,2720.0
O010876,2025-04-14,C0136,P003,4,358.0,South,1432.0
O010877,2025-12-27,C0362,P014,3,1059.0,East,3177.0
O010878,2025-02-04,C0381,P011,1,508.0,North,508.0
O010879,2025-04-23,C0154,P008,1,729.0,South,729.0
O010880,2025-11-04,C0162,P009,3,485.0,East,1455.0
O010881,2025-02-22,C0019,P016,3,420.0,South,1260.0
O010882,2025-03-22,C0462,P003,3,358.0,East,1074.0
O010883,2026-01-04,C0328,P010,3,1132.0,East,3396.0
O010884,2025-08-30,C0243,P001,4,31.0,West,124.0
O010885,2025-01-31,C0129,P009,3,485.0,North,1455.0
O010886,2025-12-27,C0176,P016,1,420.0,North,420.0
O010887,2025-08-21,C0409,P009,2,485.0,West,970.0
O010888,2025-02-03,C0280,P012,1,66.0,West,66.0
O010889,2025-08-31,C0431,P001,3,31.0,North,93.0
O010890,2025-02-28,C0084,P016,4,420.0,North,1680.0
O010891,2026-06-13,C0376,P008,3,729.0,South,2187.0
O010892,2025-03-19,C0222,P014,2,1059.0,East,2118.0
O010893,2025-10-29,C0325,P014,3,1059.0,West,3177.0
O010894,2025-04-22,C0451,P010,2,1132.0,West,2264.0
O010895,2026-02-17,C0416,P001,3,31.0,South,93.0
O010896,2025-11-13,C0145,P006,4,393.0,South,1572.0
O010897,2025-05-25,C0445,P009,1,485.0,West,485.0
O010898,2025-01-18,C0106,P019,2,269.0,North,538.0
O010899,2025-12-17,C0325,P016,1,420.0,West,420.0
O010900,2025-06-04,C0011,P019,3,269.0,North,807.0
O010901,2026-05-21,C0166,P011,1,508.0,West,508.0
O010902,2025-12-26,C0196,P011,4,508.0,South,2032.0
O010903,2025-11-28,C0231,P014,4,1059.0,West,4236.0
O010904,2026-06-12,C0147,P007,1,995.0,East,995.0
O010905,2025-01-12,C0359,P012,1,66.0,West,66.0
O010906,2025-03-16,C0238,P020,4,410.0,North,1640.0
O010907,2025-07-31,C0497,P020,2,410.0,East,820.0
O010908,2025-10-10,C0471,P005,2,1124.0,North,2248.0
O010909,2025-07-14,C0401,P001,4,31.0,North,124.0
O010910,2025-01-30,C0013,P011,4,508.0,West,2032.0
O010911,2025-01-09,C0219,P015,2,730.0,East,1460.0
O010912,2025-11-05,C0257,P010,1,1132.0,West,1132.0
O010913,2026-03-21,C0002,P015,1,730.0,West,730.0
O010914,2025-11-06,C0210,P013,3,797.0,North,2391.0
O010915,2026-03-02,C0484,P015,2,730.0,East,1460.0
O010916,2025-04-01,C0365,P002,4,235.0,West,940.0
O010917,2026-04-01,C0225,P013,3,797.0,South,2391.0
O010918,2026-03-20,C0484,P012,1,66.0,East,66.0
O010919,2025-03-20,C0194,P004,2,680.0,East,1360.0
O010920,2026-04-20,C0196,P012,3,66.0,South,198.0
O010921,2025-04-13,C0400,P015,1,730.0,West,730.0
O010922,2026-04-01,C0260,P013,4,797.0,North,3188.0
O010923,2025-11-10,C0057,P002,1,235.0,North,235.0
O010924,2025-09-04,C0457,P020,1,410.0,North,410.0
O010925,2025-08-22,C0113,P016,2,420.0,West,840.0
O010926,2025-08-23,C0213,P014,4,1059.0,East,4236.0
O010927,2026-01-22,C0279,P002,2,235.0,West,470.0
O010928,2025-02-07,C0244,P017,4,1000.0,South,4000.0
O010929,2025-06-10,C0380,P016,3,420.0,South,1260.0
O010930,2026-04-07,C0117,P004,1,680.0,West,680.0
O010931,2026-03-25,C0386,P011,2,508.0,West,1016.0
O010932,2025-04-27,C0451,P013,4,797.0,West,3188.0
O010933,2025-08-29,C0087,P006,2,393.0,West,786.0
O010934,2025-01-26,C0410,P017,1,1000.0,North,1000.0
O010935,2025-10-25,C0381,P001,1,31.0,North,31.0
O010936,2025-06-03,C0367,P009,3,485.0,West,1455.0
O010937,2026-04-13,C0263,P018,4,1129.0,North,4516.0
O010938,2025-02-18,C0484,P011,4,508.0,East,2032.0
O010939,2025-02-15,C0300,P014,3,1059.0,North,3177.0
O010940,2025-10-12,C0417,P002,3,235.0,South,705.0
O010941,2025-03-23,C0113,P020,4,410.0,West,1640.0
O010942,2025-02-13,C0448,P011,4,508.0,West,2032.0
O010943,2025-09-30,C0164,P002,2,235.0,East,470.0
O010944,2026-01-29,C0004,P004,4,680.0,East,2720.0
O010945,2025-02-27,C0118,P013,2,797.0,North,1594.0
O010946,2025-01-01,C0023,P006,2,393.0,South,786.0
O010947,2025-08-04,C0409,P007,2,995.0,West,1990.0
O010948,2025-11-13,C0233,P020,2,410.0,East,820.0
O010949,2025-08-16,C0090,P003,1,358.0,South,358.0
O010950,2026-04-18,C0476,P004,3,680.0,West,2040.0
O010951,2026-04-29,C0255,P020,3,410.0,North,1230.0
O010952,2025-10-14,C0092,P003,4,358.0,West,1432.0
O010953,2026-05-26,C0469,P001,3,31.0,North,93.0
O010954,2026-04-03,C0458,P019,3,269.0,South,807.0
O010955,2025-04-05,C0155,P013,1,797.0,West,797.0
O010956,2026-05-08,C0307,P014,2,1059.0,East,2118.0
O010957,2025-05-30,C0115,P016,2,420.0,East,840.0
O010958,2025-01-23,C0207,P004,2,680.0,North,1360.0
O010959,2025-08-03,C0081,P017,3,1000.0,West,3000.0
O010960,2026-02-03,C0103,P010,3,1132.0,South,3396.0
O010961,2026-02-14,C0483,P007,4,995.0,South,3980.0
O010962,2025-05-11,C0453,P013,1,797.0,South,797.0
O010963,2025-05-28,C0080,P013,1,797.0,North,797.0
O010964,2026-01-16,C0407,P014,4,1059.0,South,4236.0
O010965,2025-04-19,C0103,P006,4,393.0,South,1572.0
O010966,2025-05-01,C0240,P016,4,420.0,North,1680.0
O010967,2025-10-22,C0265,P009,2,485.0,West,970.0
O010968,2025-04-30,C0033,P020,2,410.0,North,820.0
O010969,2026-04-01,C0035,P016,2,420.0,West,840.0
O010970,2026-06-14,C0249,P012,2,66.0,West,132.0
O010971,2025-06-18,C0488,P016,4,420.0,South,1680.0
O010972,2025-05-23,C0050,P005,4,1124.0,North,4496.0
O010973,2025-02-06,C0280,P011,4,508.0,West,2032.0
O010974,2025-09-18,C0472,P001,2,31.0,West,62.0
O010975,2025-08-19,C0242,P010,2,1132.0,West,2264.0
O010976,2025-09-11,C0152,P011,3,508.0,North,1524.0
O010977,2025-11-25,C0147,P015,4,730.0,East,2920.0
O010978,2025-10-24,C0039,P003,1,358.0,East,358.0
O010979,2025-01-10,C0189,P015,1,730.0,East,730.0
O010980,2026-03-22,C0025,P011,3,508.0,South,1524.0
O010981,2025-08-18,C0244,P009,2,485.0,South,970.0
O010982,2026-06-20,C0223,P002,4,235.0,North,940.0
O010983,2025-03-19,C0230,P012,2,66.0,East,132.0
O010984,2026-03-01,C0153,P020,2,410.0,North,820.0
O010985,2025-07-12,C0411,P016,1,420.0,South,420.0
O010986,2026-02-05,C0288,P016,1,420.0,East,420.0
O010987,2025-04-19,C0395,P001,4,31.0,South,124.0
O010988,2025-09-20,C0453,P016,4,420.0,South,1680.0
O010989,2025-11-25,C0108,P006,2,393.0,West,786.0
O010990,2025-12-29,C0033,P014,2,1059.0,North,2118.0
O010991,2026-01-13,C0403,P011,3,508.0,East,1524.0
O010992,2025-12-07,C0363,P001,2,31.0,South,62.0
O010993,2025-09-16,C0111,P020,3,410.0,South,1230.0
O010994,2025-12-01,C0121,P017,2,1000.0,West,2000.0
O010995,2025-03-26,C0016,P019,2,269.0,North,538.0
O010996,2026-06-06,C0227,P002,1,235.0,West,235.0
O010997,2025-11-04,C0011,P014,4,1059.0,North,4236.0
O010998,2025-09-19,C0203,P008,4,729.0,North,2916.0
O010999,2026-03-28,C0202,P006,4,393.0,North,1572.0
O011000,2025-09-08,C0098,P009,3,485.0,South,1455.0
O011001,2025-11-20,C0116,P005,3,1124.0,West,3372.0
O011002,2025-08-17,C0453,P005,4,1124.0,South,4496.0
O011003,2025-10-24,C0471,P018,3,1129.0,North,3387.0
O011004,2025-08-25,C0439,P014,4,1059.0,West,4236.0
O011005,2025-08-05,C0281,P012,1,66.0,West,66.0
O011006,2025-09-03,C0349,P012,4,66.0,South,264.0
O011007,2026-03-24,C0232,P006,1,393.0,East,393.0
O011008,2025-11-15,C0461,P004,2,680.0,North,1360.0
O011009,2026-03-08,C0111,P015,3,730.0,South,2190.0
O011010,2026-02-08,C0352,P015,3,730.0,West,2190.0
O011011,2025-02-06,C0418,P017,4,1000.0,South,4000.0
O011012,2025-12-08,C0012,P003,2,358.0,West,716.0
O011013,2026-01-24,C0472,P010,2,1132.0,West,2264.0
O011014,2025-02-03,C0488,P008,2,729.0,South,1458.0
O011015,2025-02-08,C0021,P009,2,485.0,East,970.0
O011016,2025-07-28,C0127,P003,3,358.0,West,1074.0
O011017,2025-06-01,C0285,P001,4,31.0,East,124.0
O011018,2025-12-31,C0435,P011,4,508.0,North,2032.0
O011019,2025-07-18,C0121,P013,1,797.0,West,797.0
O011020,2025-03-20,C0124,P012,3,66.0,North,198.0
O011021,2026-04-22,C0407,P007,1,995.0,South,995.0
O011022,2026-03-10,C0033,P002,2,235.0,North,470.0
O011023,2025-02-01,C0392,P001,4,31.0,South,124.0
O011024,2025-03-28,C0170,P020,1,410.0,East,410.0
O011025,2026-01-28,C0077,P003,3,358.0,West,1074.0
O011026,2025-09-01,C0453,P004,4,680.0,South,2720.0
O011027,2025-08-20,C0297,P017,3,1000.0,West,3000.0
O011028,2025-07-11,C0330,P018,4,1129.0,North,4516.0
O011029,2026-06-24,C0063,P017,3,1000.0,West,3000.0
O011030,2025-09-27,C0270,P019,3,269.0,South,807.0
O011031,2025-03-18,C0216,P004,4,680.0,North,2720.0
O011032,2025-06-16,C0190,P017,3,1000.0,North,3000.0
O011033,2025-10-11,C0075,P002,3,235.0,West,705.0
O011034,2025-03-30,C0174,P010,2,1132.0,North,2264.0
O011035,2026-06-28,C0067,P012,4,66.0,North,264.0
O011036,2025-06-05,C0093,P013,1,797.0,West,797.0
O011037,2025-09-07,C0053,P011,4,508.0,West,2032.0
O011038,2025-04-05,C0496,P008,4,729.0,South,2916.0
O011039,2025-01-17,C0436,P020,2,410.0,West,820.0
O011040,2025-04-27,C0094,P005,1,1124.0,East,1124.0
O011041,2025-11-29,C0113,P002,1,235.0,West,235.0
O011042,2026-06-06,C0229,P012,1,66.0,West,66.0
O011043,2025-03-21,C0250,P002,3,235.0,West,705.0
O011044,2026-03-08,C0391,P006,3,393.0,West,1179.0
O011045,2025-07-22,C0209,P019,3,269.0,North,807.0
O011046,2025-04-26,C0468,P012,1,66.0,West,66.0
O011047,2025-08-08,C0182,P013,4,797.0,North,3188.0
O011048,2025-09-10,C0267,P017,4,1000.0,East,4000.0
O011049,2025-06-18,C0492,P012,1,66.0,East,66.0
O011050,2025-11-12,C0281,P003,1,358.0,West,358.0
O011051,2026-01-07,C0443,P008,2,729.0,South,1458.0
O011052,2025-06-05,C0472,P016,3,420.0,West,1260.0
O011053,2025-01-13,C0450,P004,3,680.0,North,2040.0
O011054,2026-05-23,C0155,P013,3,797.0,West,2391.0
O011055,2026-04-10,C0083,P008,2,729.0,South,1458.0
O011056,2025-08-08,C0186,P001,2,31.0,East,62.0
O011057,2025-01-15,C0349,P003,2,358.0,South,716.0
O011058,2025-04-27,C0485,P001,1,31.0,East,31.0
O011059,2025-11-27,C0139,P015,2,730.0,South,1460.0
O011060,2025-02-25,C0055,P018,4,1129.0,East,4516.0
O011061,2025-12-17,C0019,P020,1,410.0,South,410.0
O011062,2025-05-12,C0348,P003,1,358.0,North,358.0
O011063,2025-08-14,C0423,P015,3,730.0,North,2190.0
O011064,2025-11-04,C0469,P005,3,1124.0,North,3372.0
O011065,2026-04-20,C0346,P010,2,1132.0,East,2264.0
O011066,2025-08-10,C0470,P007,4,995.0,West,3980.0
O011067,2025-06-22,C0454,P008,1,729.0,West,729.0
O011068,2025-12-06,C0267,P003,1,358.0,East,358.0
O011069,2026-05-21,C0142,P018,1,1129.0,South,1129.0
O011070,2025-06-06,C0316,P017,3,1000.0,East,3000.0
O011071,2025-05-31,C0164,P016,3,420.0,East,1260.0
O011072,2025-06-27,C0252,P013,4,797.0,South,3188.0
O011073,2026-06-17,C0232,P004,3,680.0,East,2040.0
O011074,2025-04-22,C0297,P003,4,358.0,West,1432.0
O011075,2025-05-18,C0386,P011,3,508.0,West,1524.0
O011076,2025-08-21,C0441,P002,4,235.0,North,940.0
O011077,2025-11-28,C0363,P018,3,1129.0,South,3387.0
O011078,2026-06-26,C0060,P004,3,680.0,South,2040.0
O011079,2025-11-03,C0404,P017,2,1000.0,West,2000.0
O011080,2025-06-10,C0022,P006,2,393.0,North,786.0
O011081,2026-02-06,C0384,P010,2,1132.0,West,2264.0
O011082,2025-10-05,C0126,P011,4,508.0,South,2032.0
O011083,2025-11-16,C0103,P005,4,1124.0,South,4496.0
O011084,2026-06-17,C0388,P018,4,1129.0,North,4516.0
O011085,2026-05-12,C0440,P010,4,1132.0,North,4528.0
O011086,2025-12-29,C0221,P009,2,485.0,East,970.0
O011087,2026-01-07,C0110,P016,1,420.0,North,420.0
O011088,2025-02-05,C0058,P010,3,1132.0,North,3396.0
O011089,2025-10-30,C0472,P010,3,1132.0,West,3396.0
O011090,2026-03-14,C0065,P004,4,680.0,South,2720.0
O011091,2025-02-01,C0472,P014,2,1059.0,West,2118.0
O011092,2025-07-05,C0058,P008,1,729.0,North,729.0
O011093,2025-06-23,C0158,P001,2,31.0,West,62.0
O011094,2025-09-07,C0076,P016,3,420.0,West,1260.0
O011095,2025-10-06,C0019,P017,4,1000.0,South,4000.0
O011096,2025-01-02,C0384,P010,4,1132.0,West,4528.0
O011097,2025-07-13,C0485,P006,2,393.0,East,786.0
O011098,2025-06-15,C0190,P007,4,995.0,North,3980.0
O011099,2025-04-20,C0250,P018,1,1129.0,West,1129.0
O011100,2026-01-15,C0360,P002,3,235.0,East,705.0
O011101,2025-10-12,C0363,P009,1,485.0,South,485.0
O011102,2026-02-25,C0374,P005,2,1124.0,East,2248.0
O011103,2025-04-23,C0452,P008,3,729.0,East,2187.0
O011104,2025-08-16,C0079,P005,1,1124.0,South,1124.0
O011105,2026-04-16,C0084,P015,1,730.0,North,730.0
O011106,2026-06-12,C0172,P008,1,729.0,North,729.0
O011107,2026-05-11,C0212,P005,3,1124.0,East,3372.0
O011108,2025-01-31,C0374,P005,3,1124.0,East,3372.0
O011109,2025-06-11,C0445,P020,4,410.0,West,1640.0
O011110,2026-01-13,C0149,P017,2,1000.0,North,2000.0
O011111,2026-03-22,C0010,P009,4,485.0,West,1940.0
O011112,2026-03-03,C0030,P002,2,235.0,North,470.0
O011113,2026-05-19,C0280,P001,1,31.0,West,31.0
O011114,2026-06-11,C0432,P011,1,508.0,West,508.0
O011115,2026-06-16,C0055,P015,4,730.0,East,2920.0
O011116,2026-06-04,C0360,P001,3,31.0,East,93.0
O011117,2025-02-03,C0127,P007,3,995.0,West,2985.0
O011118,2026-05-05,C0180,P019,3,269.0,North,807.0
O011119,2026-02-27,C0232,P015,4,730.0,East,2920.0
O011120,2026-04-13,C0381,P006,3,393.0,North,1179.0
O011121,2025-01-24,C0422,P020,2,410.0,West,820.0
O011122,2025-08-04,C0451,P010,2,1132.0,West,2264.0
O011123,2025-02-24,C0093,P012,1,66.0,West,66.0
O011124,2025-01-26,C0008,P013,4,797.0,West,3188.0
O011125,2025-10-08,C0413,P015,4,730.0,West,2920.0
O011126,2025-11-23,C0247,P019,4,269.0,South,1076.0
O011127,2025-07-05,C0394,P017,4,1000.0,West,4000.0
O011128,2026-05-10,C0453,P013,4,797.0,South,3188.0
O011129,2025-01-12,C0331,P002,3,235.0,South,705.0
O011130,2026-03-10,C0196,P018,3,1129.0,South,3387.0
O011131,2025-07-27,C0433,P011,2,508.0,East,1016.0
O011132,2025-05-13,C0442,P005,4,1124.0,West,4496.0
O011133,2025-12-05,C0163,P004,4,680.0,East,2720.0
O011134,2025-07-15,C0434,P002,4,235.0,North,940.0
O011135,2025-09-19,C0040,P016,2,420.0,South,840.0
O011136,2025-10-09,C0254,P007,4,995.0,South,3980.0
O011137,2026-01-04,C0396,P008,4,729.0,West,2916.0
O011138,2025-04-13,C0085,P008,3,729.0,South,2187.0
O011139,2025-07-02,C0272,P002,2,235.0,West,470.0
O011140,2026-02-27,C0078,P015,3,730.0,North,2190.0
O011141,2025-01-09,C0213,P005,1,1124.0,East,1124.0
O011142,2025-09-01,C0304,P019,4,269.0,East,1076.0
O011143,2026-01-28,C0255,P010,1,1132.0,North,1132.0
O011144,2026-06-11,C0091,P009,4,485.0,North,1940.0
O011145,2025-02-06,C0484,P020,1,410.0,East,410.0
O011146,2025-06-27,C0385,P008,3,729.0,West,2187.0
O011147,2025-03-13,C0193,P005,2,1124.0,West,2248.0
O011148,2025-12-18,C0253,P019,1,269.0,West,269.0
O011149,2025-05-29,C0278,P013,3,797.0,East,2391.0
O011150,2025-04-15,C0143,P014,1,1059.0,South,1059.0
O011151,2025-08-09,C0244,P008,1,729.0,South,729.0
O011152,2026-01-09,C0212,P016,2,420.0,East,840.0
O011153,2026-06-02,C0195,P005,3,1124.0,South,3372.0
O011154,2025-09-17,C0270,P001,2,31.0,South,62.0
O011155,2025-10-26,C0329,P019,4,269.0,South,1076.0
O011156,2025-02-11,C0019,P019,2,269.0,South,538.0
O011157,2026-05-07,C0040,P017,2,1000.0,South,2000.0
O011158,2026-03-15,C0098,P010,1,1132.0,South,1132.0
O011159,2025-02-16,C0004,P005,1,1124.0,East,1124.0
O011160,2025-03-26,C0033,P007,1,995.0,North,995.0
O011161,2025-02-27,C0299,P016,3,420.0,East,1260.0
O011162,2025-07-28,C0165,P003,2,358.0,North,716.0
O011163,2025-09-05,C0450,P012,4,66.0,North,264.0
O011164,2025-07-30,C0027,P014,1,1059.0,North,1059.0
O011165,2025-02-08,C0173,P020,4,410.0,East,1640.0
O011166,2025-09-09,C0337,P001,2,31.0,West,62.0
O011167,2026-02-17,C0113,P007,2,995.0,West,1990.0
O011168,2026-03-22,C0434,P018,2,1129.0,North,2258.0
O011169,2025-02-21,C0373,P004,4,680.0,North,2720.0
O011170,2026-01-09,C0380,P016,4,420.0,South,1680.0
O011171,2026-06-10,C0095,P011,4,508.0,West,2032.0
O011172,2025-06-05,C0319,P018,2,1129.0,North,2258.0
O011173,2026-06-26,C0233,P016,2,420.0,East,840.0
O011174,2025-03-31,C0134,P007,1,995.0,South,995.0
O011175,2025-12-17,C0124,P003,3,358.0,North,1074.0
O011176,2025-03-10,C0372,P005,4,1124.0,North,4496.0
O011177,2025-06-12,C0351,P018,3,1129.0,East,3387.0
O011178,2025-08-30,C0323,P017,4,1000.0,East,4000.0
O011179,2026-05-10,C0488,P001,4,31.0,South,124.0
O011180,2026-01-18,C0451,P016,3,420.0,West,1260.0
O011181,2025-02-21,C0353,P015,3,730.0,East,2190.0
O011182,2025-03-04,C0116,P013,4,797.0,West,3188.0
O011183,2026-05-24,C0443,P007,2,995.0,South,1990.0
O011184,2025-10-19,C0013,P003,1,358.0,West,358.0
O011185,2025-04-01,C0405,P013,4,797.0,South,3188.0
O011186,2026-02-28,C0320,P016,1,420.0,South,420.0
O011187,2025-12-31,C0165,P001,2,31.0,North,62.0
O011188,2025-05-30,C0208,P001,2,31.0,East,62.0
O011189,2025-09-28,C0085,P016,1,420.0,South,420.0
O011190,2025-04-26,C0248,P002,4,235.0,West,940.0
O011191,2026-05-31,C0432,P018,1,1129.0,West,1129.0
O011192,2025-08-29,C0056,P018,4,1129.0,West,4516.0
O011193,2025-01-30,C0172,P005,3,1124.0,North,3372.0
O011194,2025-05-23,C0141,P005,4,1124.0,West,4496.0
O011195,2025-11-22,C0132,P008,3,729.0,North,2187.0
O011196,2025-01-16,C0479,P009,3,485.0,West,1455.0
O011197,2025-04-21,C0201,P014,1,1059.0,East,1059.0
O011198,2025-04-17,C0368,P013,3,797.0,West,2391.0
O011199,2026-01-14,C0289,P018,1,1129.0,South,1129.0
O011200,2025-06-11,C0421,P004,1,680.0,West,680.0
O011201,2025-10-10,C0309,P018,2,1129.0,West,2258.0
O011202,2025-09-26,C0357,P020,1,410.0,North,410.0
O011203,2026-04-29,C0408,P015,2,730.0,North,1460.0
O011204,2025-03-14,C0345,P007,2,995.0,South,1990.0
O011205,2025-07-16,C0179,P013,1,797.0,West,797.0
O011206,2025-08-31,C0425,P002,4,235.0,North,940.0
O011207,2025-09-16,C0029,P009,4,485.0,East,1940.0
O011208,2025-05-29,C0443,P005,1,1124.0,South,1124.0
O011209,2026-01-25,C0424,P001,3,31.0,South,93.0
O011210,2026-02-20,C0307,P019,1,269.0,East,269.0
O011211,2026-03-02,C0306,P020,3,410.0,West,1230.0
O011212,2025-08-05,C0367,P019,4,269.0,West,1076.0
O011213,2025-03-27,C0036,P013,3,797.0,West,2391.0
O011214,2025-08-04,C0463,P006,1,393.0,West,393.0
O011215,2026-02-27,C0109,P010,3,1132.0,North,3396.0
O011216,2025-11-16,C0316,P011,2,508.0,East,1016.0
O011217,2025-04-28,C0146,P016,2,420.0,North,840.0
O011218,2026-02-19,C0276,P001,1,31.0,East,31.0
O011219,2025-02-09,C0389,P019,1,269.0,West,269.0
O011220,2025-06-10,C0146,P005,1,1124.0,North,1124.0
O011221,2026-06-21,C0380,P006,4,393.0,South,1572.0
O011222,2026-02-24,C0168,P006,4,393.0,North,1572.0
O011223,2025-04-05,C0257,P005,4,1124.0,West,4496.0
O011224,2026-03-18,C0275,P006,2,393.0,East,786.0
O011225,2026-04-11,C0087,P013,3,797.0,West,2391.0
O011226,2025-10-15,C0154,P001,2,31.0,South,62.0
O011227,2026-02-16,C0497,P001,3,31.0,East,93.0
O011228,2026-02-04,C0285,P014,3,1059.0,East,3177.0
O011229,2026-06-12,C0315,P008,1,729.0,West,729.0
O011230,2025-01-18,C0319,P009,1,485.0,North,485.0
O011231,2025-05-16,C0098,P010,4,1132.0,South,4528.0
O011232,2026-04-09,C0211,P006,1,393.0,East,393.0
O011233,2025-09-05,C0446,P009,2,485.0,West,970.0
O011234,2025-01-01,C0048,P018,2,1129.0,East,2258.0
O011235,2026-01-16,C0318,P015,2,730.0,North,1460.0
O011236,2026-05-24,C0274,P004,1,680.0,West,680.0
O011237,2026-04-05,C0194,P002,1,235.0,East,235.0
O011238,2026-05-20,C0252,P006,3,393.0,South,1179.0
O011239,2026-04-21,C0283,P017,3,1000.0,South,3000.0
O011240,2025-02-01,C0262,P007,1,995.0,West,995.0
O011241,2025-04-28,C0487,P020,2,410.0,North,820.0
O011242,2025-07-03,C0454,P015,1,730.0,West,730.0
O011243,2025-07-10,C0443,P002,4,235.0,South,940.0
O011244,2025-03-15,C0262,P012,4,66.0,West,264.0
O011245,2025-04-13,C0031,P010,2,1132.0,East,2264.0
O011246,2026-02-24,C0105,P017,4,1000.0,West,4000.0
O011247,2026-04-18,C0488,P018,1,1129.0,South,1129.0
O011248,2025-04-24,C0350,P016,1,420.0,East,420.0
O011249,2026-01-14,C0312,P010,3,1132.0,North,3396.0
O011250,2025-11-09,C0438,P008,4,729.0,West,2916.0
O011251,2025-11-26,C0469,P013,4,797.0,North,3188.0
O011252,2025-12-05,C0169,P016,4,420.0,North,1680.0
O011253,2025-08-26,C0236,P008,4,729.0,West,2916.0
O011254,2025-06-22,C0274,P012,2,66.0,West,132.0
O011255,2025-03-20,C0343,P017,2,1000.0,North,2000.0
O011256,2026-04-09,C0230,P016,1,420.0,East,420.0
O011257,2026-05-16,C0023,P009,4,485.0,South,1940.0
O011258,2025-10-12,C0476,P019,3,269.0,West,807.0
O011259,2025-08-11,C0164,P017,1,1000.0,East,1000.0
O011260,2025-09-23,C0281,P008,1,729.0,West,729.0
O011261,2026-01-08,C0007,P012,2,66.0,North,132.0
O011262,2025-08-21,C0210,P009,1,485.0,North,485.0
O011263,2025-08-24,C0253,P006,3,393.0,West,1179.0
O011264,2025-11-10,C0404,P010,4,1132.0,West,4528.0
O011265,2026-01-15,C0133,P009,1,485.0,North,485.0
O011266,2026-02-24,C0274,P004,3,680.0,West,2040.0
O011267,2025-02-21,C0106,P011,2,508.0,North,1016.0
O011268,2026-05-24,C0232,P006,2,393.0,East,786.0
O011269,2025-07-24,C0033,P018,4,1129.0,North,4516.0
O011270,2025-09-14,C0079,P004,1,680.0,South,680.0
O011271,2025-07-04,C0035,P012,3,66.0,West,198.0
O011272,2025-05-25,C0495,P009,2,485.0,South,970.0
O011273,2025-01-14,C0110,P015,3,730.0,North,2190.0
O011274,2025-09-03,C0321,P009,2,485.0,East,970.0
O011275,2025-07-06,C0063,P006,2,393.0,West,786.0
O011276,2025-12-03,C0469,P011,4,508.0,North,2032.0
O011277,2025-09-16,C0328,P007,3,995.0,East,2985.0
O011278,2025-02-09,C0455,P014,3,1059.0,North,3177.0
O011279,2026-02-22,C0297,P016,3,420.0,West,1260.0
O011280,2025-12-17,C0178,P015,2,730.0,South,1460.0
O011281,2025-01-09,C0384,P020,4,410.0,West,1640.0
O011282,2025-12-16,C0364,P009,3,485.0,East,1455.0
O011283,2025-03-25,C0232,P019,1,269.0,East,269.0
O011284,2026-06-17,C0104,P012,3,66.0,East,198.0
O011285,2025-12-24,C0414,P011,2,508.0,East,1016.0
O011286,2026-01-13,C0294,P008,4,729.0,South,2916.0
O011287,2025-06-21,C0035,P003,3,358.0,West,1074.0
O011288,2025-01-25,C0194,P019,3,269.0,East,807.0
O011289,2026-01-28,C0174,P003,3,358.0,North,1074.0
O011290,2025-04-13,C0392,P003,1,358.0,South,358.0
O011291,2025-08-24,C0102,P006,2,393.0,East,786.0
O011292,2026-02-14,C0324,P011,1,508.0,South,508.0
O011293,2025-11-28,C0293,P020,1,410.0,West,410.0
O011294,2026-06-16,C0085,P014,2,1059.0,South,2118.0
O011295,2025-01-29,C0397,P002,2,235.0,West,470.0
O011296,2026-06-27,C0201,P012,3,66.0,East,198.0
O011297,2025-01-19,C0173,P016,2,420.0,East,840.0
O011298,2025-05-28,C0029,P003,3,358.0,East,1074.0
O011299,2026-04-16,C0297,P016,1,420.0,West,420.0
O011300,2026-05-06,C0056,P010,3,1132.0,West,3396.0
O011301,2025-10-10,C0472,P020,2,410.0,West,820.0
O011302,2025-04-23,C0016,P005,3,1124.0,North,3372.0
O011303,2026-03-31,C0140,P013,1,797.0,West,797.0
O011304,2025-11-26,C0066,P012,2,66.0,East,132.0
O011305,2025-09-12,C0446,P001,2,31.0,West,62.0
O011306,2026-02-03,C0147,P020,4,410.0,East,1640.0
O011307,2026-05-23,C0158,P011,3,508.0,West,1524.0
O011308,2026-04-11,C0400,P019,3,269.0,West,807.0
O011309,2026-02-11,C0472,P015,3,730.0,West,2190.0
O011310,2025-04-08,C0397,P018,1,1129.0,West,1129.0
O011311,2025-10-17,C0069,P016,1,420.0,North,420.0
O011312,2025-06-05,C0023,P007,2,995.0,South,1990.0
O011313,2025-06-11,C0190,P010,2,1132.0,North,2264.0
O011314,2025-04-07,C0248,P016,1,420.0,West,420.0
O011315,2026-01-12,C0486,P017,3,1000.0,West,3000.0
O011316,2026-03-26,C0415,P007,3,995.0,East,2985.0
O011317,2025-04-27,C0309,P011,1,508.0,West,508.0
O011318,2026-05-21,C0376,P017,3,1000.0,South,3000.0
O011319,2025-07-08,C0145,P005,1,1124.0,South,1124.0
O011320,2026-04-21,C0384,P001,1,31.0,West,31.0
O011321,2025-11-19,C0305,P003,3,358.0,West,1074.0
O011322,2025-06-29,C0177,P016,4,420.0,East,1680.0
O011323,2025-06-30,C0195,P015,2,730.0,South,1460.0
O011324,2025-10-14,C0410,P004,3,680.0,North,2040.0
O011325,2026-04-20,C0013,P012,3,66.0,West,198.0
O011326,2025-09-19,C0364,P001,1,31.0,East,31.0
O011327,2026-06-07,C0166,P017,4,1000.0,West,4000.0
O011328,2025-06-11,C0150,P015,4,730.0,South,2920.0
O011329,2026-05-02,C0341,P020,1,410.0,South,410.0
O011330,2025-06-30,C0413,P020,1,410.0,West,410.0
O011331,2026-04-14,C0045,P010,1,1132.0,South,1132.0
O011332,2025-01-21,C0174,P011,3,508.0,North,1524.0
O011333,2025-10-02,C0167,P018,1,1129.0,South,1129.0
O011334,2025-09-17,C0197,P002,2,235.0,West,470.0
O011335,2025-11-29,C0206,P006,1,393.0,North,393.0
O011336,2026-04-11,C0082,P016,3,420.0,East,1260.0
O011337,2025-04-26,C0068,P007,2,995.0,West,1990.0
O011338,2026-02-17,C0097,P019,3,269.0,East,807.0
O011339,2026-06-21,C0167,P012,2,66.0,South,132.0
O011340,2025-09-14,C0404,P018,2,1129.0,West,2258.0
O011341,2025-06-17,C0077,P010,2,1132.0,West,2264.0
O011342,2026-06-17,C0484,P007,3,995.0,East,2985.0
O011343,2025-01-15,C0237,P004,2,680.0,South,1360.0
O011344,2025-02-19,C0196,P017,4,1000.0,South,4000.0
O011345,2025-10-31,C0291,P017,4,1000.0,North,4000.0
O011346,2026-05-02,C0136,P004,3,680.0,South,2040.0
O011347,2026-02-20,C0308,P005,4,1124.0,South,4496.0
O011348,2025-11-01,C0296,P001,2,31.0,East,62.0
O011349,2025-07-15,C0377,P019,1,269.0,West,269.0
O011350,2026-01-23,C0369,P011,1,508.0,North,508.0
O011351,2026-03-31,C0367,P001,1,31.0,West,31.0
O011352,2025-11-06,C0036,P008,4,729.0,West,2916.0
O011353,2025-05-07,C0390,P004,2,680.0,West,1360.0
O011354,2025-06-24,C0248,P015,1,730.0,West,730.0
O011355,2025-05-14,C0254,P017,1,1000.0,South,1000.0
O011356,2025-03-07,C0214,P018,3,1129.0,North,3387.0
O011357,2026-01-28,C0252,P003,1,358.0,South,358.0
O011358,2025-12-31,C0070,P018,3,1129.0,West,3387.0
O011359,2025-10-06,C0234,P007,4,995.0,South,3980.0
O011360,2025-12-29,C0484,P017,2,1000.0,East,2000.0
O011361,2025-06-20,C0329,P018,3,1129.0,South,3387.0
O011362,2025-02-20,C0016,P020,2,410.0,North,820.0
O011363,2025-11-24,C0487,P008,3,729.0,North,2187.0
O011364,2025-05-25,C0174,P011,4,508.0,North,2032.0
O011365,2025-10-01,C0187,P003,4,358.0,West,1432.0
O011366,2025-06-04,C0294,P007,3,995.0,South,2985.0
O011367,2026-05-23,C0225,P015,3,730.0,South,2190.0
O011368,2025-12-29,C0274,P010,4,1132.0,West,4528.0
O011369,2025-11-21,C0012,P012,2,66.0,West,132.0
O011370,2025-10-25,C0310,P012,4,66.0,South,264.0
O011371,2026-05-09,C0219,P019,2,269.0,East,538.0
O011372,2026-06-30,C0431,P019,3,269.0,North,807.0
O011373,2025-10-31,C0001,P015,2,730.0,South,1460.0
O011374,2026-04-12,C0399,P005,3,1124.0,West,3372.0
O011375,2025-08-27,C0111,P013,2,797.0,South,1594.0
O011376,2026-06-01,C0475,P009,3,485.0,East,1455.0
O011377,2025-06-25,C0464,P010,1,1132.0,East,1132.0
O011378,2026-02-14,C0277,P008,1,729.0,West,729.0
O011379,2025-12-30,C0129,P009,4,485.0,North,1940.0
O011380,2025-01-23,C0093,P006,4,393.0,West,1572.0
O011381,2025-11-14,C0451,P018,3,1129.0,West,3387.0
O011382,2026-06-09,C0396,P010,2,1132.0,West,2264.0
O011383,2025-10-03,C0380,P015,3,730.0,South,2190.0
O011384,2025-08-17,C0412,P013,1,797.0,West,797.0
O011385,2025-04-18,C0039,P011,1,508.0,East,508.0
O011386,2025-06-25,C0421,P002,3,235.0,West,705.0
O011387,2025-11-16,C0479,P008,1,729.0,West,729.0
O011388,2025-10-13,C0316,P018,4,1129.0,East,4516.0
O011389,2025-11-25,C0159,P003,3,358.0,North,1074.0
O011390,2025-12-22,C0186,P003,4,358.0,East,1432.0
O011391,2025-01-14,C0481,P007,4,995.0,East,3980.0
O011392,2025-10-02,C0353,P018,4,1129.0,East,4516.0
O011393,2025-03-12,C0256,P009,1,485.0,East,485.0
O011394,2025-07-14,C0239,P018,2,1129.0,East,2258.0
O011395,2026-06-07,C0104,P001,2,31.0,East,62.0
O011396,2025-04-16,C0395,P004,2,680.0,South,1360.0
O011397,2025-07-15,C0366,P004,4,680.0,South,2720.0
O011398,2025-05-25,C0029,P017,3,1000.0,East,3000.0
O011399,2025-12-16,C0089,P002,4,235.0,West,940.0
O011400,2026-02-28,C0375,P015,4,730.0,North,2920.0
O011401,2026-04-16,C0397,P013,3,797.0,West,2391.0
O011402,2025-08-04,C0051,P009,2,485.0,West,970.0
O011403,2025-04-03,C0364,P007,2,995.0,East,1990.0
O011404,2025-09-17,C0438,P012,2,66.0,West,132.0
O011405,2026-06-25,C0147,P012,4,66.0,East,264.0
O011406,2025-10-12,C0314,P014,4,1059.0,West,4236.0
O011407,2026-04-29,C0036,P015,1,730.0,West,730.0
O011408,2026-01-07,C0284,P001,2,31.0,North,62.0
O011409,2025-03-11,C0452,P009,4,485.0,East,1940.0
O011410,2026-01-14,C0387,P016,1,420.0,South,420.0
O011411,2025-10-06,C0486,P009,4,485.0,West,1940.0
O011412,2025-10-29,C0101,P016,4,420.0,North,1680.0
O011413,2025-09-12,C0107,P002,2,235.0,South,470.0
O011414,2025-09-21,C0345,P010,3,1132.0,South,3396.0
O011415,2026-02-28,C0425,P018,4,1129.0,North,4516.0
O011416,2025-08-01,C0291,P013,4,797.0,North,3188.0
O011417,2025-04-10,C0349,P002,4,235.0,South,940.0
O011418,2025-04-22,C0105,P013,2,797.0,West,1594.0
O011419,2025-11-04,C0221,P003,4,358.0,East,1432.0
O011420,2026-04-20,C0076,P015,1,730.0,West,730.0
O011421,2025-04-22,C0227,P003,2,358.0,West,716.0
O011422,2025-03-28,C0084,P010,1,1132.0,North,1132.0
O011423,2025-07-02,C0465,P006,2,393.0,West,786.0
O011424,2025-06-14,C0076,P014,4,1059.0,West,4236.0
O011425,2025-03-31,C0249,P009,4,485.0,West,1940.0
O011426,2026-03-31,C0255,P018,1,1129.0,North,1129.0
O011427,2025-08-26,C0050,P008,1,729.0,North,729.0
O011428,2026-06-18,C0356,P006,2,393.0,East,786.0
O011429,2025-02-27,C0458,P015,2,730.0,South,1460.0
O011430,2026-06-26,C0210,P014,3,1059.0,North,3177.0
O011431,2026-02-06,C0158,P015,3,730.0,West,2190.0
O011432,2026-06-03,C0328,P020,3,410.0,East,1230.0
O011433,2025-07-16,C0233,P006,4,393.0,East,1572.0
O011434,2025-02-15,C0371,P012,1,66.0,North,66.0
O011435,2026-06-14,C0077,P010,1,1132.0,West,1132.0
O011436,2026-02-01,C0223,P019,3,269.0,North,807.0
O011437,2025-03-15,C0121,P008,3,729.0,West,2187.0
O011438,2026-02-20,C0454,P005,2,1124.0,West,2248.0
O011439,2025-12-01,C0310,P010,3,1132.0,South,3396.0
O011440,2025-10-23,C0327,P011,1,508.0,East,508.0
O011441,2025-03-25,C0341,P020,2,410.0,South,820.0
O011442,2025-01-15,C0358,P014,3,1059.0,East,3177.0
O011443,2025-05-14,C0107,P014,4,1059.0,South,4236.0
O011444,2026-04-23,C0241,P002,1,235.0,West,235.0
O011445,2025-11-15,C0435,P017,4,1000.0,North,4000.0
O011446,2026-01-27,C0028,P015,3,730.0,East,2190.0
O011447,2026-04-24,C0192,P003,1,358.0,West,358.0
O011448,2026-01-03,C0249,P003,4,358.0,West,1432.0
O011449,2026-01-02,C0364,P003,4,358.0,East,1432.0
O011450,2025-10-15,C0213,P003,2,358.0,East,716.0
O011451,2026-01-13,C0021,P018,4,1129.0,East,4516.0
O011452,2026-04-08,C0472,P006,2,393.0,West,786.0
O011453,2025-01-13,C0155,P014,3,1059.0,West,3177.0
O011454,2026-06-20,C0027,P003,2,358.0,North,716.0
O011455,2025-06-17,C0077,P001,2,31.0,West,62.0
O011456,2025-09-27,C0306,P010,2,1132.0,West,2264.0
O011457,2025-03-11,C0413,P013,2,797.0,West,1594.0
O011458,2025-11-14,C0423,P009,1,485.0,North,485.0
O011459,2026-01-11,C0057,P002,4,235.0,North,940.0
O011460,2025-03-30,C0119,P010,3,1132.0,West,3396.0
O011461,2025-09-14,C0476,P012,2,66.0,West,132.0
O011462,2025-08-05,C0165,P019,1,269.0,North,269.0
O011463,2026-03-26,C0477,P003,1,358.0,North,358.0
O011464,2026-06-28,C0064,P019,3,269.0,South,807.0
O011465,2025-05-21,C0048,P001,4,31.0,East,124.0
O011466,2025-06-10,C0150,P015,3,730.0,South,2190.0
O011467,2025-02-01,C0484,P013,2,797.0,East,1594.0
O011468,2025-06-01,C0158,P007,4,995.0,West,3980.0
O011469,2025-09-17,C0156,P002,4,235.0,North,940.0
O011470,2025-10-06,C0151,P020,3,410.0,West,1230.0
O011471,2025-10-12,C0225,P011,3,508.0,South,1524.0
O011472,2026-06-26,C0260,P016,4,420.0,North,1680.0
O011473,2025-05-28,C0387,P014,3,1059.0,South,3177.0
O011474,2025-03-08,C0256,P015,4,730.0,East,2920.0
O011475,2025-10-06,C0061,P020,3,410.0,South,1230.0
O011476,2026-03-19,C0352,P019,4,269.0,West,1076.0
O011477,2026-02-03,C0260,P007,2,995.0,North,1990.0
O011478,2025-05-08,C0321,P009,1,485.0,East,485.0
O011479,2025-12-03,C0396,P004,3,680.0,West,2040.0
O011480,2026-04-27,C0397,P006,4,393.0,West,1572.0
O011481,2025-07-05,C0162,P010,1,1132.0,East,1132.0
O011482,2025-06-18,C0380,P003,1,358.0,South,358.0
O011483,2025-09-17,C0443,P001,1,31.0,South,31.0
O011484,2026-05-22,C0349,P006,3,393.0,South,1179.0
O011485,2026-06-05,C0457,P005,3,1124.0,North,3372.0
O011486,2026-04-16,C0031,P015,2,730.0,East,1460.0
O011487,2025-06-10,C0071,P011,3,508.0,West,1524.0
O011488,2025-10-16,C0397,P020,3,410.0,West,1230.0
O011489,2025-12-06,C0438,P013,3,797.0,West,2391.0
O011490,2026-05-17,C0002,P006,1,393.0,West,393.0
O011491,2025-04-16,C0417,P005,2,1124.0,South,2248.0
O011492,2026-04-20,C0050,P002,1,235.0,North,235.0
O011493,2026-04-08,C0135,P017,2,1000.0,West,2000.0
O011494,2026-04-28,C0146,P012,3,66.0,North,198.0
O011495,2025-06-02,C0179,P012,4,66.0,West,264.0
O011496,2025-05-29,C0264,P014,3,1059.0,East,3177.0
O011497,2025-07-07,C0311,P007,1,995.0,South,995.0
O011498,2025-05-11,C0204,P014,1,1059.0,West,1059.0
O011499,2026-03-28,C0299,P007,1,995.0,East,995.0
O011500,2026-05-31,C0187,P009,2,485.0,West,970.0
O011501,2026-05-06,C0030,P014,1,1059.0,North,1059.0
O011502,2026-04-21,C0059,P017,4,1000.0,North,4000.0
O011503,2025-09-20,C0009,P017,4,1000.0,East,4000.0
O011504,2026-06-22,C0476,P013,3,797.0,West,2391.0
O011505,2026-04-04,C0324,P018,2,1129.0,South,2258.0
O011506,2026-06-20,C0167,P019,2,269.0,South,538.0
O011507,2025-10-22,C0337,P017,3,1000.0,West,3000.0
O011508,2026-03-11,C0395,P006,1,393.0,South,393.0
O011509,2025-10-02,C0379,P012,1,66.0,West,66.0
O011510,2025-11-04,C0386,P006,3,393.0,West,1179.0
O011511,2026-01-11,C0279,P003,3,358.0,West,1074.0
O011512,2025-06-07,C0191,P015,3,730.0,North,2190.0
O011513,2025-07-23,C0242,P003,3,358.0,West,1074.0
O011514,2025-03-16,C0278,P015,2,730.0,East,1460.0
O011515,2026-01-15,C0445,P001,2,31.0,West,62.0
O011516,2025-10-31,C0154,P003,1,358.0,South,358.0
O011517,2025-03-03,C0396,P005,2,1124.0,West,2248.0
O011518,2025-04-18,C0160,P014,2,1059.0,West,2118.0
O011519,2025-07-06,C0265,P004,2,680.0,West,1360.0
O011520,2025-08-17,C0235,P009,3,485.0,North,1455.0
O011521,2025-02-17,C0453,P018,2,1129.0,South,2258.0
O011522,2025-09-25,C0346,P010,1,1132.0,East,1132.0
O011523,2025-09-11,C0199,P008,2,729.0,West,1458.0
O011524,2025-03-28,C0477,P013,3,797.0,North,2391.0
O011525,2025-06-30,C0033,P002,2,235.0,North,470.0
O011526,2025-01-25,C0408,P020,4,410.0,North,1640.0
O011527,2026-01-23,C0089,P020,1,410.0,West,410.0
O011528,2025-08-10,C0095,P007,2,995.0,West,1990.0
O011529,2026-02-01,C0221,P011,1,508.0,East,508.0
O011530,2026-05-26,C0069,P005,3,1124.0,North,3372.0
O011531,2026-03-16,C0294,P018,1,1129.0,South,1129.0
O011532,2025-06-24,C0237,P008,4,729.0,South,2916.0
O011533,2025-11-07,C0395,P010,4,1132.0,South,4528.0
O011534,2025-10-01,C0160,P002,1,235.0,West,235.0
O011535,2025-02-04,C0320,P003,3,358.0,South,1074.0
O011536,2025-08-05,C0328,P005,1,1124.0,East,1124.0
O011537,2026-02-12,C0276,P016,2,420.0,East,840.0
O011538,2026-06-03,C0290,P010,2,1132.0,East,2264.0
O011539,2025-09-26,C0367,P011,1,508.0,West,508.0
O011540,2026-04-20,C0042,P019,2,269.0,South,538.0
O011541,2025-11-21,C0392,P016,2,420.0,South,840.0
O011542,2025-12-22,C0066,P012,3,66.0,East,198.0
O011543,2025-03-31,C0021,P002,1,235.0,East,235.0
O011544,2025-02-11,C0335,P011,2,508.0,North,1016.0
O011545,2025-12-31,C0070,P001,1,31.0,West,31.0
O011546,2025-07-21,C0261,P005,1,1124.0,East,1124.0
O011547,2026-01-01,C0246,P014,2,1059.0,West,2118.0
O011548,2025-10-15,C0323,P018,3,1129.0,East,3387.0
O011549,2026-04-26,C0235,P007,3,995.0,North,2985.0
O011550,2026-05-16,C0427,P005,4,1124.0,South,4496.0
O011551,2025-02-21,C0272,P008,1,729.0,West,729.0
O011552,2025-04-13,C0099,P015,4,730.0,North,2920.0
O011553,2025-12-27,C0329,P005,3,1124.0,South,3372.0
O011554,2026-02-28,C0035,P013,2,797.0,West,1594.0
O011555,2025-07-24,C0339,P019,2,269.0,South,538.0
O011556,2025-01-14,C0171,P002,3,235.0,East,705.0
O011557,2026-04-15,C0110,P005,3,1124.0,North,3372.0
O011558,2026-04-11,C0482,P005,1,1124.0,East,1124.0
O011559,2025-10-31,C0295,P006,4,393.0,North,1572.0
O011560,2026-03-03,C0010,P016,4,420.0,West,1680.0
O011561,2025-04-20,C0202,P002,3,235.0,North,705.0
O011562,2026-05-30,C0404,P005,1,1124.0,West,1124.0
O011563,2025-03-09,C0257,P015,2,730.0,West,1460.0
O011564,2025-09-03,C0262,P001,3,31.0,West,93.0
O011565,2026-01-24,C0181,P019,4,269.0,South,1076.0
O011566,2025-11-04,C0430,P003,1,358.0,North,358.0
O011567,2025-12-18,C0066,P019,1,269.0,East,269.0
O011568,2025-03-07,C0294,P015,1,730.0,South,730.0
O011569,2026-04-05,C0161,P003,4,358.0,South,1432.0
O011570,2025-12-13,C0067,P008,1,729.0,North,729.0
O011571,2025-11-21,C0100,P015,2,730.0,North,1460.0
O011572,2025-02-02,C0077,P001,4,31.0,West,124.0
O011573,2025-03-09,C0035,P006,3,393.0,West,1179.0
O011574,2025-07-06,C0463,P017,1,1000.0,West,1000.0
O011575,2025-07-11,C0045,P016,4,420.0,South,1680.0
O011576,2025-08-01,C0150,P013,3,797.0,South,2391.0
O011577,2026-03-04,C0491,P001,3,31.0,South,93.0
O011578,2025-12-17,C0068,P003,2,358.0,West,716.0
O011579,2025-04-18,C0254,P006,3,393.0,South,1179.0
O011580,2025-08-28,C0017,P020,2,410.0,South,820.0
O011581,2025-08-04,C0261,P003,4,358.0,East,1432.0
O011582,2025-06-26,C0213,P015,2,730.0,East,1460.0
O011583,2025-11-26,C0313,P015,4,730.0,North,2920.0
O011584,2026-03-26,C0256,P011,4,508.0,East,2032.0
O011585,2026-03-23,C0216,P006,1,393.0,North,393.0
O011586,2026-06-21,C0351,P006,2,393.0,East,786.0
O011587,2025-06-28,C0424,P009,4,485.0,South,1940.0
O011588,2026-01-30,C0286,P014,1,1059.0,North,1059.0
O011589,2025-05-25,C0426,P011,2,508.0,East,1016.0
O011590,2025-07-17,C0007,P006,2,393.0,North,786.0
O011591,2025-03-25,C0497,P018,3,1129.0,East,3387.0
O011592,2025-03-26,C0380,P020,1,410.0,South,410.0
O011593,2026-04-02,C0199,P015,3,730.0,West,2190.0
O011594,2026-04-21,C0091,P009,4,485.0,North,1940.0
O011595,2025-09-10,C0472,P011,2,508.0,West,1016.0
O011596,2025-03-13,C0147,P002,4,235.0,East,940.0
O011597,2025-08-11,C0425,P006,1,393.0,North,393.0
O011598,2025-10-03,C0418,P014,2,1059.0,South,2118.0
O011599,2025-09-03,C0150,P014,4,1059.0,South,4236.0
O011600,2025-12-07,C0052,P013,2,797.0,West,1594.0
O011601,2026-04-16,C0243,P005,3,1124.0,West,3372.0
O011602,2026-03-30,C0219,P009,1,485.0,East,485.0
O011603,2025-01-07,C0006,P011,1,508.0,North,508.0
O011604,2025-07-07,C0458,P007,1,995.0,South,995.0
O011605,2025-01-04,C0109,P002,2,235.0,North,470.0
O011606,2025-05-05,C0351,P012,4,66.0,East,264.0
O011607,2025-01-15,C0409,P005,4,1124.0,West,4496.0
O011608,2026-06-09,C0066,P002,1,235.0,East,235.0
O011609,2025-08-28,C0010,P014,2,1059.0,West,2118.0
O011610,2025-12-26,C0202,P007,2,995.0,North,1990.0
O011611,2026-06-02,C0282,P005,2,1124.0,South,2248.0
O011612,2025-11-16,C0389,P004,4,680.0,West,2720.0
O011613,2025-08-19,C0214,P010,1,1132.0,North,1132.0
O011614,2025-01-30,C0068,P016,4,420.0,West,1680.0
O011615,2026-06-18,C0247,P006,3,393.0,South,1179.0
O011616,2025-06-05,C0354,P006,2,393.0,North,786.0
O011617,2026-02-03,C0327,P009,3,485.0,East,1455.0
O011618,2025-12-12,C0050,P001,1,31.0,North,31.0
O011619,2025-07-14,C0017,P016,1,420.0,South,420.0
O011620,2025-06-17,C0011,P017,4,1000.0,North,4000.0
O011621,2026-01-12,C0309,P013,1,797.0,West,797.0
O011622,2026-05-04,C0306,P006,1,393.0,West,393.0
O011623,2025-12-28,C0392,P002,4,235.0,South,940.0
O011624,2026-04-27,C0476,P008,4,729.0,West,2916.0
O011625,2025-09-01,C0124,P004,4,680.0,North,2720.0
O011626,2025-06-20,C0492,P009,4,485.0,East,1940.0
O011627,2026-05-28,C0225,P007,1,995.0,South,995.0
O011628,2026-02-10,C0244,P001,3,31.0,South,93.0
O011629,2025-07-26,C0318,P014,4,1059.0,North,4236.0
O011630,2025-06-03,C0473,P002,1,235.0,North,235.0
O011631,2025-02-17,C0469,P008,1,729.0,North,729.0
O011632,2025-01-01,C0332,P011,1,508.0,West,508.0
O011633,2026-02-11,C0379,P005,1,1124.0,West,1124.0
O011634,2025-04-17,C0346,P018,1,1129.0,East,1129.0
O011635,2025-06-22,C0029,P012,4,66.0,East,264.0
O011636,2026-05-21,C0358,P020,4,410.0,East,1640.0
O011637,2025-05-10,C0483,P019,2,269.0,South,538.0
O011638,2026-02-02,C0357,P005,2,1124.0,North,2248.0
O011639,2025-10-21,C0366,P007,4,995.0,South,3980.0
O011640,2026-03-23,C0428,P002,2,235.0,West,470.0
O011641,2025-01-16,C0365,P017,4,1000.0,West,4000.0
O011642,2025-12-15,C0429,P013,3,797.0,South,2391.0
O011643,2025-07-22,C0285,P011,4,508.0,East,2032.0
O011644,2025-05-14,C0497,P005,1,1124.0,East,1124.0
O011645,2026-06-10,C0472,P013,3,797.0,West,2391.0
O011646,2026-05-23,C0059,P013,3,797.0,North,2391.0
O011647,2025-03-07,C0143,P008,1,729.0,South,729.0
O011648,2026-04-25,C0326,P011,1,508.0,West,508.0
O011649,2026-04-04,C0352,P008,2,729.0,West,1458.0
O011650,2025-12-08,C0300,P010,1,1132.0,North,1132.0
O011651,2025-06-08,C0226,P011,4,508.0,North,2032.0
O011652,2025-06-10,C0164,P001,4,31.0,East,124.0
O011653,2025-09-11,C0084,P007,2,995.0,North,1990.0
O011654,2026-06-11,C0377,P008,3,729.0,West,2187.0
O011655,2025-06-04,C0313,P006,3,393.0,North,1179.0
O011656,2026-05-01,C0117,P014,2,1059.0,West,2118.0
O011657,2026-03-08,C0320,P020,4,410.0,South,1640.0
O011658,2025-01-27,C0204,P007,2,995.0,West,1990.0
O011659,2025-01-12,C0355,P003,4,358.0,North,1432.0
O011660,2025-03-08,C0497,P002,4,235.0,East,940.0
O011661,2026-06-26,C0294,P018,1,1129.0,South,1129.0
O011662,2025-04-06,C0145,P003,2,358.0,South,716.0
O011663,2025-08-03,C0027,P014,2,1059.0,North,2118.0
O011664,2025-07-13,C0017,P018,4,1129.0,South,4516.0
O011665,2025-10-17,C0063,P013,4,797.0,West,3188.0
O011666,2026-06-28,C0267,P008,1,729.0,East,729.0
O011667,2025-02-08,C0064,P004,4,680.0,South,2720.0
O011668,2025-07-25,C0039,P015,4,730.0,East,2920.0
O011669,2026-04-29,C0130,P012,3,66.0,East,198.0
O011670,2025-12-03,C0115,P014,2,1059.0,East,2118.0
O011671,2026-05-11,C0450,P020,1,410.0,North,410.0
O011672,2025-09-06,C0438,P007,1,995.0,West,995.0
O011673,2025-03-15,C0413,P012,4,66.0,West,264.0
O011674,2026-01-08,C0045,P009,2,485.0,South,970.0
O011675,2025-05-18,C0216,P010,3,1132.0,North,3396.0
O011676,2026-04-02,C0088,P008,1,729.0,East,729.0
O011677,2026-03-20,C0336,P020,4,410.0,North,1640.0
O011678,2025-12-19,C0415,P002,2,235.0,East,470.0
O011679,2026-02-15,C0177,P016,3,420.0,East,1260.0
O011680,2026-06-22,C0491,P018,2,1129.0,South,2258.0
O011681,2026-03-29,C0265,P020,1,410.0,West,410.0
O011682,2026-02-23,C0411,P010,4,1132.0,South,4528.0
O011683,2026-03-26,C0440,P006,4,393.0,North,1572.0
O011684,2025-04-25,C0105,P006,1,393.0,West,393.0
O011685,2025-02-20,C0381,P020,1,410.0,North,410.0
O011686,2026-01-04,C0334,P013,2,797.0,North,1594.0
O011687,2026-05-30,C0301,P019,1,269.0,North,269.0
O011688,2025-07-29,C0473,P017,2,1000.0,North,2000.0
O011689,2026-03-11,C0171,P002,4,235.0,East,940.0
O011690,2025-08-15,C0108,P018,3,1129.0,West,3387.0
O011691,2025-09-25,C0406,P007,4,995.0,West,3980.0
O011692,2025-04-26,C0355,P014,4,1059.0,North,4236.0
O011693,2025-12-26,C0161,P015,3,730.0,South,2190.0
O011694,2025-11-25,C0283,P008,3,729.0,South,2187.0
O011695,2025-02-09,C0040,P009,3,485.0,South,1455.0
O011696,2025-07-01,C0026,P011,4,508.0,West,2032.0
O011697,2026-05-05,C0083,P003,1,358.0,South,358.0
O011698,2025-07-28,C0173,P020,4,410.0,East,1640.0
O011699,2025-09-30,C0487,P014,1,1059.0,North,1059.0
O011700,2025-04-29,C0173,P008,2,729.0,East,1458.0
O011701,2026-01-17,C0282,P003,4,358.0,South,1432.0
O011702,2026-06-20,C0070,P018,3,1129.0,West,3387.0
O011703,2025-09-15,C0323,P014,4,1059.0,East,4236.0
O011704,2026-04-28,C0006,P020,4,410.0,North,1640.0
O011705,2026-05-24,C0284,P008,3,729.0,North,2187.0
O011706,2025-04-02,C0195,P017,2,1000.0,South,2000.0
O011707,2025-06-10,C0013,P008,2,729.0,West,1458.0
O011708,2025-05-29,C0063,P005,2,1124.0,West,2248.0
O011709,2025-04-27,C0013,P012,2,66.0,West,132.0
O011710,2026-04-03,C0249,P002,2,235.0,West,470.0
O011711,2025-02-14,C0205,P017,4,1000.0,East,4000.0
O011712,2025-08-22,C0385,P013,3,797.0,West,2391.0
O011713,2026-01-10,C0253,P014,1,1059.0,West,1059.0
O011714,2025-07-16,C0040,P009,3,485.0,South,1455.0
O011715,2025-01-25,C0165,P009,2,485.0,North,970.0
O011716,2026-01-30,C0031,P009,1,485.0,East,485.0
O011717,2025-02-05,C0500,P020,3,410.0,West,1230.0
O011718,2026-04-19,C0017,P006,2,393.0,South,786.0
O011719,2025-08-11,C0137,P012,1,66.0,East,66.0
O011720,2026-06-14,C0365,P010,1,1132.0,West,1132.0
O011721,2025-07-07,C0320,P005,2,1124.0,South,2248.0
O011722,2026-02-06,C0313,P018,1,1129.0,North,1129.0
O011723,2025-09-14,C0397,P007,3,995.0,West,2985.0
O011724,2025-05-16,C0165,P013,3,797.0,North,2391.0
O011725,2026-03-20,C0398,P001,3,31.0,South,93.0
O011726,2026-02-22,C0459,P006,1,393.0,North,393.0
O011727,2025-10-19,C0281,P008,1,729.0,West,729.0
O011728,2025-05-09,C0223,P009,2,485.0,North,970.0
O011729,2025-12-07,C0122,P007,2,995.0,West,1990.0
O011730,2025-09-14,C0078,P010,1,1132.0,North,1132.0
O011731,2025-04-10,C0313,P008,3,729.0,North,2187.0
O011732,2025-02-08,C0327,P002,1,235.0,East,235.0
O011733,2025-09-20,C0088,P018,4,1129.0,East,4516.0
O011734,2025-05-30,C0113,P015,3,730.0,West,2190.0
O011735,2025-11-26,C0100,P006,4,393.0,North,1572.0
O011736,2025-04-30,C0426,P014,2,1059.0,East,2118.0
O011737,2025-08-07,C0426,P018,1,1129.0,East,1129.0
O011738,2025-05-03,C0303,P003,4,358.0,East,1432.0
O011739,2025-09-01,C0372,P001,1,31.0,North,31.0
O011740,2026-06-02,C0428,P001,2,31.0,West,62.0
O011741,2025-01-21,C0425,P014,1,1059.0,North,1059.0
O011742,2025-07-09,C0387,P001,3,31.0,South,93.0
O011743,2025-08-13,C0239,P001,2,31.0,East,62.0
O011744,2026-04-11,C0492,P004,3,680.0,East,2040.0
O011745,2025-04-09,C0346,P012,2,66.0,East,132.0
O011746,2025-12-29,C0111,P015,3,730.0,South,2190.0
O011747,2025-03-24,C0090,P004,2,680.0,South,1360.0
O011748,2025-02-25,C0385,P010,3,1132.0,West,3396.0
O011749,2025-01-22,C0463,P011,1,508.0,West,508.0
O011750,2025-07-04,C0139,P006,3,393.0,South,1179.0
O011751,2026-06-06,C0485,P010,4,1132.0,East,4528.0
O011752,2025-09-21,C0135,P012,4,66.0,West,264.0
O011753,2025-08-13,C0012,P003,1,358.0,West,358.0
O011754,2025-02-07,C0244,P015,1,730.0,South,730.0
O011755,2025-05-03,C0422,P016,1,420.0,West,420.0
O011756,2025-06-05,C0182,P010,4,1132.0,North,4528.0
O011757,2025-10-28,C0195,P011,3,508.0,South,1524.0
O011758,2025-03-08,C0362,P016,1,420.0,East,420.0
O011759,2026-01-29,C0122,P017,3,1000.0,West,3000.0
O011760,2026-02-09,C0053,P014,2,1059.0,West,2118.0
O011761,2026-03-25,C0474,P016,3,420.0,West,1260.0
O011762,2025-05-11,C0478,P014,3,1059.0,East,3177.0
O011763,2025-03-10,C0416,P006,4,393.0,South,1572.0
O011764,2025-12-11,C0356,P010,3,1132.0,East,3396.0
O011765,2025-11-16,C0173,P017,4,1000.0,East,4000.0
O011766,2025-06-26,C0179,P010,2,1132.0,West,2264.0
O011767,2026-06-13,C0293,P010,4,1132.0,West,4528.0
O011768,2025-06-09,C0375,P014,2,1059.0,North,2118.0
O011769,2026-06-17,C0059,P020,2,410.0,North,820.0
O011770,2025-05-15,C0054,P017,1,1000.0,West,1000.0
O011771,2025-04-21,C0402,P009,3,485.0,West,1455.0
O011772,2025-10-10,C0257,P015,3,730.0,West,2190.0
O011773,2026-06-04,C0245,P007,1,995.0,North,995.0
O011774,2025-07-13,C0149,P002,1,235.0,North,235.0
O011775,2025-02-16,C0284,P004,3,680.0,North,2040.0
O011776,2025-12-08,C0368,P020,1,410.0,West,410.0
O011777,2025-08-30,C0016,P018,1,1129.0,North,1129.0
O011778,2026-06-06,C0176,P011,2,508.0,North,1016.0
O011779,2026-01-05,C0028,P005,1,1124.0,East,1124.0
O011780,2025-05-11,C0406,P008,1,729.0,West,729.0
O011781,2025-09-27,C0467,P020,4,410.0,South,1640.0
O011782,2025-03-02,C0368,P005,3,1124.0,West,3372.0
O011783,2025-06-13,C0129,P002,4,235.0,North,940.0
O011784,2026-06-09,C0223,P005,1,1124.0,North,1124.0
O011785,2025-09-29,C0372,P003,1,358.0,North,358.0
O011786,2025-05-13,C0244,P012,4,66.0,South,264.0
O011787,2025-09-01,C0426,P019,1,269.0,East,269.0
O011788,2026-03-10,C0354,P007,2,995.0,North,1990.0
O011789,2025-02-07,C0238,P019,4,269.0,North,1076.0
O011790,2025-11-15,C0232,P004,4,680.0,East,2720.0
O011791,2026-05-25,C0326,P014,3,1059.0,West,3177.0
O011792,2026-01-11,C0092,P019,4,269.0,West,1076.0
O011793,2026-04-19,C0003,P018,2,1129.0,West,2258.0
O011794,2025-02-28,C0479,P007,1,995.0,West,995.0
O011795,2026-05-14,C0464,P015,4,730.0,East,2920.0
O011796,2025-08-06,C0081,P001,4,31.0,West,124.0
O011797,2025-05-09,C0044,P012,3,66.0,West,198.0
O011798,2026-01-18,C0155,P019,3,269.0,West,807.0
O011799,2026-01-23,C0435,P006,1,393.0,North,393.0
O011800,2025-03-26,C0024,P013,4,797.0,South,3188.0
O011801,2026-05-25,C0404,P006,2,393.0,West,786.0
O011802,2026-03-13,C0416,P013,1,797.0,South,797.0
O011803,2025-10-20,C0099,P015,2,730.0,North,1460.0
O011804,2025-02-18,C0397,P016,4,420.0,West,1680.0
O011805,2025-03-08,C0368,P008,1,729.0,West,729.0
O011806,2025-05-09,C0171,P013,3,797.0,East,2391.0
O011807,2025-01-29,C0148,P013,3,797.0,East,2391.0
O011808,2025-12-09,C0123,P020,2,410.0,South,820.0
O011809,2026-06-29,C0112,P020,1,410.0,North,410.0
O011810,2025-04-29,C0500,P012,2,66.0,West,132.0
O011811,2025-05-13,C0130,P019,3,269.0,East,807.0
O011812,2025-11-23,C0068,P017,4,1000.0,West,4000.0
O011813,2025-07-04,C0347,P003,3,358.0,East,1074.0
O011814,2026-05-21,C0316,P015,4,730.0,East,2920.0
O011815,2026-06-18,C0217,P017,2,1000.0,South,2000.0
O011816,2025-08-29,C0388,P006,2,393.0,North,786.0
O011817,2026-05-31,C0380,P019,2,269.0,South,538.0
O011818,2025-06-14,C0096,P012,4,66.0,South,264.0
O011819,2025-08-06,C0145,P004,2,680.0,South,1360.0
O011820,2025-01-05,C0385,P012,2,66.0,West,132.0
O011821,2025-03-22,C0033,P002,1,235.0,North,235.0
O011822,2025-09-04,C0286,P007,4,995.0,North,3980.0
O011823,2026-05-08,C0005,P016,2,420.0,North,840.0
O011824,2026-01-21,C0118,P012,2,66.0,North,132.0
O011825,2025-11-03,C0140,P016,4,420.0,West,1680.0
O011826,2026-06-27,C0230,P014,4,1059.0,East,4236.0
O011827,2025-01-07,C0160,P001,3,31.0,West,93.0
O011828,2026-05-30,C0294,P009,3,485.0,South,1455.0
O011829,2025-03-14,C0249,P007,1,995.0,West,995.0
O011830,2025-01-10,C0273,P005,2,1124.0,West,2248.0
O011831,2025-05-02,C0186,P010,4,1132.0,East,4528.0
O011832,2026-05-28,C0365,P010,2,1132.0,West,2264.0
O011833,2026-03-17,C0040,P018,3,1129.0,South,3387.0
O011834,2025-02-07,C0224,P007,3,995.0,South,2985.0
O011835,2025-12-11,C0152,P018,3,1129.0,North,3387.0
O011836,2025-12-04,C0140,P013,4,797.0,West,3188.0
O011837,2025-07-03,C0367,P011,2,508.0,West,1016.0
O011838,2025-03-08,C0128,P010,4,1132.0,West,4528.0
O011839,2025-01-17,C0351,P009,2,485.0,East,970.0
O011840,2026-01-18,C0147,P015,1,730.0,East,730.0
O011841,2026-01-03,C0285,P014,3,1059.0,East,3177.0
O011842,2025-11-12,C0469,P003,3,358.0,North,1074.0
O011843,2026-05-12,C0218,P014,3,1059.0,West,3177.0
O011844,2025-12-11,C0436,P016,3,420.0,West,1260.0
O011845,2026-04-18,C0220,P003,2,358.0,West,716.0
O011846,2025-04-25,C0145,P008,3,729.0,South,2187.0
O011847,2025-04-10,C0329,P002,2,235.0,South,470.0
O011848,2026-03-14,C0277,P002,1,235.0,West,235.0
O011849,2025-12-11,C0242,P018,3,1129.0,West,3387.0
O011850,2025-12-15,C0060,P007,3,995.0,South,2985.0
O011851,2025-05-19,C0098,P017,4,1000.0,South,4000.0
O011852,2025-11-20,C0331,P006,4,393.0,South,1572.0
O011853,2025-10-29,C0375,P010,2,1132.0,North,2264.0
O011854,2025-10-21,C0404,P007,2,995.0,West,1990.0
O011855,2026-06-13,C0369,P004,1,680.0,North,680.0
O011856,2025-10-19,C0181,P011,2,508.0,South,1016.0
O011857,2025-03-15,C0114,P016,1,420.0,West,420.0
O011858,2026-04-29,C0495,P017,3,1000.0,South,3000.0
O011859,2025-01-16,C0103,P006,3,393.0,South,1179.0
O011860,2026-06-10,C0336,P020,3,410.0,North,1230.0
O011861,2025-12-02,C0319,P019,2,269.0,North,538.0
O011862,2026-05-31,C0057,P020,2,410.0,North,820.0
O011863,2025-05-07,C0285,P018,3,1129.0,East,3387.0
O011864,2026-06-02,C0129,P015,4,730.0,North,2920.0
O011865,2025-05-09,C0380,P002,3,235.0,South,705.0
O011866,2026-05-26,C0466,P019,1,269.0,South,269.0
O011867,2026-02-27,C0315,P006,4,393.0,West,1572.0
O011868,2026-01-20,C0448,P012,4,66.0,West,264.0
O011869,2025-08-20,C0086,P001,2,31.0,South,62.0
O011870,2025-07-14,C0200,P011,2,508.0,West,1016.0
O011871,2025-03-06,C0071,P019,1,269.0,West,269.0
O011872,2025-10-04,C0345,P004,3,680.0,South,2040.0
O011873,2025-08-12,C0478,P019,3,269.0,East,807.0
O011874,2025-10-05,C0098,P006,2,393.0,South,786.0
O011875,2026-01-01,C0300,P008,2,729.0,North,1458.0
O011876,2026-05-31,C0176,P009,3,485.0,North,1455.0
O011877,2025-08-03,C0233,P010,4,1132.0,East,4528.0
O011878,2026-03-15,C0372,P010,1,1132.0,North,1132.0
O011879,2026-03-04,C0075,P010,1,1132.0,West,1132.0
O011880,2026-01-31,C0143,P004,1,680.0,South,680.0
O011881,2025-07-28,C0419,P018,2,1129.0,East,2258.0
O011882,2026-05-16,C0023,P012,4,66.0,South,264.0
O011883,2026-04-08,C0181,P011,1,508.0,South,508.0
O011884,2025-08-15,C0045,P016,4,420.0,South,1680.0
O011885,2026-01-10,C0469,P019,2,269.0,North,538.0
O011886,2026-05-15,C0092,P011,2,508.0,West,1016.0
O011887,2025-04-03,C0269,P004,3,680.0,South,2040.0
O011888,2026-04-05,C0034,P012,4,66.0,West,264.0
O011889,2025-11-17,C0166,P017,4,1000.0,West,4000.0
O011890,2025-01-10,C0070,P013,4,797.0,West,3188.0
O011891,2025-10-30,C0364,P004,3,680.0,East,2040.0
O011892,2025-11-18,C0196,P006,1,393.0,South,393.0
O011893,2026-04-01,C0133,P007,1,995.0,North,995.0
O011894,2025-10-05,C0247,P008,2,729.0,South,1458.0
O011895,2026-06-22,C0382,P002,3,235.0,East,705.0
O011896,2026-01-28,C0168,P009,4,485.0,North,1940.0
O011897,2025-04-05,C0454,P010,3,1132.0,West,3396.0
O011898,2025-04-17,C0277,P019,2,269.0,West,538.0
O011899,2026-01-25,C0156,P001,1,31.0,North,31.0
O011900,2026-06-10,C0387,P016,1,420.0,South,420.0
O011901,2025-03-12,C0023,P018,2,1129.0,South,2258.0
O011902,2026-01-11,C0200,P008,3,729.0,West,2187.0
O011903,2026-01-03,C0275,P010,2,1132.0,East,2264.0
O011904,2025-02-20,C0459,P011,4,508.0,North,2032.0
O011905,2025-05-23,C0050,P017,4,1000.0,North,4000.0
O011906,2026-02-23,C0458,P007,2,995.0,South,1990.0
O011907,2026-05-15,C0186,P003,4,358.0,East,1432.0
O011908,2025-06-16,C0476,P007,4,995.0,West,3980.0
O011909,2025-09-17,C0020,P006,1,393.0,South,393.0
O011910,2025-07-11,C0492,P003,3,358.0,East,1074.0
O011911,2025-07-21,C0116,P008,1,729.0,West,729.0
O011912,2025-07-04,C0092,P001,1,31.0,West,31.0
O011913,2025-06-07,C0349,P005,3,1124.0,South,3372.0
O011914,2025-04-09,C0456,P019,1,269.0,South,269.0
O011915,2025-08-29,C0339,P013,4,797.0,South,3188.0
O011916,2026-05-06,C0053,P011,2,508.0,West,1016.0
O011917,2025-07-21,C0496,P011,2,508.0,South,1016.0
O011918,2026-05-24,C0123,P002,3,235.0,South,705.0
O011919,2025-04-06,C0341,P009,2,485.0,South,970.0
O011920,2026-05-05,C0338,P002,1,235.0,West,235.0
O011921,2025-08-06,C0265,P019,2,269.0,West,538.0
O011922,2026-06-11,C0004,P012,2,66.0,East,132.0
O011923,2025-09-30,C0169,P009,1,485.0,North,485.0
O011924,2025-08-07,C0281,P009,4,485.0,West,1940.0
O011925,2025-11-28,C0290,P010,4,1132.0,East,4528.0
O011926,2026-03-29,C0073,P005,2,1124.0,North,2248.0
O011927,2025-06-01,C0137,P009,3,485.0,East,1455.0
O011928,2025-12-13,C0338,P018,1,1129.0,West,1129.0
O011929,2026-02-18,C0256,P010,2,1132.0,East,2264.0
O011930,2026-06-11,C0459,P017,2,1000.0,North,2000.0
O011931,2026-03-07,C0141,P010,3,1132.0,West,3396.0
O011932,2026-01-14,C0486,P014,1,1059.0,West,1059.0
O011933,2026-03-04,C0393,P004,2,680.0,South,1360.0
O011934,2025-03-25,C0208,P010,3,1132.0,East,3396.0
O011935,2025-07-11,C0260,P018,1,1129.0,North,1129.0
O011936,2025-02-10,C0418,P005,1,1124.0,South,1124.0
O011937,2025-11-05,C0263,P009,2,485.0,North,970.0
O011938,2026-01-13,C0271,P006,3,393.0,West,1179.0
O011939,2025-05-16,C0038,P016,3,420.0,North,1260.0
O011940,2025-04-16,C0203,P016,2,420.0,North,840.0
O011941,2026-06-03,C0224,P011,2,508.0,South,1016.0
O011942,2026-06-26,C0347,P015,2,730.0,East,1460.0
O011943,2025-05-06,C0478,P019,3,269.0,East,807.0
O011944,2025-12-23,C0052,P003,1,358.0,West,358.0
O011945,2026-02-04,C0081,P016,2,420.0,West,840.0
O011946,2025-03-20,C0356,P020,4,410.0,East,1640.0
O011947,2026-01-24,C0211,P005,4,1124.0,East,4496.0
O011948,2026-06-19,C0007,P009,2,485.0,North,970.0
O011949,2025-03-15,C0363,P005,4,1124.0,South,4496.0
O011950,2025-01-05,C0045,P004,1,680.0,South,680.0
O011951,2026-04-08,C0315,P013,1,797.0,West,797.0
O011952,2025-03-23,C0378,P020,4,410.0,North,1640.0
O011953,2026-06-21,C0277,P017,3,1000.0,West,3000.0
O011954,2026-02-09,C0412,P020,2,410.0,West,820.0
O011955,2026-05-29,C0259,P012,3,66.0,East,198.0
O011956,2025-10-05,C0142,P020,1,410.0,South,410.0
O011957,2025-08-12,C0258,P020,4,410.0,East,1640.0
O011958,2025-03-09,C0285,P007,2,995.0,East,1990.0
O011959,2025-11-16,C0402,P001,4,31.0,West,124.0
O011960,2025-01-19,C0037,P016,4,420.0,South,1680.0
O011961,2025-12-09,C0429,P007,3,995.0,South,2985.0
O011962,2025-12-09,C0045,P002,3,235.0,South,705.0
O011963,2025-04-07,C0408,P012,4,66.0,North,264.0
O011964,2025-02-21,C0120,P011,1,508.0,East,508.0
O011965,2025-06-24,C0046,P008,2,729.0,East,1458.0
O011966,2025-12-04,C0140,P001,4,31.0,West,124.0
O011967,2025-12-19,C0053,P003,4,358.0,West,1432.0
O011968,2026-01-26,C0301,P008,4,729.0,North,2916.0
O011969,2025-04-25,C0288,P008,4,729.0,East,2916.0
O011970,2025-12-14,C0274,P011,3,508.0,West,1524.0
O011971,2025-01-01,C0269,P005,3,1124.0,South,3372.0
O011972,2025-03-04,C0388,P008,1,729.0,North,729.0
O011973,2025-08-14,C0279,P009,2,485.0,West,970.0
O011974,2026-02-27,C0062,P017,4,1000.0,South,4000.0
O011975,2025-01-19,C0054,P005,1,1124.0,West,1124.0
O011976,2025-01-31,C0458,P019,3,269.0,South,807.0
O011977,2025-01-24,C0439,P019,2,269.0,West,538.0
O011978,2025-07-30,C0069,P002,1,235.0,North,235.0
O011979,2025-06-10,C0242,P019,2,269.0,West,538.0
O011980,2025-09-12,C0424,P015,2,730.0,South,1460.0
O011981,2025-04-24,C0270,P008,2,729.0,South,1458.0
O011982,2026-05-19,C0252,P008,3,729.0,South,2187.0
O011983,2025-08-08,C0354,P001,4,31.0,North,124.0
O011984,2025-12-23,C0284,P014,2,1059.0,North,2118.0
O011985,2025-06-18,C0456,P011,1,508.0,South,508.0
O011986,2026-06-08,C0464,P007,2,995.0,East,1990.0
O011987,2025-08-30,C0351,P018,2,1129.0,East,2258.0
O011988,2026-01-10,C0071,P015,3,730.0,West,2190.0
O011989,2025-05-19,C0323,P010,1,1132.0,East,1132.0
O011990,2025-04-07,C0413,P004,2,680.0,West,1360.0
O011991,2025-05-27,C0100,P001,3,31.0,North,93.0
O011992,2025-07-01,C0061,P014,3,1059.0,South,3177.0
O011993,2025-02-26,C0103,P020,4,410.0,South,1640.0
O011994,2025-02-11,C0452,P020,4,410.0,East,1640.0
O011995,2026-06-27,C0393,P009,4,485.0,South,1940.0
O011996,2025-01-02,C0119,P013,2,797.0,West,1594.0
O011997,2025-10-15,C0017,P017,2,1000.0,South,2000.0
O011998,2025-05-18,C0305,P020,2,410.0,West,820.0
O011999,2026-05-27,C0191,P004,3,680.0,North,2040.0
O012000,2025-08-10,C0212,P005,2,1124.0,East,2248.0
